timestamp,temperature,pressure,humidity,accel,latitude,longitude,altitude,liftoffTime,deployTime
4.587,18.74,1029.586,53.665,9.18,0.0,0.0,0.0,0.0,0.0
4.678,18.74,1029.595,53.631,9.14,0.0,0.0,0.0,0.0,0.0
4.762,18.76,1029.649,53.71,9.27,0.0,0.0,0.0,0.0,0.0
4.896,18.76,1029.689,53.654,9.39,0.0,0.0,0.0,0.0,0.0
5.232,18.81,1029.712,53.595,9.5,0.0,0.0,0.0,0.0,0.0
5.309,18.78,1029.703,53.691,9.58,0.0,0.0,0.0,0.0,0.0
5.426,18.78,1029.715,53.636,9.61,0.0,0.0,0.0,0.0,0.0
5.549,18.78,1029.71,53.613,9.78,0.0,0.0,0.0,0.0,0.0
5.636,18.76,1029.68,53.6,9.73,0.0,0.0,0.0,0.0,0.0
5.708,18.76,1029.686,53.6,9.81,0.0,0.0,0.0,0.0,0.0
5.977,18.79,1029.746,53.637,9.89,0.0,0.0,0.0,0.0,0.0
6.111,18.86,1029.839,53.767,10.06,0.0,0.0,0.0,0.0,0.0
6.2,18.84,1029.814,53.61,9.68,0.0,0.0,0.0,0.0,0.0
6.249,18.82,1029.768,53.653,9.72,0.0,0.0,0.0,0.0,0.0
6.519,18.8,1029.714,53.616,9.61,0.0,0.0,0.0,0.0,0.0
6.663,18.81,1029.711,53.661,9.62,0.0,0.0,0.0,0.0,0.0
6.817,18.83,1029.798,53.686,9.3,0.0,0.0,0.0,0.0,0.0
6.932,18.85,1029.777,53.633,9.29,0.0,0.0,0.0,0.0,0.0
7.012,18.86,1029.777,53.667,9.09,0.0,0.0,0.0,0.0,0.0
7.173,18.87,1029.803,53.78,9.05,0.0,0.0,0.0,0.0,0.0
7.41,18.79,1029.638,53.648,8.95,0.0,0.0,0.0,0.0,0.0
7.462,18.77,1029.586,53.667,9.11,0.0,0.0,0.0,0.0,0.0
7.58,18.76,1029.59,53.667,9.0,0.0,0.0,0.0,0.0,0.0
7.713,18.78,1029.637,53.658,9.06,0.0,0.0,0.0,0.0,0.0
7.774,18.81,1029.697,53.661,9.19,0.0,0.0,0.0,0.0,0.0
7.885,18.84,1029.704,53.644,9.12,0.0,0.0,0.0,0.0,0.0
8.059,18.86,1029.734,53.645,9.32,0.0,0.0,0.0,0.0,0.0
8.24,18.78,1029.591,53.625,9.4,0.0,0.0,0.0,0.0,0.0
8.411,18.76,1029.576,53.733,9.41,0.0,0.0,0.0,0.0,0.0
8.538,18.77,1029.6,53.635,9.59,0.0,0.0,0.0,0.0,0.0
8.659,18.76,1029.606,53.622,9.51,0.0,0.0,0.0,0.0,0.0
8.77,18.78,1029.621,53.658,9.4,0.0,0.0,0.0,0.0,0.0
8.966,18.85,1029.7,53.666,9.35,0.0,0.0,0.0,0.0,0.0
9.215,18.81,1029.606,53.694,9.35,0.0,0.0,0.0,0.0,0.0
9.33,18.84,1029.761,53.633,9.27,0.0,0.0,0.0,0.0,0.0
9.436,18.86,1029.798,53.733,9.25,0.0,0.0,0.0,0.0,0.0
9.522,18.86,1029.742,53.635,9.21,0.0,0.0,0.0,0.0,0.0
9.625,18.88,1029.81,53.659,9.18,0.0,0.0,0.0,0.0,0.0
9.723,18.89,1029.806,53.605,9.25,0.0,0.0,0.0,0.0,0.0
9.966,18.85,1029.729,53.71,9.24,0.0,0.0,0.0,0.0,0.0
10.268,18.81,1029.684,53.673,9.53,0.0,0.0,0.0,0.0,0.0
10.381,18.8,1029.694,53.671,9.4,0.0,0.0,0.0,0.0,0.0
10.464,18.82,1029.761,53.642,9.52,0.0,0.0,0.0,0.0,0.0
10.586,18.83,1029.762,53.676,9.51,0.0,0.0,0.0,0.0,0.0
10.72,18.85,1029.769,53.699,9.51,0.0,0.0,0.0,0.0,0.0
10.959,18.8,1029.666,53.638,9.55,0.0,0.0,0.0,0.0,0.0
11.114,18.79,1029.661,53.67,9.63,0.0,0.0,0.0,0.0,0.0
11.235,18.79,1029.631,53.637,9.63,0.0,0.0,0.0,0.0,0.0
11.469,18.79,1029.684,53.671,9.55,0.0,0.0,0.0,0.0,0.0
11.883,18.83,1029.676,53.675,9.45,0.0,0.0,0.0,0.0,0.0
11.976,18.8,1029.635,53.749,9.43,0.0,0.0,0.0,0.0,0.0
12.112,18.82,1029.667,53.585,9.33,0.0,0.0,0.0,0.0,0.0
12.262,18.81,1029.687,53.696,9.21,0.0,0.0,0.0,0.0,0.0
12.607,18.89,1029.786,53.682,9.19,0.0,0.0,0.0,0.0,0.0
12.737,18.89,1029.799,53.627,9.26,0.0,0.0,0.0,0.0,0.0
12.834,18.89,1029.756,53.701,9.27,0.0,0.0,0.0,0.0,0.0
12.968,18.87,1029.749,53.714,9.29,0.0,0.0,0.0,0.0,0.0
13.078,18.83,1029.675,53.676,9.29,0.0,0.0,0.0,0.0,0.0
13.275,18.87,1029.781,53.691,9.45,0.0,0.0,0.0,0.0,0.0
13.365,18.87,1029.784,53.714,9.34,0.0,0.0,0.0,0.0,0.0
13.653,18.91,1029.826,53.752,9.5,0.0,0.0,0.0,0.0,0.0
13.814,18.82,1029.678,53.664,9.52,0.0,0.0,0.0,0.0,0.0
14.039,18.82,1029.673,53.686,9.59,0.0,0.0,0.0,0.0,0.0
14.153,18.81,1029.71,53.674,9.55,0.0,0.0,0.0,0.0,0.0
14.292,18.86,1029.753,53.689,9.59,0.0,0.0,0.0,0.0,0.0
14.36,18.92,1029.811,53.675,9.63,0.0,0.0,0.0,0.0,0.0
14.471,18.86,1029.709,53.656,9.42,0.0,0.0,0.0,0.0,0.0
14.581,18.85,1029.656,53.61,9.57,0.0,0.0,0.0,0.0,0.0
14.668,18.85,1029.678,53.677,9.51,0.0,0.0,0.0,0.0,0.0
14.858,18.82,1029.617,53.664,9.54,0.0,0.0,0.0,0.0,0.0
15.155,18.83,1029.654,53.708,9.39,0.0,0.0,0.0,0.0,0.0
15.318,18.93,1029.806,53.753,9.43,0.0,0.0,0.0,0.0,0.0
15.437,18.86,1029.68,53.705,9.4,0.0,0.0,0.0,0.0,0.0
15.523,18.9,1029.743,53.693,9.31,0.0,0.0,0.0,0.0,0.0
15.618,18.89,1029.683,53.727,9.36,0.0,0.0,0.0,0.0,0.0
15.915,18.86,1029.618,53.68,9.43,0.0,0.0,0.0,0.0,0.0
16.074,18.91,1029.777,53.641,9.32,0.0,0.0,0.0,0.0,0.0
16.169,18.91,1029.786,53.707,9.3,0.0,0.0,0.0,0.0,0.0
16.295,18.93,1029.792,53.697,9.36,0.0,0.0,0.0,0.0,0.0
16.451,18.93,1029.834,53.755,9.38,0.0,0.0,0.0,0.0,0.0
16.554,18.93,1029.76,53.744,9.4,0.0,0.0,0.0,0.0,0.0
16.638,18.85,1029.641,53.677,9.39,0.0,0.0,0.0,0.0,0.0
16.722,18.85,1029.631,53.677,9.2,0.0,0.0,0.0,0.0,0.0
16.867,18.86,1029.651,53.68,9.24,0.0,0.0,0.0,0.0,0.0
17.056,18.89,1029.667,53.627,9.19,0.0,0.0,0.0,0.0,0.0
17.179,18.85,1029.598,53.776,9.06,0.0,0.0,0.0,0.0,0.0
17.262,18.86,1029.609,53.668,9.01,0.0,0.0,0.0,0.0,0.0
17.68,18.86,1029.633,53.756,9.08,0.0,0.0,0.0,0.0,0.0
17.764,18.84,1029.615,53.677,9.25,0.0,0.0,0.0,0.0,0.0
17.924,18.85,1029.654,53.755,9.3,0.0,0.0,0.0,0.0,0.0
18.014,18.84,1029.629,53.633,9.24,0.0,0.0,0.0,0.0,0.0
18.252,18.9,1029.715,53.716,9.52,0.0,0.0,0.0,0.0,0.0
18.313,18.9,1029.727,53.639,9.38,0.0,0.0,0.0,0.0,0.0
18.563,18.86,1029.657,53.678,9.7,0.0,0.0,0.0,0.0,0.0
18.766,18.93,1029.843,53.742,9.77,0.0,0.0,0.0,0.0,0.0
18.869,18.94,1029.829,53.777,9.75,0.0,0.0,0.0,0.0,0.0
19.069,18.95,1029.86,53.79,9.73,0.0,0.0,0.0,0.0,0.0
19.258,18.95,1029.845,53.7,9.68,0.0,0.0,0.0,0.0,0.0
19.32,18.94,1029.759,53.666,9.62,0.0,0.0,0.0,0.0,0.0
19.425,18.87,1029.737,53.681,9.62,0.0,0.0,0.0,0.0,0.0
19.531,18.86,1029.71,53.68,9.52,0.0,0.0,0.0,0.0,0.0
19.836,18.91,1029.754,53.685,9.41,0.0,0.0,0.0,0.0,0.0
20.068,18.94,1029.806,53.688,9.32,0.0,0.0,0.0,0.0,0.0
20.175,18.96,1029.773,53.647,9.32,0.0,0.0,0.0,0.0,0.0
20.305,18.87,1029.64,53.701,9.14,0.0,0.0,0.0,0.0,0.0
20.6,18.87,1029.627,53.714,9.27,0.0,0.0,0.0,0.0,0.0
20.823,18.97,1029.774,53.691,9.57,0.0,0.0,0.0,0.0,0.0
20.928,18.93,1029.705,53.699,9.51,0.0,0.0,0.0,0.0,0.0
21.143,18.9,1029.65,53.66,9.43,0.0,0.0,0.0,0.0,0.0
21.402,18.89,1029.632,53.771,9.48,0.0,0.0,0.0,0.0,0.0
21.482,18.91,1029.654,53.663,9.5,0.0,0.0,0.0,0.0,0.0
21.613,18.97,1029.786,53.681,9.43,0.0,0.0,0.0,0.0,0.0
21.762,18.98,1029.802,53.692,9.5,0.0,0.0,0.0,0.0,0.0
21.939,18.98,1029.788,53.683,9.38,0.0,0.0,0.0,0.0,0.0
22.035,18.98,1029.739,53.682,9.26,0.0,0.0,0.0,0.0,0.0
22.132,18.9,1029.694,53.683,9.31,0.0,0.0,0.0,0.0,0.0
22.235,18.89,1029.637,53.682,9.32,0.0,0.0,0.0,0.0,0.0
22.339,18.92,1029.7,53.686,9.21,0.0,0.0,0.0,0.0,0.0
22.454,18.92,1029.718,53.664,9.27,0.0,0.0,0.0,0.0,0.0
22.523,18.94,1029.758,53.711,9.21,0.0,0.0,0.0,0.0,0.0
22.633,18.95,1029.761,53.645,9.3,0.0,0.0,0.0,0.0,0.0
22.713,18.97,1029.787,53.669,9.12,0.0,0.0,0.0,0.0,0.0
22.876,18.99,1029.797,53.771,9.08,0.0,0.0,0.0,0.0,0.0
23.071,18.88,1029.611,53.67,9.18,0.0,0.0,0.0,0.0,0.0
23.271,18.91,1029.66,53.674,9.13,0.0,0.0,0.0,0.0,0.0
23.393,18.9,1029.655,53.684,9.12,0.0,0.0,0.0,0.0,0.0
23.631,18.99,1029.769,53.639,9.37,0.0,0.0,0.0,0.0,0.0
23.712,18.91,1029.641,53.585,9.28,0.0,0.0,0.0,0.0,0.0
23.865,18.91,1029.626,53.684,9.37,0.0,0.0,0.0,0.0,0.0
23.914,18.92,1029.66,53.73,9.31,0.0,0.0,0.0,0.0,0.0
24.069,18.91,1029.629,53.65,9.42,0.0,0.0,0.0,0.0,0.0
24.182,18.9,1029.659,53.716,9.48,0.0,0.0,0.0,0.0,0.0
24.27,18.92,1029.676,53.686,9.5,0.0,0.0,0.0,0.0,0.0
24.494,19.0,1029.863,53.706,9.59,0.0,0.0,0.0,0.0,0.0
24.775,18.97,1029.786,53.703,9.79,0.0,0.0,0.0,0.0,0.0
25.017,18.93,1029.701,53.698,9.77,0.0,0.0,0.0,0.0,0.0
25.219,18.97,1029.827,53.703,9.95,0.0,0.0,0.0,0.0,0.0
25.519,19.01,1029.842,53.72,9.87,0.0,0.0,0.0,0.0,0.0
25.97,18.91,1029.654,53.685,9.53,0.0,0.0,0.0,0.0,0.0
26.434,19.02,1029.767,53.664,9.01,0.0,0.0,0.0,0.0,0.0
26.565,18.94,1029.585,53.666,9.05,0.0,0.0,0.0,0.0,0.0
26.721,18.93,1029.571,53.589,8.97,0.0,0.0,0.0,0.0,0.0
26.912,18.94,1029.572,53.644,9.12,0.0,0.0,0.0,0.0,0.0
27.042,18.92,1029.569,53.652,8.99,0.0,0.0,0.0,0.0,0.0
27.275,18.99,1029.71,53.672,9.08,0.0,0.0,0.0,0.0,0.0
27.387,19.03,1029.734,53.687,9.05,0.0,0.0,0.0,0.0,0.0
27.513,19.0,1029.664,53.706,9.12,0.0,0.0,0.0,0.0,0.0
27.664,18.97,1029.635,53.636,9.26,0.0,0.0,0.0,0.0,0.0
27.915,18.94,1029.577,53.699,9.35,0.0,0.0,0.0,0.0,0.0
28.027,19.0,1029.745,53.707,9.33,0.0,0.0,0.0,0.0,0.0
28.114,19.03,1029.777,53.644,9.21,0.0,0.0,0.0,0.0,0.0
28.267,19.04,1029.801,53.732,9.29,0.0,0.0,0.0,0.0,0.0
28.324,19.04,1029.813,53.712,9.49,0.0,0.0,0.0,0.0,0.0
28.49,19.05,1029.792,53.69,9.52,0.0,0.0,0.0,0.0,0.0
28.601,19.04,1029.759,53.656,9.39,0.0,0.0,0.0,0.0,0.0
28.814,18.96,1029.679,53.68,9.45,0.0,0.0,0.0,0.0,0.0
28.918,18.96,1029.68,53.669,9.35,0.0,0.0,0.0,0.0,0.0
29.219,18.96,1029.642,53.724,9.54,0.0,0.0,0.0,0.0,0.0
29.422,18.96,1029.656,53.657,9.44,0.0,0.0,0.0,0.0,0.0
29.542,18.96,1029.666,53.701,9.51,0.0,0.0,0.0,0.0,0.0
29.616,18.97,1029.696,53.669,9.57,0.0,0.0,0.0,0.0,0.0
29.746,18.95,1029.651,53.656,9.6,0.0,0.0,0.0,0.0,0.0
29.83,18.97,1029.676,53.714,9.51,0.0,0.0,0.0,0.0,0.0
29.98,18.97,1029.694,53.645,9.5,0.0,0.0,0.0,0.0,0.0
30.083,19.06,1029.81,53.67,9.53,0.0,0.0,0.0,0.0,0.0
30.176,18.98,1029.692,53.648,9.45,0.0,0.0,0.0,0.0,0.0
30.281,19.0,1029.695,53.64,9.48,0.0,0.0,0.0,0.0,0.0
30.363,18.98,1029.69,53.738,9.47,0.0,0.0,0.0,0.0,0.0
30.518,18.97,1029.651,53.638,9.43,0.0,0.0,0.0,0.0,0.0
30.731,18.99,1029.709,53.639,9.6,0.0,0.0,0.0,0.0,0.0
30.812,19.06,1029.88,53.637,9.59,0.0,0.0,0.0,0.0,0.0
30.963,19.07,1029.86,53.681,9.53,0.0,0.0,0.0,0.0,0.0
31.03,19.07,1029.857,53.703,9.49,0.0,0.0,0.0,0.0,0.0
31.13,19.07,1029.849,53.693,9.5,0.0,0.0,0.0,0.0,0.0
31.374,19.0,1029.668,53.662,9.56,0.0,0.0,0.0,0.0,0.0
31.475,18.97,1029.667,53.658,9.48,0.0,0.0,0.0,0.0,0.0
31.67,19.01,1029.737,53.687,9.54,0.0,0.0,0.0,0.0,0.0
31.858,19.04,1029.781,53.589,9.46,0.0,0.0,0.0,0.0,0.0
32.014,19.06,1029.809,53.569,9.42,0.0,0.0,0.0,0.0,0.0
32.121,19.08,1029.821,53.639,9.45,0.0,0.0,0.0,0.0,0.0
32.229,19.08,1029.762,53.738,9.37,0.0,0.0,0.0,0.0,0.0
32.368,19.02,1029.706,53.653,9.31,0.0,0.0,0.0,0.0,0.0
32.514,19.08,1029.809,53.728,9.27,0.0,0.0,0.0,0.0,0.0
32.798,19.0,1029.67,53.651,9.24,0.0,0.0,0.0,0.0,0.0
32.871,19.09,1029.767,53.673,9.23,0.0,0.0,0.0,0.0,0.0
32.979,19.04,1029.661,53.656,9.32,0.0,0.0,0.0,0.0,0.0
33.108,19.02,1029.652,53.676,9.37,0.0,0.0,0.0,0.0,0.0
33.179,18.99,1029.569,53.717,9.28,0.0,0.0,0.0,0.0,0.0
33.282,18.99,1029.601,53.595,9.39,0.0,0.0,0.0,0.0,0.0
33.424,19.01,1029.64,53.631,9.36,0.0,0.0,0.0,0.0,0.0
33.535,18.98,1029.602,53.605,9.35,0.0,0.0,0.0,0.0,0.0
33.654,19.1,1029.805,53.652,9.33,0.0,0.0,0.0,0.0,0.0
33.726,19.1,1029.809,53.696,9.4,0.0,0.0,0.0,0.0,0.0
33.814,19.08,1029.759,53.628,9.43,0.0,0.0,0.0,0.0,0.0
33.938,19.1,1029.773,53.585,9.35,0.0,0.0,0.0,0.0,0.0
34.064,19.08,1029.705,53.583,9.23,0.0,0.0,0.0,0.0,0.0
34.179,19.04,1029.683,53.644,9.25,0.0,0.0,0.0,0.0,0.0
34.372,19.06,1029.712,53.67,9.26,0.0,0.0,0.0,0.0,0.0
34.476,19.07,1029.723,53.592,9.24,0.0,0.0,0.0,0.0,0.0
34.572,19.07,1029.76,53.648,9.12,0.0,0.0,0.0,0.0,0.0
34.68,19.08,1029.771,53.583,9.17,0.0,0.0,0.0,0.0,0.0
34.764,19.1,1029.812,53.697,9.1,0.0,0.0,0.0,0.0,0.0
34.964,19.11,1029.812,53.608,9.07,0.0,0.0,0.0,0.0,0.0
35.034,19.09,1029.735,53.662,9.16,0.0,0.0,0.0,0.0,0.0
35.122,19.01,1029.633,53.642,9.29,0.0,0.0,0.0,0.0,0.0
35.241,19.02,1029.663,53.631,9.22,0.0,0.0,0.0,0.0,0.0
35.43,19.06,1029.746,53.637,9.38,0.0,0.0,0.0,0.0,0.0
35.57,19.06,1029.748,53.581,9.46,0.0,0.0,0.0,0.0,0.0
35.68,19.12,1029.814,53.633,9.47,0.0,0.0,0.0,0.0,0.0
35.782,19.04,1029.696,53.578,9.57,0.0,0.0,0.0,0.0,0.0
35.868,19.04,1029.69,53.622,9.64,0.0,0.0,0.0,0.0,0.0
36.043,19.03,1029.667,53.755,9.57,0.0,0.0,0.0,0.0,0.0
36.264,19.12,1029.814,53.665,9.66,0.0,0.0,0.0,0.0,0.0
36.542,19.03,1029.699,53.678,9.58,0.0,0.0,0.0,0.0,0.0
36.733,19.09,1029.77,53.629,9.52,0.0,0.0,0.0,0.0,0.0
36.838,19.08,1029.726,53.683,9.5,0.0,0.0,0.0,0.0,0.0
36.927,19.07,1029.744,53.638,9.42,0.0,0.0,0.0,0.0,0.0
37.07,19.07,1029.679,53.638,9.53,0.0,0.0,0.0,0.0,0.0
37.177,19.05,1029.692,53.591,9.48,0.0,0.0,0.0,0.0,0.0
37.264,19.11,1029.808,53.608,9.39,0.0,0.0,0.0,0.0,0.0
37.377,19.12,1029.857,53.589,9.41,0.0,0.0,0.0,0.0,0.0
37.508,19.14,1029.875,53.579,9.45,0.0,0.0,0.0,0.0,0.0
37.715,19.12,1029.8,53.577,9.52,0.0,0.0,0.0,0.0,0.0
37.845,19.14,1029.803,53.646,9.45,0.0,0.0,0.0,0.0,0.0
37.954,19.03,1029.639,53.622,9.35,0.0,0.0,0.0,0.0,0.0
38.146,19.06,1029.693,53.625,9.26,0.0,0.0,0.0,0.0,0.0
38.212,19.09,1029.72,53.628,9.25,0.0,0.0,0.0,0.0,0.0
38.377,19.09,1029.741,53.629,9.34,0.0,0.0,0.0,0.0,0.0
38.465,19.15,1029.775,53.67,9.22,0.0,0.0,0.0,0.0,0.0
38.569,19.08,1029.672,53.649,9.25,0.0,0.0,0.0,0.0,0.0
38.666,19.06,1029.609,53.658,9.16,0.0,0.0,0.0,0.0,0.0
38.772,19.04,1029.582,53.712,9.02,0.0,0.0,0.0,0.0,0.0
38.878,19.05,1029.614,53.58,8.98,0.0,0.0,0.0,0.0,0.0
39.076,19.04,1029.629,53.612,9.0,0.0,0.0,0.0,0.0,0.0
39.211,19.06,1029.674,53.625,9.25,0.0,0.0,0.0,0.0,0.0
39.326,19.06,1029.667,53.604,9.25,0.0,0.0,0.0,0.0,0.0
39.415,19.15,1029.776,53.591,9.39,0.0,0.0,0.0,0.0,0.0
39.559,19.11,1029.725,53.664,9.43,0.0,0.0,0.0,0.0,0.0
39.633,19.09,1029.656,53.606,9.46,0.0,0.0,0.0,0.0,0.0
39.733,19.09,1029.665,53.65,9.61,0.0,0.0,0.0,0.0,0.0
39.878,19.07,1029.662,53.638,9.65,0.0,0.0,0.0,0.0,0.0
40.075,19.15,1029.824,53.647,9.72,0.0,0.0,0.0,0.0,0.0
40.317,19.17,1029.88,53.605,9.7,0.0,0.0,0.0,0.0,0.0
40.52,19.15,1029.835,53.548,9.49,0.0,0.0,0.0,0.0,0.0
40.635,19.16,1029.799,53.604,9.56,0.0,0.0,0.0,0.0,0.0
40.775,19.09,1029.698,53.596,9.4,0.0,0.0,0.0,0.0,0.0
40.828,19.1,1029.702,53.598,9.4,0.0,0.0,0.0,0.0,0.0
40.969,19.13,1029.758,53.544,9.43,0.0,0.0,0.0,0.0,0.0
41.237,19.1,1029.665,53.552,9.53,0.0,0.0,0.0,0.0,0.0
41.384,19.17,1029.821,53.639,9.42,0.0,0.0,0.0,0.0,0.0
41.494,19.19,1029.765,53.541,9.39,0.0,0.0,0.0,0.0,0.0
41.655,19.08,1029.612,53.561,9.5,0.0,0.0,0.0,0.0,0.0
41.784,19.19,1029.807,53.573,9.53,0.0,0.0,0.0,0.0,0.0
41.864,19.17,1029.75,53.593,9.47,0.0,0.0,0.0,0.0,0.0
42.018,19.14,1029.731,53.58,9.67,0.0,0.0,0.0,0.0,0.0
42.157,19.19,1029.763,53.607,9.52,0.0,0.0,0.0,0.0,0.0
42.22,19.14,1029.684,53.636,9.37,0.0,0.0,0.0,0.0,0.0
42.415,19.11,1029.638,53.553,9.38,0.0,0.0,0.0,0.0,0.0
42.568,19.11,1029.578,53.564,9.19,0.0,0.0,0.0,0.0,0.0
42.661,19.11,1029.597,53.62,9.16,0.0,0.0,0.0,0.0,0.0
42.864,19.19,1029.777,53.542,9.09,0.0,0.0,0.0,0.0,0.0
43.082,19.2,1029.765,53.542,9.12,0.0,0.0,0.0,0.0,0.0
43.275,19.18,1029.728,53.593,8.89,0.0,0.0,0.0,0.0,0.0
43.363,19.17,1029.694,53.582,8.82,0.0,0.0,0.0,0.0,0.0
43.512,19.17,1029.688,53.572,8.79,0.0,0.0,0.0,0.0,0.0
43.578,19.15,1029.629,53.614,8.86,0.0,0.0,0.0,0.0,0.0
43.836,19.13,1029.605,53.577,8.99,0.0,0.0,0.0,0.0,0.0
43.943,19.19,1029.788,53.696,9.28,0.0,0.0,0.0,0.0,0.0
44.035,19.2,1029.778,53.62,9.17,0.0,0.0,0.0,0.0,0.0
44.173,19.21,1029.827,53.6,9.36,0.0,0.0,0.0,0.0,0.0
44.283,19.21,1029.751,53.688,9.44,0.0,0.0,0.0,0.0,0.0
44.418,19.14,1029.667,53.557,9.63,0.0,0.0,0.0,0.0,0.0
44.582,19.22,1029.823,53.566,9.68,0.0,0.0,0.0,0.0,0.0
44.713,19.21,1029.77,53.554,9.8,0.0,0.0,0.0,0.0,0.0
44.814,19.14,1029.735,53.547,9.8,0.0,0.0,0.0,0.0,0.0
44.921,19.23,1029.83,53.557,9.78,0.0,0.0,0.0,0.0,0.0
45.025,19.13,1029.66,53.522,9.62,0.0,0.0,0.0,0.0,0.0
45.135,19.15,1029.71,53.548,9.67,0.0,0.0,0.0,0.0,0.0
45.225,19.15,1029.705,53.57,9.67,0.0,0.0,0.0,0.0,0.0
45.315,19.12,1029.645,53.489,9.65,0.0,0.0,0.0,0.0,0.0
45.525,19.13,1029.684,53.533,9.36,0.0,0.0,0.0,0.0,0.0
45.718,19.12,1029.646,53.556,9.23,0.0,0.0,0.0,0.0,0.0
45.8,19.16,1029.735,53.671,9.25,0.0,0.0,0.0,0.0,0.0
45.864,19.23,1029.827,53.524,9.22,0.0,0.0,0.0,0.0,0.0
45.979,19.21,1029.804,53.566,9.36,0.0,0.0,0.0,0.0,0.0
46.155,19.2,1029.767,53.598,9.39,0.0,0.0,0.0,0.0,0.0
46.228,19.18,1029.747,53.528,9.4,0.0,0.0,0.0,0.0,0.0
46.315,19.17,1029.761,53.506,9.49,0.0,0.0,0.0,0.0,0.0
46.423,19.2,1029.825,53.509,9.54,0.0,0.0,0.0,0.0,0.0
46.529,19.21,1029.856,53.544,9.62,0.0,0.0,0.0,0.0,0.0
46.625,19.22,1029.828,53.5,9.63,0.0,0.0,0.0,0.0,0.0
46.73,19.23,1029.84,53.557,9.55,0.0,0.0,0.0,0.0,0.0
46.834,19.25,1029.858,53.515,9.48,0.0,0.0,0.0,0.0,0.0
47.002,19.24,1029.869,53.481,9.61,0.0,0.0,0.0,0.0,0.0
47.169,19.18,1029.74,53.517,9.45,0.0,0.0,0.0,0.0,0.0
47.371,19.15,1029.664,53.515,9.5,0.0,0.0,0.0,0.0,0.0
47.62,19.2,1029.757,53.531,9.4,0.0,0.0,0.0,0.0,0.0
47.812,19.17,1029.636,53.506,9.37,0.0,0.0,0.0,0.0,0.0
47.919,19.17,1029.63,53.493,9.43,0.0,0.0,0.0,0.0,0.0
48.161,19.16,1029.616,53.481,9.63,0.0,0.0,0.0,0.0,0.0
48.356,19.16,1029.625,53.538,9.43,0.0,0.0,0.0,0.0,0.0
48.593,19.22,1029.749,53.529,9.64,0.0,0.0,0.0,0.0,0.0
48.713,19.24,1029.751,53.514,9.55,0.0,0.0,0.0,0.0,0.0
49.001,19.2,1029.622,53.521,9.32,0.0,0.0,0.0,0.0,0.0
49.122,19.2,1029.61,53.453,9.19,0.0,0.0,0.0,0.0,0.0
49.315,19.26,1029.758,53.438,8.94,0.0,0.0,0.0,0.0,0.0
49.426,19.27,1029.776,53.518,8.84,0.0,0.0,0.0,0.0,0.0
49.676,19.28,1029.736,53.497,8.82,0.0,0.0,0.0,0.0,0.0
49.92,19.18,1029.628,53.474,9.04,0.0,0.0,0.0,0.0,0.0
49.983,19.18,1029.625,53.484,9.25,0.0,0.0,0.0,0.0,0.0
50.181,19.21,1029.678,53.477,9.23,0.0,0.0,0.0,0.0,0.0
50.287,19.23,1029.714,53.468,9.47,0.0,0.0,0.0,0.0,0.0
50.496,19.26,1029.756,53.483,9.54,0.0,0.0,0.0,0.0,0.0
50.623,19.27,1029.782,53.507,9.76,0.0,0.0,0.0,0.0,0.0
50.752,19.29,1029.78,53.42,9.59,0.0,0.0,0.0,0.0,0.0
50.818,19.2,1029.636,53.431,9.69,0.0,0.0,0.0,0.0,0.0
50.931,19.19,1029.605,53.573,9.67,0.0,0.0,0.0,0.0,0.0
51.012,19.19,1029.611,53.387,9.67,0.0,0.0,0.0,0.0,0.0
51.121,19.22,1029.709,53.5,9.73,0.0,0.0,0.0,0.0,0.0
51.264,19.2,1029.657,53.442,9.58,0.0,0.0,0.0,0.0,0.0
51.369,19.31,1029.77,53.467,9.61,0.0,0.0,0.0,0.0,0.0
51.466,19.23,1029.664,53.49,9.43,0.0,0.0,0.0,0.0,0.0
51.678,19.25,1029.68,53.403,9.44,0.0,0.0,0.0,0.0,0.0
51.766,19.23,1029.645,53.479,9.06,0.0,0.0,0.0,0.0,0.0
51.926,19.22,1029.614,53.411,9.56,0.0,0.0,0.0,0.0,0.0
52.063,19.22,1029.613,53.389,9.23,0.0,0.0,0.0,0.0,0.0
52.178,19.32,1029.814,53.501,9.06,0.0,0.0,0.0,0.0,0.0
52.321,19.32,1029.792,53.424,9.0,0.0,0.0,0.0,0.0,0.0
52.548,19.32,1029.802,53.412,9.42,0.0,0.0,0.0,0.0,0.0
52.772,19.26,1029.673,53.45,9.33,0.0,0.0,0.0,0.0,0.0
53.079,19.29,1029.752,53.486,9.45,0.0,0.0,0.0,0.0,0.0
53.186,19.3,1029.789,53.432,9.43,0.0,0.0,0.0,0.0,0.0
53.269,19.33,1029.859,53.48,9.42,0.0,0.0,0.0,0.0,0.0
53.466,19.33,1029.839,53.48,9.6,0.0,0.0,0.0,0.0,0.0
53.524,19.34,1029.818,53.426,9.42,0.0,0.0,0.0,0.0,0.0
53.648,19.27,1029.723,53.44,9.54,0.0,0.0,0.0,0.0,0.0
53.734,19.27,1029.73,53.418,9.59,0.0,0.0,0.0,0.0,0.0
53.842,19.24,1029.642,53.426,9.5,0.0,0.0,0.0,0.0,0.0
53.932,19.25,1029.682,53.437,9.53,0.0,0.0,0.0,0.0,0.0
54.073,19.26,1029.699,53.427,9.39,0.0,0.0,0.0,0.0,0.0
54.183,19.35,1029.797,53.459,9.31,0.0,0.0,0.0,0.0,0.0
54.38,19.29,1029.673,53.498,9.3,0.0,0.0,0.0,0.0,0.0
54.483,19.26,1029.669,53.439,9.32,0.0,0.0,0.0,0.0,0.0
54.58,19.24,1029.634,53.426,9.23,0.0,0.0,0.0,0.0,0.0
54.663,19.26,1029.649,53.461,9.27,0.0,0.0,0.0,0.0,0.0
54.787,19.24,1029.617,53.359,9.37,0.0,0.0,0.0,0.0,0.0
54.932,19.25,1029.606,53.414,9.35,0.0,0.0,0.0,0.0,0.0
55.126,19.36,1029.811,53.395,9.34,0.0,0.0,0.0,0.0,0.0
55.214,19.35,1029.807,53.46,9.47,0.0,0.0,0.0,0.0,0.0
55.347,19.34,1029.771,53.393,9.57,0.0,0.0,0.0,0.0,0.0
55.414,19.32,1029.714,53.401,9.45,0.0,0.0,0.0,0.0,0.0
55.575,19.32,1029.696,53.424,9.59,0.0,0.0,0.0,0.0,0.0
55.664,19.31,1029.693,53.433,9.5,0.0,0.0,0.0,0.0,0.0
55.793,19.32,1029.746,53.445,9.63,0.0,0.0,0.0,0.0,0.0
55.992,19.35,1029.807,53.394,9.53,0.0,0.0,0.0,0.0,0.0
56.218,19.37,1029.833,53.44,9.5,0.0,0.0,0.0,0.0,0.0
56.364,19.36,1029.738,53.529,9.6,0.0,0.0,0.0,0.0,0.0
56.506,19.29,1029.635,53.408,9.48,0.0,0.0,0.0,0.0,0.0
56.578,19.27,1029.626,53.408,9.31,0.0,0.0,0.0,0.0,0.0
56.663,19.38,1029.739,53.395,9.29,0.0,0.0,0.0,0.0,0.0
56.77,19.32,1029.658,53.379,9.26,0.0,0.0,0.0,0.0,0.0
56.903,19.34,1029.673,53.359,9.24,0.0,0.0,0.0,0.0,0.0
56.97,19.32,1029.615,53.401,9.78,0.0,0.0,0.0,0.0,0.0
57.075,19.31,1029.599,53.488,9.01,0.0,0.0,0.0,0.0,0.0
57.164,19.29,1029.584,53.387,8.94,0.0,0.0,0.0,0.0,0.0
57.3,19.29,1029.577,53.364,8.96,0.0,0.0,0.0,0.0,0.0
57.364,19.28,1029.559,53.43,9.02,0.0,0.0,0.0,0.0,0.0
57.492,19.27,1029.522,53.318,9.09,0.0,0.0,0.0,0.0,0.0
57.588,19.28,1029.573,53.43,9.13,0.0,0.0,0.0,0.0,0.0
57.715,19.29,1029.578,53.42,9.11,0.0,0.0,0.0,0.0,0.0
57.827,19.29,1029.563,53.254,9.16,0.0,0.0,0.0,0.0,0.0
57.923,19.39,1029.742,53.42,9.17,0.0,0.0,0.0,0.0,0.0
58.034,19.32,1029.604,53.379,9.27,0.0,0.0,0.0,0.0,0.0
58.165,19.38,1029.67,53.375,9.5,0.0,0.0,0.0,0.0,0.0
58.378,19.34,1029.685,53.337,9.33,0.0,0.0,0.0,0.0,0.0
58.466,19.37,1029.758,53.407,9.45,0.0,0.0,0.0,0.0,0.0
58.602,19.37,1029.754,53.362,9.41,0.0,0.0,0.0,0.0,0.0
58.667,19.38,1029.792,53.408,9.61,0.0,0.0,0.0,0.0,0.0
58.783,19.38,1029.773,53.343,9.47,0.0,0.0,0.0,0.0,0.0
58.907,19.41,1029.833,53.335,9.49,0.0,0.0,0.0,0.0,0.0
59.02,19.39,1029.779,53.376,9.6,0.0,0.0,0.0,0.0,0.0
59.1,19.38,1029.737,53.409,9.75,0.0,0.0,0.0,0.0,0.0
59.241,19.32,1029.682,53.356,9.74,0.0,0.0,0.0,0.0,0.0
59.333,19.32,1029.68,53.356,9.7,0.0,0.0,0.0,0.0,0.0
59.423,19.33,1029.716,53.358,9.72,0.0,0.0,0.0,0.0,0.0
59.527,19.35,1029.76,53.36,9.63,0.0,0.0,0.0,0.0,0.0
59.614,19.36,1029.757,53.351,9.66,0.0,0.0,0.0,0.0,0.0
59.744,19.38,1029.793,53.353,9.64,0.0,0.0,0.0,0.0,0.0
59.862,19.4,1029.826,53.41,9.61,0.0,0.0,0.0,0.0,0.0
59.997,19.42,1029.818,53.412,9.61,0.0,0.0,0.0,0.0,0.0
60.08,19.36,1029.731,53.362,9.52,0.0,0.0,0.0,0.0,0.0
60.172,19.32,1029.627,53.323,9.46,0.0,0.0,0.0,0.0,0.0
60.28,19.32,1029.633,53.224,9.55,0.0,0.0,0.0,0.0,0.0
60.362,19.33,1029.679,53.347,9.48,0.0,0.0,0.0,0.0,0.0
60.529,19.34,1029.677,53.314,9.4,0.0,0.0,0.0,0.0,0.0
60.635,19.32,1029.65,53.335,9.29,0.0,0.0,0.0,0.0,0.0
60.715,19.43,1029.741,53.355,9.31,0.0,0.0,0.0,0.0,0.0
60.815,19.38,1029.706,53.409,9.18,0.0,0.0,0.0,0.0,0.0
60.921,19.4,1029.691,53.354,9.18,0.0,0.0,0.0,0.0,0.0
61.016,19.38,1029.661,53.33,9.11,0.0,0.0,0.0,0.0,0.0
61.17,19.35,1029.634,53.26,9.19,0.0,0.0,0.0,0.0,0.0
61.27,19.36,1029.625,53.339,9.24,0.0,0.0,0.0,0.0,0.0
61.364,19.42,1029.78,53.346,9.16,0.0,0.0,0.0,0.0,0.0
61.475,19.44,1029.812,53.371,9.3,0.0,0.0,0.0,0.0,0.0
61.56,19.45,1029.818,53.229,9.32,0.0,0.0,0.0,0.0,0.0
61.671,19.45,1029.807,53.351,9.36,0.0,0.0,0.0,0.0,0.0
61.863,19.45,1029.792,53.339,9.33,0.0,0.0,0.0,0.0,0.0
62.072,19.42,1029.733,53.323,9.41,0.0,0.0,0.0,0.0,0.0
62.113,19.42,1029.719,53.313,9.47,0.0,0.0,0.0,0.0,0.0
62.219,19.39,1029.694,53.31,9.44,0.0,0.0,0.0,0.0,0.0
62.333,19.39,1029.696,53.32,9.5,0.0,0.0,0.0,0.0,0.0
62.441,19.4,1029.733,53.255,9.46,0.0,0.0,0.0,0.0,0.0
62.525,19.42,1029.749,53.279,9.47,0.0,0.0,0.0,0.0,0.0
62.67,19.44,1029.822,53.271,9.36,0.0,0.0,0.0,0.0,0.0
62.783,19.46,1029.777,53.374,9.37,0.0,0.0,0.0,0.0,0.0
62.907,19.37,1029.633,53.329,9.47,0.0,0.0,0.0,0.0,0.0
62.977,19.35,1029.591,53.248,9.4,0.0,0.0,0.0,0.0,0.0
63.089,19.36,1029.624,53.34,9.4,0.0,0.0,0.0,0.0,0.0
63.223,19.39,1029.655,53.287,9.41,0.0,0.0,0.0,0.0,0.0
63.313,19.39,1029.651,53.364,9.3,0.0,0.0,0.0,0.0,0.0
63.446,19.47,1029.763,53.319,9.38,0.0,0.0,0.0,0.0,0.0
63.515,19.42,1029.667,53.27,9.34,0.0,0.0,0.0,0.0,0.0
63.621,19.42,1029.66,53.29,9.37,0.0,0.0,0.0,0.0,0.0
63.727,19.4,1029.613,53.3,9.4,0.0,0.0,0.0,0.0,0.0
63.813,19.4,1029.604,53.354,9.3,0.0,0.0,0.0,0.0,0.0
64.001,19.39,1029.598,53.265,9.35,0.0,0.0,0.0,0.0,0.0
64.066,19.39,1029.602,53.331,9.36,0.0,0.0,0.0,0.0,0.0
64.181,19.48,1029.779,53.387,9.5,0.0,0.0,0.0,0.0,0.0
64.288,19.49,1029.766,53.32,9.27,0.0,0.0,0.0,0.0,0.0
64.39,19.49,1029.783,53.265,9.31,0.0,0.0,0.0,0.0,0.0
64.479,19.45,1029.709,53.239,9.2,0.0,0.0,0.0,0.0,0.0
64.565,19.42,1029.66,53.303,9.25,0.0,0.0,0.0,0.0,0.0
64.681,19.49,1029.759,53.239,9.34,0.0,0.0,0.0,0.0,0.0
64.813,19.45,1029.694,53.273,9.42,0.0,0.0,0.0,0.0,0.0
64.93,19.43,1029.675,53.281,9.43,0.0,0.0,0.0,0.0,0.0
65.064,19.45,1029.772,53.273,9.31,0.0,0.0,0.0,0.0,0.0
65.232,19.5,1029.781,53.245,9.46,0.0,0.0,0.0,0.0,0.0
65.347,19.4,1029.596,53.443,9.39,0.0,0.0,0.0,0.0,0.0
65.476,19.5,1029.79,53.367,9.42,0.0,0.0,0.0,0.0,0.0
65.591,19.5,1029.768,53.435,9.28,0.0,0.0,0.0,0.0,0.0
65.68,19.4,1029.65,53.312,9.32,0.0,0.0,0.0,0.0,0.0
65.766,19.4,1029.604,53.312,9.41,0.0,0.0,0.0,0.0,0.0
65.871,19.41,1029.649,53.302,9.29,0.0,0.0,0.0,0.0,0.0
66.152,19.43,1029.682,53.271,9.32,0.0,0.0,0.0,0.0,0.0
66.235,19.5,1029.771,53.246,9.43,0.0,0.0,0.0,0.0,0.0
66.32,19.44,1029.644,53.204,9.44,0.0,0.0,0.0,0.0,0.0
66.514,19.45,1029.667,53.283,9.29,0.0,0.0,0.0,0.0,0.0
66.646,19.43,1029.601,53.348,9.17,0.0,0.0,0.0,0.0,0.0
66.716,19.42,1029.609,53.258,9.22,0.0,0.0,0.0,0.0,0.0
66.865,19.41,1029.623,53.29,9.38,0.0,0.0,0.0,0.0,0.0
66.965,19.44,1029.66,53.182,9.34,0.0,0.0,0.0,0.0,0.0
67.075,19.42,1029.63,53.257,9.44,0.0,0.0,0.0,0.0,0.0
67.196,19.53,1029.832,53.293,9.5,0.0,0.0,0.0,0.0,0.0
67.293,19.53,1029.82,53.248,9.57,0.0,0.0,0.0,0.0,0.0
67.377,19.51,1029.773,53.279,9.58,0.0,0.0,0.0,0.0,0.0
67.495,19.5,1029.771,53.2,9.63,0.0,0.0,0.0,0.0,0.0
67.715,19.44,1029.631,53.237,9.73,0.0,0.0,0.0,0.0,0.0
67.842,19.48,1029.766,53.231,9.88,0.0,0.0,0.0,0.0,0.0
67.929,19.5,1029.758,53.18,9.69,0.0,0.0,0.0,0.0,0.0
68.014,19.51,1029.806,53.279,9.77,0.0,0.0,0.0,0.0,0.0
68.145,19.53,1029.827,53.359,9.82,0.0,0.0,0.0,0.0,0.0
68.266,19.54,1029.833,53.229,9.57,0.0,0.0,0.0,0.0,0.0
68.377,19.55,1029.786,53.24,9.58,0.0,0.0,0.0,0.0,0.0
68.483,19.45,1029.65,53.118,9.47,0.0,0.0,0.0,0.0,0.0
68.674,19.45,1029.621,53.239,9.39,0.0,0.0,0.0,0.0,0.0
68.88,19.45,1029.649,53.229,9.29,0.0,0.0,0.0,0.0,0.0
68.963,19.49,1029.688,53.232,9.29,0.0,0.0,0.0,0.0,0.0
69.126,19.5,1029.658,53.233,9.16,0.0,0.0,0.0,0.0,0.0
69.216,19.56,1029.735,53.164,9.18,0.0,0.0,0.0,0.0,0.0
69.321,19.48,1029.585,53.32,9.1,0.0,0.0,0.0,0.0,0.0
69.439,19.46,1029.559,53.318,9.22,0.0,0.0,0.0,0.0,0.0
69.527,19.46,1029.573,53.162,9.15,0.0,0.0,0.0,0.0,0.0
69.64,19.46,1029.542,53.151,9.14,0.0,0.0,0.0,0.0,0.0
69.77,19.45,1029.56,53.24,9.26,0.0,0.0,0.0,0.0,0.0
69.879,19.5,1029.625,53.18,9.22,0.0,0.0,0.0,0.0,0.0
69.993,19.57,1029.756,53.188,9.39,0.0,0.0,0.0,0.0,0.0
70.082,19.56,1029.739,53.115,9.31,0.0,0.0,0.0,0.0,0.0
70.171,19.54,1029.644,53.193,9.44,0.0,0.0,0.0,0.0,0.0
70.329,19.51,1029.587,53.213,9.53,0.0,0.0,0.0,0.0,0.0
70.416,19.5,1029.576,53.19,9.53,0.0,0.0,0.0,0.0,0.0
70.522,19.53,1029.672,53.192,9.53,0.0,0.0,0.0,0.0,0.0
70.633,19.54,1029.716,53.15,9.38,0.0,0.0,0.0,0.0,0.0
70.763,19.55,1029.727,53.174,9.48,0.0,0.0,0.0,0.0,0.0
70.827,19.56,1029.711,53.086,9.28,0.0,0.0,0.0,0.0,0.0
70.915,19.58,1029.765,53.165,9.31,0.0,0.0,0.0,0.0,0.0
71.078,19.59,1029.778,53.077,9.32,0.0,0.0,0.0,0.0,0.0
71.166,19.59,1029.715,53.156,9.21,0.0,0.0,0.0,0.0,0.0
71.327,19.49,1029.568,53.177,9.14,0.0,0.0,0.0,0.0,0.0
71.471,19.59,1029.734,53.178,9.08,0.0,0.0,0.0,0.0,0.0
71.581,19.53,1029.622,53.159,9.19,0.0,0.0,0.0,0.0,0.0
71.716,19.53,1029.683,53.17,9.1,0.0,0.0,0.0,0.0,0.0
71.784,19.54,1029.7,53.183,9.36,0.0,0.0,0.0,0.0,0.0
71.916,19.58,1029.742,53.298,9.24,0.0,0.0,0.0,0.0,0.0
72.046,19.6,1029.72,53.19,9.33,0.0,0.0,0.0,0.0,0.0
72.157,19.51,1029.568,53.213,9.3,0.0,0.0,0.0,0.0,0.0
72.222,19.5,1029.563,53.101,9.37,0.0,0.0,0.0,0.0,0.0
72.363,19.51,1029.581,53.09,9.5,0.0,0.0,0.0,0.0,0.0
72.417,19.5,1029.604,53.2,9.47,0.0,0.0,0.0,0.0,0.0
72.543,19.5,1029.597,53.2,9.56,0.0,0.0,0.0,0.0,0.0
72.633,19.52,1029.695,53.115,9.66,0.0,0.0,0.0,0.0,0.0
72.772,19.51,1029.629,53.19,9.72,0.0,0.0,0.0,0.0,0.0
72.886,19.61,1029.79,53.159,9.65,0.0,0.0,0.0,0.0,0.0
72.97,19.57,1029.723,53.109,9.65,0.0,0.0,0.0,0.0,0.0
73.078,19.56,1029.677,53.096,9.67,0.0,0.0,0.0,0.0,0.0
73.191,19.56,1029.719,53.052,9.75,0.0,0.0,0.0,0.0,0.0
73.322,19.53,1029.661,53.226,9.67,0.0,0.0,0.0,0.0,0.0
73.414,19.52,1029.606,53.17,9.63,0.0,0.0,0.0,0.0,0.0
73.531,19.54,1029.693,53.051,9.63,0.0,0.0,0.0,0.0,0.0
73.656,19.61,1029.821,53.191,9.54,0.0,0.0,0.0,0.0,0.0
73.724,19.62,1029.808,53.204,9.46,0.0,0.0,0.0,0.0,0.0
73.838,19.62,1029.816,53.015,9.45,0.0,0.0,0.0,0.0,0.0
73.934,19.62,1029.798,53.293,9.34,0.0,0.0,0.0,0.0,0.0
74.044,19.63,1029.783,53.193,9.31,0.0,0.0,0.0,0.0,0.0
74.115,19.58,1029.694,53.175,9.3,0.0,0.0,0.0,0.0,0.0
74.316,19.61,1029.739,53.126,9.16,0.0,0.0,0.0,0.0,0.0
74.366,19.59,1029.708,53.112,9.16,0.0,0.0,0.0,0.0,0.0
74.493,19.58,1029.739,53.064,9.18,0.0,0.0,0.0,0.0,0.0
74.591,19.59,1029.745,53.11,9.28,0.0,0.0,0.0,0.0,0.0
74.671,19.6,1029.753,53.135,9.31,0.0,0.0,0.0,0.0,0.0
74.865,19.62,1029.792,53.026,9.3,0.0,0.0,0.0,0.0,0.0
74.972,19.64,1029.836,52.974,9.34,0.0,0.0,0.0,0.0,0.0
75.136,19.65,1029.835,53.141,9.38,0.0,0.0,0.0,0.0,0.0
75.245,19.65,1029.773,53.151,9.35,0.0,0.0,0.0,0.0,0.0
75.382,19.55,1029.663,53.074,9.37,0.0,0.0,0.0,0.0,0.0
75.528,19.65,1029.794,53.096,9.37,0.0,0.0,0.0,0.0,0.0
75.616,19.63,1029.723,53.071,9.36,0.0,0.0,0.0,0.0,0.0
75.721,19.57,1029.66,53.076,9.37,0.0,0.0,0.0,0.0,0.0
76.066,19.66,1029.794,53.053,9.49,0.0,0.0,0.0,0.0,0.0
76.188,19.57,1029.67,52.965,9.46,0.0,0.0,0.0,0.0,0.0
76.296,19.58,1029.736,52.977,9.6,0.0,0.0,0.0,0.0,0.0
76.364,19.59,1029.693,53.067,9.5,0.0,0.0,0.0,0.0,0.0
76.478,19.55,1029.63,53.074,9.51,0.0,0.0,0.0,0.0,0.0
76.615,19.59,1029.704,53.077,9.69,0.0,0.0,0.0,0.0,0.0
76.756,19.57,1029.683,52.954,9.62,0.0,0.0,0.0,0.0,0.0
76.815,19.67,1029.853,53.052,9.75,0.0,0.0,0.0,0.0,0.0
76.943,19.62,1029.726,53.037,9.51,0.0,0.0,0.0,0.0,0.0
77.026,19.64,1029.756,53.095,9.74,0.0,0.0,0.0,0.0,0.0
77.118,19.62,1029.708,53.07,9.56,0.0,0.0,0.0,0.0,0.0
77.229,19.62,1029.691,53.026,9.45,0.0,0.0,0.0,0.0,0.0
77.316,19.6,1029.648,53.068,9.6,0.0,0.0,0.0,0.0,0.0
77.519,19.6,1029.649,52.968,9.45,0.0,0.0,0.0,0.0,0.0
77.568,19.59,1029.623,53.1,9.49,0.0,0.0,0.0,0.0,0.0
77.691,19.68,1029.829,52.979,9.44,0.0,0.0,0.0,0.0,0.0
77.78,19.69,1029.794,53.013,9.4,0.0,0.0,0.0,0.0,0.0
77.874,19.69,1029.808,53.046,9.41,0.0,0.0,0.0,0.0,0.0
77.98,19.69,1029.774,53.046,9.39,0.0,0.0,0.0,0.0,0.0
78.064,19.7,1029.759,52.979,9.4,0.0,0.0,0.0,0.0,0.0
78.172,19.68,1029.714,53.054,9.42,0.0,0.0,0.0,0.0,0.0
78.314,19.68,1029.706,53.034,9.38,0.0,0.0,0.0,0.0,0.0
78.538,19.63,1029.637,53.027,9.34,0.0,0.0,0.0,0.0,0.0
78.622,19.65,1029.667,53.052,9.27,0.0,0.0,0.0,0.0,0.0
78.817,19.67,1029.709,53.066,9.18,0.0,0.0,0.0,0.0,0.0
78.921,19.68,1029.679,53.0,9.27,0.0,0.0,0.0,0.0,0.0
79.036,19.71,1029.743,52.992,9.16,0.0,0.0,0.0,0.0,0.0
79.205,19.71,1029.694,53.06,9.19,0.0,0.0,0.0,0.0,0.0
79.268,19.67,1029.584,53.021,9.2,0.0,0.0,0.0,0.0,0.0
79.372,19.63,1029.573,52.994,8.96,0.0,0.0,0.0,0.0,0.0
79.479,19.61,1029.548,53.003,9.16,0.0,0.0,0.0,0.0,0.0
79.566,19.61,1029.533,53.004,9.15,0.0,0.0,0.0,0.0,0.0
79.715,19.63,1029.563,52.994,9.01,0.0,0.0,0.0,0.0,0.0
79.816,19.66,1029.633,53.008,9.18,0.0,0.0,0.0,0.0,0.0
79.946,19.72,1029.66,53.016,9.24,0.0,0.0,0.0,0.0,0.0
80.016,19.65,1029.571,52.997,9.28,0.0,0.0,0.0,0.0,0.0
80.122,19.64,1029.521,52.983,9.21,0.0,0.0,0.0,0.0,0.0
80.227,19.64,1029.558,52.973,9.37,0.0,0.0,0.0,0.0,0.0
80.318,19.63,1029.545,52.972,9.46,0.0,0.0,0.0,0.0,0.0
80.476,19.62,1029.499,53.026,9.44,0.0,0.0,0.0,0.0,0.0
80.568,19.64,1029.618,52.996,9.5,0.0,0.0,0.0,0.0,0.0
80.678,19.73,1029.753,53.006,9.36,0.0,0.0,0.0,0.0,0.0
80.766,19.74,1029.711,53.074,9.41,0.0,0.0,0.0,0.0,0.0
80.871,19.7,1029.689,52.992,9.45,0.0,0.0,0.0,0.0,0.0
80.978,19.71,1029.691,52.969,9.51,0.0,0.0,0.0,0.0,0.0
81.07,19.68,1029.592,52.955,9.53,0.0,0.0,0.0,0.0,0.0
81.184,19.69,1029.633,52.935,9.64,0.0,0.0,0.0,0.0,0.0
81.266,19.66,1029.614,52.976,9.62,0.0,0.0,0.0,0.0,0.0
81.396,19.66,1029.613,53.043,9.59,0.0,0.0,0.0,0.0,0.0
81.516,19.66,1029.608,52.941,9.63,0.0,0.0,0.0,0.0,0.0
81.654,19.65,1029.619,52.929,9.31,0.0,0.0,0.0,0.0,0.0
81.741,19.75,1029.823,52.886,9.79,0.0,0.0,0.0,0.0,0.0
81.822,19.76,1029.819,53.009,9.7,0.0,0.0,0.0,0.0,0.0
82.018,19.76,1029.805,52.932,9.68,0.0,0.0,0.0,0.0,0.0
82.121,19.74,1029.757,52.907,9.53,0.0,0.0,0.0,0.0,0.0
82.269,19.71,1029.745,52.937,9.6,0.0,0.0,0.0,0.0,0.0
82.371,19.74,1029.717,52.94,9.48,0.0,0.0,0.0,0.0,0.0
82.469,19.69,1029.714,52.935,9.4,0.0,0.0,0.0,0.0,0.0
82.574,19.69,1029.69,52.924,9.44,0.0,0.0,0.0,0.0,0.0
82.682,19.72,1029.74,52.937,9.24,0.0,0.0,0.0,0.0,0.0
82.765,19.73,1029.736,52.904,9.41,0.0,0.0,0.0,0.0,0.0
82.927,19.75,1029.772,53.053,9.33,0.0,0.0,0.0,0.0,0.0
83.015,19.77,1029.726,52.955,9.23,0.0,0.0,0.0,0.0,0.0
83.131,19.68,1029.62,52.878,9.34,0.0,0.0,0.0,0.0,0.0
83.27,19.67,1029.608,52.954,9.35,0.0,0.0,0.0,0.0,0.0
83.326,19.67,1029.607,52.887,9.57,0.0,0.0,0.0,0.0,0.0
83.43,19.72,1029.706,52.937,9.27,0.0,0.0,0.0,0.0,0.0
83.517,19.69,1029.635,52.924,9.39,0.0,0.0,0.0,0.0,0.0
83.628,19.68,1029.629,52.9,9.28,0.0,0.0,0.0,0.0,0.0
83.716,19.69,1029.646,52.901,9.56,0.0,0.0,0.0,0.0,0.0
83.88,19.73,1029.654,52.95,9.46,0.0,0.0,0.0,0.0,0.0
83.965,19.79,1029.706,52.901,9.29,0.0,0.0,0.0,0.0,0.0
84.071,19.71,1029.572,52.837,9.47,0.0,0.0,0.0,0.0,0.0
84.19,19.71,1029.591,52.926,9.24,0.0,0.0,0.0,0.0,0.0
84.27,19.7,1029.564,52.98,9.36,0.0,0.0,0.0,0.0,0.0
84.381,19.68,1029.543,52.89,9.35,0.0,0.0,0.0,0.0,0.0
84.49,19.69,1029.571,52.846,9.27,0.0,0.0,0.0,0.0,0.0
84.584,19.69,1029.552,52.891,9.19,0.0,0.0,0.0,0.0,0.0
84.714,19.69,1029.534,52.879,9.16,0.0,0.0,0.0,0.0,0.0
84.824,19.74,1029.667,52.907,9.3,0.0,0.0,0.0,0.0,0.0
84.938,19.8,1029.77,52.814,9.21,0.0,0.0,0.0,0.0,0.0
85.044,19.75,1029.636,52.862,9.23,0.0,0.0,0.0,0.0,0.0
85.217,19.74,1029.613,52.84,9.25,0.0,0.0,0.0,0.0,0.0
85.351,19.75,1029.575,52.774,9.26,0.0,0.0,0.0,0.0,0.0
85.416,19.73,1029.606,52.884,9.3,0.0,0.0,0.0,0.0,0.0
85.569,19.71,1029.563,52.814,9.34,0.0,0.0,0.0,0.0,0.0
85.666,19.72,1029.582,52.883,9.33,0.0,0.0,0.0,0.0,0.0
85.788,19.79,1029.74,52.824,9.5,0.0,0.0,0.0,0.0,0.0
85.906,19.82,1029.782,52.805,9.46,0.0,0.0,0.0,0.0,0.0
85.965,19.82,1029.782,52.849,9.49,0.0,0.0,0.0,0.0,0.0
86.077,19.82,1029.795,52.883,9.39,0.0,0.0,0.0,0.0,0.0
86.217,19.81,1029.766,52.848,9.57,0.0,0.0,0.0,0.0,0.0
86.331,19.79,1029.708,52.835,9.43,0.0,0.0,0.0,0.0,0.0
86.44,19.74,1029.668,52.829,9.44,0.0,0.0,0.0,0.0,0.0
86.569,19.76,1029.756,52.82,9.55,0.0,0.0,0.0,0.0,0.0
86.664,19.79,1029.758,52.891,9.67,0.0,0.0,0.0,0.0,0.0
86.88,19.83,1029.709,52.818,9.81,0.0,0.0,0.0,0.0,0.0
86.914,19.76,1029.627,52.831,9.62,0.0,0.0,0.0,0.0,0.0
87.078,19.81,1029.777,52.815,9.73,0.0,0.0,0.0,0.0,0.0
87.167,19.84,1029.763,52.818,9.73,0.0,0.0,0.0,0.0,0.0
87.279,19.74,1029.615,52.807,9.75,0.0,0.0,0.0,0.0,0.0
87.41,19.74,1029.587,52.818,9.56,0.0,0.0,0.0,0.0,0.0
87.472,19.75,1029.678,52.819,9.56,0.0,0.0,0.0,0.0,0.0
87.667,19.74,1029.637,52.796,9.35,0.0,0.0,0.0,0.0,0.0
87.801,19.76,1029.646,52.798,9.56,0.0,0.0,0.0,0.0,0.0
88.052,19.85,1029.686,52.775,9.29,0.0,0.0,0.0,0.0,0.0
88.137,19.78,1029.574,52.733,9.23,0.0,0.0,0.0,0.0,0.0
88.248,19.76,1029.506,52.831,9.12,0.0,0.0,0.0,0.0,0.0
88.327,19.77,1029.559,52.743,9.21,0.0,0.0,0.0,0.0,0.0
88.414,19.76,1029.53,52.754,9.15,0.0,0.0,0.0,0.0,0.0
88.522,19.77,1029.584,52.855,9.22,0.0,0.0,0.0,0.0,0.0
88.616,19.77,1029.572,52.7,9.33,0.0,0.0,0.0,0.0,0.0
88.784,19.77,1029.609,52.766,9.22,0.0,0.0,0.0,0.0,0.0
88.894,19.77,1029.561,52.864,9.38,0.0,0.0,0.0,0.0,0.0
88.973,19.87,1029.715,52.878,9.39,0.0,0.0,0.0,0.0,0.0
89.079,19.85,1029.686,52.692,9.29,0.0,0.0,0.0,0.0,0.0
89.166,19.83,1029.634,52.784,9.43,0.0,0.0,0.0,0.0,0.0
89.3,19.83,1029.635,52.818,9.4,0.0,0.0,0.0,0.0,0.0
89.415,19.8,1029.556,52.669,9.23,0.0,0.0,0.0,0.0,0.0
89.547,19.79,1029.541,52.758,9.33,0.0,0.0,0.0,0.0,0.0
89.616,19.84,1029.653,52.763,9.47,0.0,0.0,0.0,0.0,0.0
89.723,19.86,1029.678,52.809,9.28,0.0,0.0,0.0,0.0,0.0
89.827,19.86,1029.67,52.765,9.29,0.0,0.0,0.0,0.0,0.0
89.915,19.88,1029.746,52.768,9.29,0.0,0.0,0.0,0.0,0.0
90.027,19.89,1029.731,52.68,9.18,0.0,0.0,0.0,0.0,0.0
90.115,19.89,1029.707,52.747,9.26,0.0,0.0,0.0,0.0,0.0
90.278,19.89,1029.714,52.824,9.25,0.0,0.0,0.0,0.0,0.0
90.368,19.89,1029.671,52.747,9.36,0.0,0.0,0.0,0.0,0.0
90.527,19.82,1029.633,52.739,9.27,0.0,0.0,0.0,0.0,0.0
90.674,19.89,1029.673,52.715,9.38,0.0,0.0,0.0,0.0,0.0
90.781,19.84,1029.579,52.729,9.39,0.0,0.0,0.0,0.0,0.0
90.866,19.86,1029.651,52.775,9.41,0.0,0.0,0.0,0.0,0.0
90.974,19.86,1029.653,52.698,9.49,0.0,0.0,0.0,0.0,0.0
91.133,19.88,1029.7,52.757,9.5,0.0,0.0,0.0,0.0,0.0
91.225,19.9,1029.681,52.681,9.49,0.0,0.0,0.0,0.0,0.0
91.333,19.8,1029.536,52.692,9.37,0.0,0.0,0.0,0.0,0.0
91.422,19.83,1029.604,52.784,9.35,0.0,0.0,0.0,0.0,0.0
91.533,19.8,1029.522,52.759,9.51,0.0,0.0,0.0,0.0,0.0
91.633,19.81,1029.577,52.683,9.23,0.0,0.0,0.0,0.0,0.0
91.731,19.83,1029.61,52.707,9.16,0.0,0.0,0.0,0.0,0.0
91.816,19.81,1029.589,52.716,9.07,0.0,0.0,0.0,0.0,0.0
92.001,19.83,1029.594,52.707,9.08,0.0,0.0,0.0,0.0,0.0
92.067,19.92,1029.686,52.694,9.13,0.0,0.0,0.0,0.0,0.0
92.172,19.84,1029.569,52.695,9.09,0.0,0.0,0.0,0.0,0.0
92.281,19.84,1029.574,52.764,9.15,0.0,0.0,0.0,0.0,0.0
92.367,19.84,1029.583,52.674,9.21,0.0,0.0,0.0,0.0,0.0
92.479,19.84,1029.588,52.652,9.1,0.0,0.0,0.0,0.0,0.0
92.567,19.82,1029.549,52.76,9.46,0.0,0.0,0.0,0.0,0.0
92.678,19.83,1029.58,52.763,9.46,0.0,0.0,0.0,0.0,0.0
92.855,19.82,1029.579,52.639,9.61,0.0,0.0,0.0,0.0,0.0
92.974,19.83,1029.616,52.618,9.61,0.0,0.0,0.0,0.0,0.0
93.065,19.93,1029.786,52.729,9.69,0.0,0.0,0.0,0.0,0.0
93.249,19.9,1029.756,52.647,9.8,0.0,0.0,0.0,0.0,0.0
93.317,19.94,1029.746,52.641,9.7,0.0,0.0,0.0,0.0,0.0
93.483,19.88,1029.634,52.679,9.64,0.0,0.0,0.0,0.0,0.0
93.586,19.86,1029.61,52.643,9.63,0.0,0.0,0.0,0.0,0.0
93.67,19.9,1029.73,52.637,9.73,0.0,0.0,0.0,0.0,0.0
93.906,19.91,1029.744,52.693,9.57,0.0,0.0,0.0,0.0,0.0
93.979,19.95,1029.825,52.72,9.68,0.0,0.0,0.0,0.0,0.0
94.086,19.95,1029.8,52.542,9.5,0.0,0.0,0.0,0.0,0.0
94.171,19.93,1029.778,52.685,9.4,0.0,0.0,0.0,0.0,0.0
94.317,19.95,1029.806,52.62,9.45,0.0,0.0,0.0,0.0,0.0
94.426,19.93,1029.709,52.596,9.5,0.0,0.0,0.0,0.0,0.0
94.518,19.85,1029.618,52.653,9.41,0.0,0.0,0.0,0.0,0.0
94.624,19.88,1029.695,52.646,9.42,0.0,0.0,0.0,0.0,0.0
94.729,19.87,1029.645,52.635,9.44,0.0,0.0,0.0,0.0,0.0
94.816,19.89,1029.656,52.636,9.39,0.0,0.0,0.0,0.0,0.0
94.928,19.9,1029.656,52.67,9.27,0.0,0.0,0.0,0.0,0.0
95.04,19.93,1029.686,52.64,9.37,0.0,0.0,0.0,0.0,0.0
95.128,19.93,1029.681,52.573,9.27,0.0,0.0,0.0,0.0,0.0
95.226,19.95,1029.727,52.676,9.25,0.0,0.0,0.0,0.0,0.0
95.389,19.96,1029.723,52.722,9.41,0.0,0.0,0.0,0.0,0.0
95.507,19.97,1029.666,52.567,9.34,0.0,0.0,0.0,0.0,0.0
95.764,19.98,1029.718,52.623,9.29,0.0,0.0,0.0,0.0,0.0
95.871,19.98,1029.681,52.612,9.54,0.0,0.0,0.0,0.0,0.0
96.016,19.89,1029.567,52.603,9.48,0.0,0.0,0.0,0.0,0.0
96.159,19.98,1029.676,52.602,9.36,0.0,0.0,0.0,0.0,0.0
96.231,19.91,1029.516,52.638,9.28,0.0,0.0,0.0,0.0,0.0
96.322,19.89,1029.478,52.624,9.24,0.0,0.0,0.0,0.0,0.0
96.43,19.91,1029.504,52.604,9.23,0.0,0.0,0.0,0.0,0.0
96.516,19.9,1029.512,52.48,9.15,0.0,0.0,0.0,0.0,0.0
96.651,19.91,1029.507,52.627,9.15,0.0,0.0,0.0,0.0,0.0
96.87,19.92,1029.551,52.561,9.05,0.0,0.0,0.0,0.0,0.0
97.005,19.89,1029.508,52.626,8.94,0.0,0.0,0.0,0.0,0.0
97.099,20.0,1029.675,52.548,9.21,0.0,0.0,0.0,0.0,0.0
97.182,20.01,1029.694,52.482,9.1,0.0,0.0,0.0,0.0,0.0
97.263,19.99,1029.647,52.59,9.27,0.0,0.0,0.0,0.0,0.0
97.494,19.93,1029.544,52.563,9.41,0.0,0.0,0.0,0.0,0.0
97.608,19.94,1029.536,52.563,9.42,0.0,0.0,0.0,0.0,0.0
97.731,19.93,1029.519,52.596,9.41,0.0,0.0,0.0,0.0,0.0
97.826,19.95,1029.547,52.62,9.54,0.0,0.0,0.0,0.0,0.0
98.018,20.0,1029.693,52.582,9.37,0.0,0.0,0.0,0.0,0.0
98.152,20.01,1029.705,52.517,9.16,0.0,0.0,0.0,0.0,0.0
98.217,20.03,1029.747,52.597,10.23,0.0,0.0,0.0,0.0,0.0
98.381,20.04,1029.767,52.509,9.2,0.0,0.0,0.0,0.0,0.0
98.506,20.03,1029.717,52.553,9.52,0.0,0.0,0.0,0.0,0.0
98.617,19.94,1029.598,52.541,9.75,0.0,0.0,0.0,0.0,0.0
98.681,19.93,1029.589,52.528,9.77,0.0,0.0,0.0,0.0,0.0
98.766,19.94,1029.62,52.529,9.66,0.0,0.0,0.0,0.0,0.0
98.881,19.96,1029.643,52.533,9.09,0.0,0.0,0.0,0.0,0.0
98.967,19.98,1029.678,52.535,9.92,0.0,0.0,0.0,0.0,0.0
99.239,20.02,1029.709,52.495,9.72,0.0,0.0,0.0,0.0,0.0
99.44,19.95,1029.547,52.531,9.56,0.0,0.0,0.0,0.0,0.0
99.53,19.97,1029.636,52.501,9.36,0.0,0.0,0.0,0.0,0.0
99.626,19.95,1029.573,52.509,9.31,0.0,0.0,0.0,0.0,0.0
99.719,19.96,1029.597,52.554,9.35,0.0,0.0,0.0,0.0,0.0
99.822,19.97,1029.588,52.501,9.26,0.0,0.0,0.0,0.0,0.0
99.934,19.96,1029.587,52.511,9.16,0.0,0.0,0.0,0.0,0.0
100.102,19.95,1029.582,52.476,9.22,0.0,0.0,0.0,0.0,0.0
100.188,20.07,1029.727,52.479,9.1,0.0,0.0,0.0,0.0,0.0
100.271,20.0,1029.597,52.471,9.01,0.0,0.0,0.0,0.0,0.0
100.4,20.0,1029.595,52.493,9.19,0.0,0.0,0.0,0.0,0.0
100.465,20.01,1029.605,52.449,9.13,0.0,0.0,0.0,0.0,0.0
100.616,19.99,1029.579,52.502,9.31,0.0,0.0,0.0,0.0,0.0
100.666,19.97,1029.558,52.512,9.23,0.0,0.0,0.0,0.0,0.0
100.812,19.97,1029.542,52.468,9.45,0.0,0.0,0.0,0.0,0.0
100.933,19.96,1029.571,52.467,9.32,0.0,0.0,0.0,0.0,0.0
101.067,19.98,1029.586,52.512,9.27,0.0,0.0,0.0,0.0,0.0
101.13,20.08,1029.787,52.424,9.45,0.0,0.0,0.0,0.0,0.0
101.217,20.07,1029.76,52.513,9.49,0.0,0.0,0.0,0.0,0.0
101.342,20.06,1029.742,52.467,9.38,0.0,0.0,0.0,0.0,0.0
101.417,20.04,1029.716,52.434,9.57,0.0,0.0,0.0,0.0,0.0
101.521,20.01,1029.634,52.471,9.42,0.0,0.0,0.0,0.0,0.0
101.629,20.04,1029.675,52.453,9.54,0.0,0.0,0.0,0.0,0.0
101.906,20.01,1029.596,52.462,9.58,0.0,0.0,0.0,0.0,0.0
101.966,20.05,1029.726,52.487,9.51,0.0,0.0,0.0,0.0,0.0
102.108,20.08,1029.78,52.435,9.52,0.0,0.0,0.0,0.0,0.0
102.166,20.08,1029.8,52.514,9.49,0.0,0.0,0.0,0.0,0.0
102.292,20.11,1029.813,52.518,9.49,0.0,0.0,0.0,0.0,0.0
102.414,20.11,1029.829,52.406,9.42,0.0,0.0,0.0,0.0,0.0
102.574,20.11,1029.775,52.495,9.53,0.0,0.0,0.0,0.0,0.0
102.655,19.99,1029.594,52.459,9.59,0.0,0.0,0.0,0.0,0.0
102.74,20.01,1029.635,52.449,9.42,0.0,0.0,0.0,0.0,0.0
102.827,20.01,1029.631,52.438,9.52,0.0,0.0,0.0,0.0,0.0
103.02,20.02,1029.656,52.439,9.51,0.0,0.0,0.0,0.0,0.0
103.152,20.06,1029.722,52.434,9.55,0.0,0.0,0.0,0.0,0.0
103.275,20.07,1029.707,52.479,9.52,0.0,0.0,0.0,0.0,0.0
103.385,20.13,1029.738,52.385,9.52,0.0,0.0,0.0,0.0,0.0
103.474,20.01,1029.571,52.35,9.42,0.0,0.0,0.0,0.0,0.0
103.582,20.01,1029.567,52.439,9.4,0.0,0.0,0.0,0.0,0.0
103.665,20.03,1029.598,52.506,9.35,0.0,0.0,0.0,0.0,0.0
103.822,20.02,1029.575,52.396,9.39,0.0,0.0,0.0,0.0,0.0
103.884,20.02,1029.557,52.384,9.39,0.0,0.0,0.0,0.0,0.0
103.971,20.03,1029.623,52.396,9.42,0.0,0.0,0.0,0.0,0.0
104.116,20.03,1029.625,52.439,9.4,0.0,0.0,0.0,0.0,0.0
104.261,20.03,1029.622,52.408,9.48,0.0,0.0,0.0,0.0,0.0
104.328,20.1,1029.676,52.438,9.49,0.0,0.0,0.0,0.0,0.0
104.424,20.08,1029.668,52.392,9.39,0.0,0.0,0.0,0.0,0.0
104.53,20.07,1029.613,52.356,9.47,0.0,0.0,0.0,0.0,0.0
104.618,20.04,1029.571,52.441,9.46,0.0,0.0,0.0,0.0,0.0
104.724,20.06,1029.593,52.377,9.5,0.0,0.0,0.0,0.0,0.0
104.859,20.09,1029.674,52.336,9.47,0.0,0.0,0.0,0.0,0.0
104.971,20.08,1029.652,52.325,9.44,0.0,0.0,0.0,0.0,0.0
105.166,20.15,1029.755,52.354,9.43,0.0,0.0,0.0,0.0,0.0
105.282,20.15,1029.723,52.311,9.42,0.0,0.0,0.0,0.0,0.0
105.365,20.13,1029.724,52.397,9.29,0.0,0.0,0.0,0.0,0.0
105.471,20.14,1029.703,52.33,9.25,0.0,0.0,0.0,0.0,0.0
105.615,20.12,1029.644,52.384,9.17,0.0,0.0,0.0,0.0,0.0
105.741,20.13,1029.613,52.375,9.28,0.0,0.0,0.0,0.0,0.0
105.857,20.08,1029.591,52.346,9.18,0.0,0.0,0.0,0.0,0.0
105.924,20.1,1029.642,52.326,9.17,0.0,0.0,0.0,0.0,0.0
106.026,20.12,1029.668,52.352,9.13,0.0,0.0,0.0,0.0,0.0
106.119,20.13,1029.678,52.386,9.09,0.0,0.0,0.0,0.0,0.0
106.221,20.13,1029.686,52.195,9.15,0.0,0.0,0.0,0.0,0.0
106.335,20.15,1029.679,52.388,9.23,0.0,0.0,0.0,0.0,0.0
106.503,20.17,1029.725,52.268,9.28,0.0,0.0,0.0,0.0,0.0
106.608,20.17,1029.693,52.346,9.39,0.0,0.0,0.0,0.0,0.0
106.698,20.09,1029.602,52.336,9.33,0.0,0.0,0.0,0.0,0.0
106.779,20.08,1029.574,52.323,9.33,0.0,0.0,0.0,0.0,0.0
106.865,20.09,1029.636,52.325,9.39,0.0,0.0,0.0,0.0,0.0
106.973,20.07,1029.578,52.323,9.36,0.0,0.0,0.0,0.0,0.0
107.316,20.13,1029.672,52.307,9.47,0.0,0.0,0.0,0.0,0.0
107.423,20.19,1029.751,52.281,9.4,0.0,0.0,0.0,0.0,0.0
107.526,20.11,1029.607,52.295,9.42,0.0,0.0,0.0,0.0,0.0
107.618,20.1,1029.613,52.249,9.5,0.0,0.0,0.0,0.0,0.0
107.728,20.1,1029.564,52.294,9.52,0.0,0.0,0.0,0.0,0.0
107.841,20.11,1029.61,52.361,9.51,0.0,0.0,0.0,0.0,0.0
107.927,20.11,1029.602,52.228,9.48,0.0,0.0,0.0,0.0,0.0
108.068,20.1,1029.605,52.26,9.48,0.0,0.0,0.0,0.0,0.0
108.171,20.11,1029.642,52.361,9.82,0.0,0.0,0.0,0.0,0.0
108.365,20.19,1029.698,52.247,9.45,0.0,0.0,0.0,0.0,0.0
108.479,20.15,1029.664,52.255,9.33,0.0,0.0,0.0,0.0,0.0
108.567,20.17,1029.714,52.257,9.42,0.0,0.0,0.0,0.0,0.0
108.689,20.16,1029.653,52.233,9.63,0.0,0.0,0.0,0.0,0.0
108.816,20.12,1029.572,52.184,9.54,0.0,0.0,0.0,0.0,0.0
108.958,20.13,1029.6,52.23,9.51,0.0,0.0,0.0,0.0,0.0
109.126,20.2,1029.758,52.239,9.4,0.0,0.0,0.0,0.0,0.0
109.23,20.21,1029.768,52.296,9.41,0.0,0.0,0.0,0.0,0.0
109.318,20.22,1029.796,52.285,9.3,0.0,0.0,0.0,0.0,0.0
109.451,20.17,1029.686,52.268,9.28,0.0,0.0,0.0,0.0,0.0
109.534,20.23,1029.776,52.152,9.21,0.0,0.0,0.0,0.0,0.0
109.673,20.21,1029.759,52.239,9.24,0.0,0.0,0.0,0.0,0.0
109.787,20.19,1029.648,52.236,9.18,0.0,0.0,0.0,0.0,0.0
109.872,20.15,1029.659,52.243,9.33,0.0,0.0,0.0,0.0,0.0
109.983,20.16,1029.648,52.233,9.19,0.0,0.0,0.0,0.0,0.0
110.187,20.19,1029.707,52.226,9.39,0.0,0.0,0.0,0.0,0.0
110.266,20.21,1029.744,52.206,9.47,0.0,0.0,0.0,0.0,0.0
110.396,20.22,1029.742,52.206,9.39,0.0,0.0,0.0,0.0,0.0
110.517,20.23,1029.77,52.164,9.41,0.0,0.0,0.0,0.0,0.0
110.664,20.24,1029.727,52.232,9.5,0.0,0.0,0.0,0.0,0.0
110.759,20.14,1029.603,52.098,9.61,0.0,0.0,0.0,0.0,0.0
110.819,20.15,1029.615,52.177,9.63,0.0,0.0,0.0,0.0,0.0
110.953,20.16,1029.61,52.167,9.77,0.0,0.0,0.0,0.0,0.0
111.018,20.15,1029.637,52.199,9.57,0.0,0.0,0.0,0.0,0.0
111.144,20.16,1029.632,52.2,9.7,0.0,0.0,0.0,0.0,0.0
111.228,20.17,1029.623,52.2,9.62,0.0,0.0,0.0,0.0,0.0
111.375,20.2,1029.667,52.204,9.71,0.0,0.0,0.0,0.0,0.0
111.483,20.26,1029.719,52.188,9.54,0.0,0.0,0.0,0.0,0.0
111.567,20.18,1029.619,52.202,9.69,0.0,0.0,0.0,0.0,0.0
111.699,20.17,1029.598,52.101,9.54,0.0,0.0,0.0,0.0,0.0
111.767,20.17,1029.577,52.146,9.5,0.0,0.0,0.0,0.0,0.0
111.903,20.17,1029.594,52.168,9.44,0.0,0.0,0.0,0.0,0.0
111.989,20.18,1029.597,52.247,9.35,0.0,0.0,0.0,0.0,0.0
112.073,20.16,1029.559,52.155,9.23,0.0,0.0,0.0,0.0,0.0
112.24,20.18,1029.591,52.124,9.22,0.0,0.0,0.0,0.0,0.0
112.429,20.27,1029.697,52.157,8.99,0.0,0.0,0.0,0.0,0.0
112.518,20.24,1029.64,52.142,9.14,0.0,0.0,0.0,0.0,0.0
112.646,20.25,1029.633,52.155,9.1,0.0,0.0,0.0,0.0,0.0
112.786,20.23,1029.604,52.12,9.07,0.0,0.0,0.0,0.0,0.0
112.872,20.22,1029.566,52.152,9.11,0.0,0.0,0.0,0.0,0.0
112.969,20.24,1029.646,52.153,9.17,0.0,0.0,0.0,0.0,0.0
113.071,20.24,1029.654,52.177,9.21,0.0,0.0,0.0,0.0,0.0
113.204,20.27,1029.682,52.123,9.29,0.0,0.0,0.0,0.0,0.0
113.267,20.27,1029.672,52.223,9.44,0.0,0.0,0.0,0.0,0.0
113.403,20.29,1029.716,52.193,9.39,0.0,0.0,0.0,0.0,0.0
113.514,20.29,1029.681,52.104,9.42,0.0,0.0,0.0,0.0,0.0
113.717,20.25,1029.632,52.133,9.55,0.0,0.0,0.0,0.0,0.0
113.844,20.26,1029.614,52.112,9.46,0.0,0.0,0.0,0.0,0.0
113.933,20.21,1029.594,52.116,9.56,0.0,0.0,0.0,0.0,0.0
114.018,20.22,1029.609,52.106,9.38,0.0,0.0,0.0,0.0,0.0
114.129,20.24,1029.678,52.108,9.41,0.0,0.0,0.0,0.0,0.0
114.217,20.24,1029.669,52.109,9.38,0.0,0.0,0.0,0.0,0.0
114.403,20.28,1029.708,52.092,9.35,0.0,0.0,0.0,0.0,0.0
114.468,20.3,1029.689,52.116,9.22,0.0,0.0,0.0,0.0,0.0
114.704,20.21,1029.56,52.072,9.35,0.0,0.0,0.0,0.0,0.0
114.967,20.2,1029.562,52.094,9.5,0.0,0.0,0.0,0.0,0.0
115.104,20.22,1029.605,52.085,9.37,0.0,0.0,0.0,0.0,0.0
115.185,20.23,1029.631,52.085,9.61,0.0,0.0,0.0,0.0,0.0
115.326,20.24,1029.676,52.086,9.42,0.0,0.0,0.0,0.0,0.0
115.454,20.25,1029.64,52.066,9.45,0.0,0.0,0.0,0.0,0.0
115.547,20.33,1029.743,52.063,9.74,0.0,0.0,0.0,0.0,0.0
115.72,20.24,1029.565,51.941,9.42,0.0,0.0,0.0,0.0,0.0
115.821,20.25,1029.567,52.087,9.61,0.0,0.0,0.0,0.0,0.0
115.935,20.24,1029.588,52.075,9.5,0.0,0.0,0.0,0.0,0.0
116.073,20.25,1029.598,52.044,9.52,0.0,0.0,0.0,0.0,0.0
116.169,20.25,1029.617,51.999,9.54,0.0,0.0,0.0,0.0,0.0
116.275,20.34,1029.762,52.178,9.53,0.0,0.0,0.0,0.0,0.0
116.403,20.32,1029.72,52.04,9.64,0.0,0.0,0.0,0.0,0.0
116.468,20.35,1029.744,52.055,9.41,0.0,0.0,0.0,0.0,0.0
116.585,20.33,1029.7,52.063,9.53,0.0,0.0,0.0,0.0,0.0
116.666,20.31,1029.661,52.029,9.49,0.0,0.0,0.0,0.0,0.0
116.821,20.29,1029.584,52.037,9.43,0.0,0.0,0.0,0.0,0.0
116.916,20.3,1029.639,51.982,9.2,0.0,0.0,0.0,0.0,0.0
117.128,20.3,1029.611,52.061,8.99,0.0,0.0,0.0,0.0,0.0
117.218,20.32,1029.671,52.074,9.14,0.0,0.0,0.0,0.0,0.0
117.354,20.33,1029.687,52.008,9.16,0.0,0.0,0.0,0.0,0.0
117.418,20.35,1029.708,51.999,9.18,0.0,0.0,0.0,0.0,0.0
117.655,20.37,1029.758,51.923,9.04,0.0,0.0,0.0,0.0,0.0
117.972,20.26,1029.539,52.0,9.23,0.0,0.0,0.0,0.0,0.0
118.166,20.28,1029.578,51.991,9.4,0.0,0.0,0.0,0.0,0.0
118.418,20.33,1029.684,51.984,9.52,0.0,0.0,0.0,0.0,0.0
118.551,20.38,1029.675,52.025,9.62,0.0,0.0,0.0,0.0,0.0
118.847,20.28,1029.552,52.014,9.81,0.0,0.0,0.0,0.0,0.0
118.938,20.28,1029.56,51.98,9.83,0.0,0.0,0.0,0.0,0.0
119.022,20.28,1029.553,52.068,9.8,0.0,0.0,0.0,0.0,0.0
119.119,20.29,1029.568,52.048,9.8,0.0,0.0,0.0,0.0,0.0
119.245,20.29,1029.57,51.926,9.84,0.0,0.0,0.0,0.0,0.0
119.346,20.3,1029.616,51.96,9.73,0.0,0.0,0.0,0.0,0.0
119.473,20.29,1029.612,51.96,9.57,0.0,0.0,0.0,0.0,0.0
119.586,20.4,1029.723,51.961,9.61,0.0,0.0,0.0,0.0,0.0
119.667,20.32,1029.553,51.963,9.52,0.0,0.0,0.0,0.0,0.0
119.78,20.31,1029.542,51.939,9.42,0.0,0.0,0.0,0.0,0.0
119.866,20.35,1029.581,51.898,9.41,0.0,0.0,0.0,0.0,0.0
120.117,20.32,1029.507,51.963,9.33,0.0,0.0,0.0,0.0,0.0
120.418,20.41,1029.701,51.962,9.09,0.0,0.0,0.0,0.0,0.0
120.53,20.42,1029.708,51.939,9.02,0.0,0.0,0.0,0.0,0.0
120.639,20.42,1029.687,51.841,9.01,0.0,0.0,0.0,0.0,0.0
120.844,20.39,1029.628,51.87,8.91,0.0,0.0,0.0,0.0,0.0
120.976,20.39,1029.609,51.903,9.11,0.0,0.0,0.0,0.0,0.0
121.089,20.35,1029.563,51.888,9.07,0.0,0.0,0.0,0.0,0.0
121.3,20.39,1029.674,51.894,9.2,0.0,0.0,0.0,0.0,0.0
121.368,20.39,1029.653,51.915,9.17,0.0,0.0,0.0,0.0,0.0
121.504,20.41,1029.686,51.896,9.43,0.0,0.0,0.0,0.0,0.0
121.591,20.41,1029.684,51.906,9.48,0.0,0.0,0.0,0.0,0.0
121.698,20.42,1029.728,51.84,9.55,0.0,0.0,0.0,0.0,0.0
121.838,20.43,1029.723,51.876,9.68,0.0,0.0,0.0,0.0,0.0
122.029,20.34,1029.564,51.831,9.74,0.0,0.0,0.0,0.0,0.0
122.12,20.33,1029.594,51.842,9.82,0.0,0.0,0.0,0.0,0.0
122.323,20.36,1029.618,51.856,9.73,0.0,0.0,0.0,0.0,0.0
122.426,20.38,1029.648,51.847,9.85,0.0,0.0,0.0,0.0,0.0
122.531,20.39,1029.684,51.849,9.72,0.0,0.0,0.0,0.0,0.0
122.785,20.46,1029.726,51.879,9.61,0.0,0.0,0.0,0.0,0.0
122.917,20.36,1029.565,51.879,9.66,0.0,0.0,0.0,0.0,0.0
122.984,20.37,1029.563,51.801,9.58,0.0,0.0,0.0,0.0,0.0
123.265,20.36,1029.571,51.823,9.48,0.0,0.0,0.0,0.0,0.0
123.318,20.38,1029.599,51.747,9.42,0.0,0.0,0.0,0.0,0.0
123.472,20.46,1029.733,51.823,9.47,0.0,0.0,0.0,0.0,0.0
123.62,20.45,1029.669,51.81,9.3,0.0,0.0,0.0,0.0,0.0
123.748,20.44,1029.642,51.81,9.31,0.0,0.0,0.0,0.0,0.0
123.818,20.42,1029.597,51.784,9.22,0.0,0.0,0.0,0.0,0.0
124.052,20.41,1029.542,51.805,9.18,0.0,0.0,0.0,0.0,0.0
124.279,20.4,1029.535,51.748,9.27,0.0,0.0,0.0,0.0,0.0
124.503,20.48,1029.72,51.814,9.3,0.0,0.0,0.0,0.0,0.0
124.588,20.48,1029.718,51.748,9.25,0.0,0.0,0.0,0.0,0.0
124.7,20.48,1029.705,51.748,9.17,0.0,0.0,0.0,0.0,0.0
124.786,20.47,1029.669,51.813,9.5,0.0,0.0,0.0,0.0,0.0
125.045,20.46,1029.644,51.756,9.32,0.0,0.0,0.0,0.0,0.0
125.156,20.46,1029.611,51.756,9.3,0.0,0.0,0.0,0.0,0.0
125.23,20.45,1029.618,51.743,9.35,0.0,0.0,0.0,0.0,0.0
125.336,20.47,1029.641,51.723,9.33,0.0,0.0,0.0,0.0,0.0
125.448,20.44,1029.616,51.776,9.29,0.0,0.0,0.0,0.0,0.0
125.536,20.46,1029.65,51.745,9.28,0.0,0.0,0.0,0.0,0.0
125.672,20.48,1029.667,51.681,9.44,0.0,0.0,0.0,0.0,0.0
125.766,20.5,1029.655,51.772,9.24,0.0,0.0,0.0,0.0,0.0
125.999,20.41,1029.535,51.794,9.34,0.0,0.0,0.0,0.0,0.0
126.269,20.42,1029.599,51.729,9.46,0.0,0.0,0.0,0.0,0.0
126.421,20.42,1029.588,51.718,9.47,0.0,0.0,0.0,0.0,0.0
126.515,20.44,1029.614,51.687,9.52,0.0,0.0,0.0,0.0,0.0
126.755,20.48,1029.621,51.682,9.41,0.0,0.0,0.0,0.0,0.0
126.821,20.46,1029.597,51.723,9.67,0.0,0.0,0.0,0.0,0.0
126.933,20.44,1029.562,51.698,9.58,0.0,0.0,0.0,0.0,0.0
127.042,20.46,1029.647,51.622,9.55,0.0,0.0,0.0,0.0,0.0
127.123,20.44,1029.582,51.698,9.45,0.0,0.0,0.0,0.0,0.0
127.231,20.43,1029.563,51.709,9.49,0.0,0.0,0.0,0.0,0.0
127.506,20.45,1029.588,51.677,9.61,0.0,0.0,0.0,0.0,0.0
127.683,20.47,1029.607,51.669,9.61,0.0,0.0,0.0,0.0,0.0
127.807,20.52,1029.682,51.694,9.6,0.0,0.0,0.0,0.0,0.0
128.153,20.47,1029.564,51.657,9.61,0.0,0.0,0.0,0.0,0.0
128.283,20.52,1029.666,51.686,9.47,0.0,0.0,0.0,0.0,0.0
128.452,20.55,1029.655,51.688,9.43,0.0,0.0,0.0,0.0,0.0
128.624,20.56,1029.707,51.655,9.34,0.0,0.0,0.0,0.0,0.0
128.757,20.56,1029.692,51.678,9.33,0.0,0.0,0.0,0.0,0.0
128.884,20.56,1029.691,51.61,9.31,0.0,0.0,0.0,0.0,0.0
128.968,20.56,1029.628,51.668,9.32,0.0,0.0,0.0,0.0,0.0
129.073,20.47,1029.557,51.646,9.27,0.0,0.0,0.0,0.0,0.0
129.186,20.46,1029.497,51.645,9.43,0.0,0.0,0.0,0.0,0.0
129.267,20.46,1029.505,51.645,9.32,0.0,0.0,0.0,0.0,0.0
129.417,20.5,1029.579,51.639,9.34,0.0,0.0,0.0,0.0,0.0
129.467,20.5,1029.552,51.638,9.16,0.0,0.0,0.0,0.0,0.0
129.573,20.51,1029.591,51.628,9.46,0.0,0.0,0.0,0.0,0.0
129.717,20.53,1029.614,51.676,9.33,0.0,0.0,0.0,0.0,0.0
129.928,20.48,1029.448,51.613,9.47,0.0,0.0,0.0,0.0,0.0
130.048,20.48,1029.463,51.736,9.27,0.0,0.0,0.0,0.0,0.0
130.13,20.49,1029.471,51.604,9.19,0.0,0.0,0.0,0.0,0.0
130.218,20.5,1029.507,51.604,9.31,0.0,0.0,0.0,0.0,0.0
130.359,20.51,1029.545,51.596,9.28,0.0,0.0,0.0,0.0,0.0
130.477,20.51,1029.555,51.606,9.25,0.0,0.0,0.0,0.0,0.0
130.573,20.51,1029.548,51.583,9.29,0.0,0.0,0.0,0.0,0.0
130.792,20.54,1029.529,51.631,9.32,0.0,0.0,0.0,0.0,0.0
130.905,20.54,1029.522,51.542,9.25,0.0,0.0,0.0,0.0,0.0
130.967,20.54,1029.516,51.553,9.24,0.0,0.0,0.0,0.0,0.0
131.276,20.5,1029.458,51.572,9.26,0.0,0.0,0.0,0.0,0.0
131.433,20.52,1029.515,51.597,9.28,0.0,0.0,0.0,0.0,0.0
131.523,20.51,1029.488,51.538,9.33,0.0,0.0,0.0,0.0,0.0
131.667,20.61,1029.679,51.628,9.31,0.0,0.0,0.0,0.0,0.0
131.809,20.61,1029.619,51.528,9.35,0.0,0.0,0.0,0.0,0.0
131.968,20.5,1029.515,51.55,9.32,0.0,0.0,0.0,0.0,0.0
132.079,20.53,1029.584,51.553,9.45,0.0,0.0,0.0,0.0,0.0
132.169,20.55,1029.597,51.544,9.45,0.0,0.0,0.0,0.0,0.0
132.414,20.56,1029.598,51.479,9.55,0.0,0.0,0.0,0.0,0.0
132.468,20.58,1029.63,51.514,9.44,0.0,0.0,0.0,0.0,0.0
132.602,20.59,1029.69,51.57,9.64,0.0,0.0,0.0,0.0,0.0
132.707,20.6,1029.715,51.416,9.73,0.0,0.0,0.0,0.0,0.0
132.776,20.62,1029.709,51.508,9.72,0.0,0.0,0.0,0.0,0.0
132.919,20.63,1029.74,51.575,9.73,0.0,0.0,0.0,0.0,0.0
133.043,20.63,1029.665,51.541,9.53,0.0,0.0,0.0,0.0,0.0
133.133,20.53,1029.557,51.553,9.54,0.0,0.0,0.0,0.0,0.0
133.246,20.53,1029.549,51.464,9.53,0.0,0.0,0.0,0.0,0.0
133.379,20.56,1029.593,51.478,9.48,0.0,0.0,0.0,0.0,0.0
133.552,20.64,1029.716,51.51,9.3,0.0,0.0,0.0,0.0,0.0
133.772,20.62,1029.711,51.464,9.33,0.0,0.0,0.0,0.0,0.0
133.893,20.65,1029.697,51.499,9.28,0.0,0.0,0.0,0.0,0.0
133.975,20.57,1029.562,51.457,9.27,0.0,0.0,0.0,0.0,0.0
134.185,20.55,1029.534,51.466,9.19,0.0,0.0,0.0,0.0,0.0
134.387,20.56,1029.546,51.545,9.29,0.0,0.0,0.0,0.0,0.0
134.619,20.57,1029.545,51.489,9.39,0.0,0.0,0.0,0.0,0.0
134.729,20.56,1029.561,51.456,9.21,0.0,0.0,0.0,0.0,0.0
134.851,20.67,1029.631,51.441,9.33,0.0,0.0,0.0,0.0,0.0
134.917,20.62,1029.649,51.44,9.25,0.0,0.0,0.0,0.0,0.0
135.08,20.62,1029.619,51.373,9.58,0.0,0.0,0.0,0.0,0.0
135.196,20.61,1029.614,51.428,9.65,0.0,0.0,0.0,0.0,0.0
135.314,20.63,1029.703,51.419,9.48,0.0,0.0,0.0,0.0,0.0
135.37,20.64,1029.682,51.486,9.55,0.0,0.0,0.0,0.0,0.0
135.585,20.67,1029.688,51.436,9.64,0.0,0.0,0.0,0.0,0.0
135.698,20.66,1029.692,51.545,9.48,0.0,0.0,0.0,0.0,0.0
135.868,20.68,1029.72,51.426,9.34,0.0,0.0,0.0,0.0,0.0
136.117,20.67,1029.683,51.436,9.29,0.0,0.0,0.0,0.0,0.0
136.225,20.66,1029.624,51.423,9.35,0.0,0.0,0.0,0.0,0.0
136.361,20.61,1029.621,51.417,9.31,0.0,0.0,0.0,0.0,0.0
136.464,20.62,1029.567,51.418,9.32,0.0,0.0,0.0,0.0,0.0
136.578,20.65,1029.653,51.388,9.37,0.0,0.0,0.0,0.0,0.0
136.768,20.7,1029.649,51.438,9.4,0.0,0.0,0.0,0.0,0.0
136.893,20.68,1029.71,51.481,9.59,0.0,0.0,0.0,0.0,0.0
136.996,20.7,1029.678,51.416,9.48,0.0,0.0,0.0,0.0,0.0
137.113,20.6,1029.52,51.449,9.59,0.0,0.0,0.0,0.0,0.0
137.211,20.6,1029.54,51.416,9.46,0.0,0.0,0.0,0.0,0.0
137.386,20.65,1029.628,51.399,9.48,0.0,0.0,0.0,0.0,0.0
137.498,20.61,1029.543,51.395,9.56,0.0,0.0,0.0,0.0,0.0
137.871,20.64,1029.593,51.375,9.28,0.0,0.0,0.0,0.0,0.0
137.935,20.72,1029.643,51.385,9.26,0.0,0.0,0.0,0.0,0.0
138.028,20.64,1029.515,51.443,9.29,0.0,0.0,0.0,0.0,0.0
138.119,20.64,1029.496,51.331,9.24,0.0,0.0,0.0,0.0,0.0
138.229,20.65,1029.504,51.41,9.25,0.0,0.0,0.0,0.0,0.0
138.318,20.64,1029.502,51.375,9.29,0.0,0.0,0.0,0.0,0.0
138.533,20.63,1029.45,51.43,9.27,0.0,0.0,0.0,0.0,0.0
138.724,20.65,1029.486,51.376,9.29,0.0,0.0,0.0,0.0,0.0
138.812,20.64,1029.476,51.353,9.19,0.0,0.0,0.0,0.0,0.0
138.869,20.74,1029.614,51.331,9.41,0.0,0.0,0.0,0.0,0.0
139.008,20.72,1029.625,51.359,9.35,0.0,0.0,0.0,0.0,0.0
139.068,20.71,1029.567,51.339,9.25,0.0,0.0,0.0,0.0,0.0
139.173,20.68,1029.527,51.302,9.41,0.0,0.0,0.0,0.0,0.0
139.316,20.69,1029.545,51.326,9.23,0.0,0.0,0.0,0.0,0.0
139.425,20.69,1029.54,51.314,9.25,0.0,0.0,0.0,0.0,0.0
139.53,20.71,1029.615,51.272,9.16,0.0,0.0,0.0,0.0,0.0
139.644,20.72,1029.633,51.329,9.16,0.0,0.0,0.0,0.0,0.0
139.728,20.73,1029.656,51.342,9.26,0.0,0.0,0.0,0.0,0.0
139.819,20.74,1029.684,51.242,9.22,0.0,0.0,0.0,0.0,0.0
140.094,20.76,1029.648,51.4,9.2,0.0,0.0,0.0,0.0,0.0
140.201,20.69,1029.599,51.293,9.09,0.0,0.0,0.0,0.0,0.0
140.287,20.67,1029.582,51.269,9.45,0.0,0.0,0.0,0.0,0.0
140.48,20.66,1029.561,51.289,9.11,0.0,0.0,0.0,0.0,0.0
140.707,20.69,1029.625,51.293,9.61,0.0,0.0,0.0,0.0,0.0
140.784,20.71,1029.659,51.272,9.79,0.0,0.0,0.0,0.0,0.0
141.052,20.74,1029.717,51.298,9.83,0.0,0.0,0.0,0.0,0.0
141.143,20.78,1029.701,51.27,9.72,0.0,0.0,0.0,0.0,0.0
141.228,20.68,1029.553,51.392,9.6,0.0,0.0,0.0,0.0,0.0
141.319,20.69,1029.594,51.271,9.73,0.0,0.0,0.0,0.0,0.0
141.429,20.68,1029.571,51.213,9.86,0.0,0.0,0.0,0.0,0.0
141.518,20.69,1029.584,51.271,9.57,0.0,0.0,0.0,0.0,0.0
141.679,20.67,1029.557,51.269,9.69,0.0,0.0,0.0,0.0,0.0
141.769,20.69,1029.594,51.281,9.37,0.0,0.0,0.0,0.0,0.0
141.935,20.75,1029.681,51.288,9.58,0.0,0.0,0.0,0.0,0.0
142.069,20.73,1029.652,51.241,9.45,0.0,0.0,0.0,0.0,0.0
142.181,20.8,1029.717,51.215,9.43,0.0,0.0,0.0,0.0,0.0
142.266,20.72,1029.596,51.263,9.36,0.0,0.0,0.0,0.0,0.0
142.424,20.72,1029.569,51.24,9.46,0.0,0.0,0.0,0.0,0.0
142.516,20.72,1029.553,51.284,9.42,0.0,0.0,0.0,0.0,0.0
142.642,20.72,1029.562,51.24,9.48,0.0,0.0,0.0,0.0,0.0
142.728,20.8,1029.731,51.282,9.52,0.0,0.0,0.0,0.0,0.0
142.929,20.81,1029.736,51.184,9.74,0.0,0.0,0.0,0.0,0.0
143.019,20.79,1029.673,51.248,9.67,0.0,0.0,0.0,0.0,0.0
143.122,20.79,1029.699,51.226,9.59,0.0,0.0,0.0,0.0,0.0
143.238,20.81,1029.718,51.164,9.66,0.0,0.0,0.0,0.0,0.0
143.486,20.76,1029.56,51.2,9.46,0.0,0.0,0.0,0.0,0.0
143.573,20.74,1029.53,51.153,9.35,0.0,0.0,0.0,0.0,0.0
143.683,20.76,1029.575,51.244,9.38,0.0,0.0,0.0,0.0,0.0
143.766,20.77,1029.598,51.234,9.32,0.0,0.0,0.0,0.0,0.0
143.987,20.8,1029.618,51.237,8.85,0.0,0.0,0.0,0.0,0.0
144.075,20.82,1029.657,51.184,9.03,0.0,0.0,0.0,0.0,0.0
144.235,20.83,1029.668,51.13,9.41,0.0,0.0,0.0,0.0,0.0
144.325,20.84,1029.618,51.164,9.18,0.0,0.0,0.0,0.0,0.0
144.428,20.75,1029.508,51.132,9.14,0.0,0.0,0.0,0.0,0.0
144.518,20.74,1029.488,51.131,8.99,0.0,0.0,0.0,0.0,0.0
144.634,20.74,1029.504,51.153,9.25,0.0,0.0,0.0,0.0,0.0
144.72,20.75,1029.488,51.154,9.13,0.0,0.0,0.0,0.0,0.0
144.825,20.78,1029.537,51.146,9.15,0.0,0.0,0.0,0.0,0.0
144.933,20.78,1029.519,51.146,9.48,0.0,0.0,0.0,0.0,0.0
145.075,20.81,1029.613,51.127,9.35,0.0,0.0,0.0,0.0,0.0
145.184,20.85,1029.581,51.198,9.27,0.0,0.0,0.0,0.0,0.0
145.346,20.77,1029.449,51.09,9.57,0.0,0.0,0.0,0.0,0.0
145.488,20.85,1029.655,51.209,9.51,0.0,0.0,0.0,0.0,0.0
145.598,20.85,1029.576,51.122,9.14,0.0,0.0,0.0,0.0,0.0
145.718,20.75,1029.467,51.087,9.27,0.0,0.0,0.0,0.0,0.0
145.854,20.78,1029.501,51.036,9.43,0.0,0.0,0.0,0.0,0.0
145.93,20.86,1029.665,51.156,9.48,0.0,0.0,0.0,0.0,0.0
146.03,20.84,1029.608,51.098,9.48,0.0,0.0,0.0,0.0,0.0
146.132,20.83,1029.599,51.099,9.33,0.0,0.0,0.0,0.0,0.0
146.242,20.8,1029.547,51.081,9.58,0.0,0.0,0.0,0.0,0.0
146.349,20.82,1029.592,51.105,8.97,0.0,0.0,0.0,0.0,0.0
146.451,20.8,1029.549,51.126,9.64,0.0,0.0,0.0,0.0,0.0
146.597,20.8,1029.547,51.038,9.75,0.0,0.0,0.0,0.0,0.0
146.686,20.77,1029.504,51.067,8.94,0.0,0.0,0.0,0.0,0.0
146.774,20.85,1029.66,51.087,9.64,0.0,0.0,0.0,0.0,0.0
146.88,20.86,1029.692,51.1,9.19,0.0,0.0,0.0,0.0,0.0
146.968,20.87,1029.717,51.001,9.47,0.0,0.0,0.0,0.0,0.0
147.121,20.88,1029.714,51.113,9.59,0.0,0.0,0.0,0.0,0.0
147.185,20.88,1029.719,51.058,9.31,0.0,0.0,0.0,0.0,0.0
147.273,20.88,1029.726,51.214,9.28,0.0,0.0,0.0,0.0,0.0
147.454,20.88,1029.715,51.08,9.46,0.0,0.0,0.0,0.0,0.0
147.525,20.88,1029.677,51.08,9.82,0.0,0.0,0.0,0.0,0.0
147.63,20.79,1029.573,51.069,9.35,0.0,0.0,0.0,0.0,0.0
147.718,20.83,1029.646,51.063,9.8,0.0,0.0,0.0,0.0,0.0
147.83,20.83,1029.63,51.063,9.45,0.0,0.0,0.0,0.0,0.0
147.921,20.85,1029.663,51.054,9.69,0.0,0.0,0.0,0.0,0.0
148.17,20.9,1029.695,51.104,9.43,0.0,0.0,0.0,0.0,0.0
148.324,20.8,1029.516,51.038,9.58,0.0,0.0,0.0,0.0,0.0
148.409,20.8,1029.491,51.059,9.57,0.0,0.0,0.0,0.0,0.0
148.589,20.81,1029.579,51.039,9.47,0.0,0.0,0.0,0.0,0.0
148.717,20.82,1029.533,51.05,9.39,0.0,0.0,0.0,0.0,0.0
148.853,20.83,1029.583,51.086,9.29,0.0,0.0,0.0,0.0,0.0
148.935,20.91,1029.687,51.026,9.58,0.0,0.0,0.0,0.0,0.0
149.052,20.87,1029.593,51.034,9.12,0.0,0.0,0.0,0.0,0.0
149.137,20.89,1029.607,51.046,9.44,0.0,0.0,0.0,0.0,0.0
149.243,20.86,1029.57,51.066,9.17,0.0,0.0,0.0,0.0,0.0
149.349,20.86,1029.51,51.111,9.29,0.0,0.0,0.0,0.0,0.0
149.441,20.85,1029.509,51.01,9.2,0.0,0.0,0.0,0.0,0.0
149.546,20.85,1029.517,50.964,9.08,0.0,0.0,0.0,0.0,0.0
149.821,20.83,1029.45,50.996,9.05,0.0,0.0,0.0,0.0,0.0
149.886,20.83,1029.451,51.04,9.28,0.0,0.0,0.0,0.0,0.0
150.019,20.93,1029.68,50.997,8.86,0.0,0.0,0.0,0.0,0.0
150.086,20.93,1029.676,51.053,9.5,0.0,0.0,0.0,0.0,0.0
150.169,20.94,1029.665,51.053,8.84,0.0,0.0,0.0,0.0,0.0
150.282,20.91,1029.612,50.905,9.4,0.0,0.0,0.0,0.0,0.0
150.368,20.9,1029.601,50.916,9.12,0.0,0.0,0.0,0.0,0.0
150.647,20.88,1029.562,50.979,9.73,0.0,0.0,0.0,0.0,0.0
150.777,20.89,1029.545,50.969,8.86,0.0,0.0,0.0,0.0,0.0
150.846,20.93,1029.688,50.896,9.56,0.0,0.0,0.0,0.0,0.0
150.969,20.93,1029.67,50.996,9.66,0.0,0.0,0.0,0.0,0.0
151.03,20.93,1029.654,50.974,9.55,0.0,0.0,0.0,0.0,0.0
151.121,20.94,1029.68,50.93,9.92,0.0,0.0,0.0,0.0,0.0
151.334,20.96,1029.7,50.898,10.03,0.0,0.0,0.0,0.0,0.0
151.474,20.96,1029.674,50.988,9.73,0.0,0.0,0.0,0.0,0.0
151.806,20.86,1029.542,50.943,9.35,0.0,0.0,0.0,0.0,0.0
151.869,20.88,1029.533,50.946,9.76,0.0,0.0,0.0,0.0,0.0
151.993,20.91,1029.611,50.938,9.22,0.0,0.0,0.0,0.0,0.0
152.118,20.91,1029.614,50.895,9.28,0.0,0.0,0.0,0.0,0.0
152.25,20.97,1029.638,50.913,9.07,0.0,0.0,0.0,0.0,0.0
152.354,20.9,1029.538,51.005,8.92,0.0,0.0,0.0,0.0,0.0
152.426,20.9,1029.529,50.926,9.14,0.0,0.0,0.0,0.0,0.0
152.53,20.88,1029.474,50.924,8.95,0.0,0.0,0.0,0.0,0.0
152.619,20.9,1029.506,50.915,9.16,0.0,0.0,0.0,0.0,0.0
152.751,20.88,1029.476,50.935,9.17,0.0,0.0,0.0,0.0,0.0
152.838,20.88,1029.47,50.868,9.41,0.0,0.0,0.0,0.0,0.0
152.998,20.88,1029.517,50.846,9.45,0.0,0.0,0.0,0.0,0.0
153.07,20.89,1029.499,50.926,9.31,0.0,0.0,0.0,0.0,0.0
153.214,20.99,1029.663,50.9,9.58,0.0,0.0,0.0,0.0,0.0
153.285,20.94,1029.563,50.887,9.46,0.0,0.0,0.0,0.0,0.0
153.368,20.94,1029.558,50.854,9.71,0.0,0.0,0.0,0.0,0.0
153.488,20.92,1029.504,50.794,9.52,0.0,0.0,0.0,0.0,0.0
153.569,20.91,1029.478,50.882,9.74,0.0,0.0,0.0,0.0,0.0
153.673,20.9,1029.466,50.858,9.78,0.0,0.0,0.0,0.0,0.0
153.819,20.93,1029.526,50.762,9.51,0.0,0.0,0.0,0.0,0.0
153.944,20.9,1029.444,50.782,9.56,0.0,0.0,0.0,0.0,0.0
154.029,20.99,1029.635,50.78,9.49,0.0,0.0,0.0,0.0,0.0
154.119,21.01,1029.666,50.904,9.49,0.0,0.0,0.0,0.0,0.0
154.232,21.01,1029.644,50.85,9.43,0.0,0.0,0.0,0.0,0.0
154.319,21.01,1029.655,50.86,9.37,0.0,0.0,0.0,0.0,0.0
154.448,21.0,1029.627,50.849,9.22,0.0,0.0,0.0,0.0,0.0
154.529,21.02,1029.62,50.873,8.99,0.0,0.0,0.0,0.0,0.0
154.695,20.98,1029.552,50.824,9.22,0.0,0.0,0.0,0.0,0.0
154.783,21.0,1029.531,50.826,8.97,0.0,0.0,0.0,0.0,0.0
154.868,20.94,1029.445,50.818,9.08,0.0,0.0,0.0,0.0,0.0
155.001,20.96,1029.532,50.788,9.11,0.0,0.0,0.0,0.0,0.0
155.069,20.97,1029.559,50.812,9.04,0.0,0.0,0.0,0.0,0.0
155.194,20.99,1029.584,50.803,9.1,0.0,0.0,0.0,0.0,0.0
155.287,21.01,1029.627,50.771,9.1,0.0,0.0,0.0,0.0,0.0
155.557,21.04,1029.643,50.729,9.25,0.0,0.0,0.0,0.0,0.0
155.649,21.03,1029.59,50.796,9.29,0.0,0.0,0.0,0.0,0.0
155.732,20.94,1029.468,50.764,9.49,0.0,0.0,0.0,0.0,0.0
155.98,20.97,1029.572,50.745,9.5,0.0,0.0,0.0,0.0,0.0
156.07,21.05,1029.661,50.779,9.52,0.0,0.0,0.0,0.0,0.0
156.176,21.01,1029.562,50.782,9.62,0.0,0.0,0.0,0.0,0.0
156.272,20.99,1029.525,50.758,9.57,0.0,0.0,0.0,0.0,0.0
156.377,20.97,1029.511,50.79,9.41,0.0,0.0,0.0,0.0,0.0
156.481,20.98,1029.512,50.802,9.63,0.0,0.0,0.0,0.0,0.0
156.587,20.97,1029.528,50.757,9.27,0.0,0.0,0.0,0.0,0.0
156.687,20.98,1029.549,50.768,9.59,0.0,0.0,0.0,0.0,0.0
156.769,20.97,1029.492,50.778,9.46,0.0,0.0,0.0,0.0,0.0
156.88,20.96,1029.517,50.732,9.37,0.0,0.0,0.0,0.0,0.0
157.061,20.96,1029.499,50.731,9.56,0.0,0.0,0.0,0.0,0.0
157.126,20.96,1029.527,50.755,9.55,0.0,0.0,0.0,0.0,0.0
157.27,21.05,1029.652,50.809,9.17,0.0,0.0,0.0,0.0,0.0
157.43,21.04,1029.619,50.709,9.44,0.0,0.0,0.0,0.0,0.0
157.539,20.96,1029.674,50.723,9.53,0.0,0.0,0.0,0.0,0.0
157.623,21.04,1029.61,50.696,9.58,0.0,0.0,0.0,0.0,0.0
157.761,21.02,1029.557,50.705,9.65,0.0,0.0,0.0,0.0,0.0
157.875,21.02,1029.54,50.718,9.83,0.0,0.0,0.0,0.0,0.0
157.981,21.0,1029.503,50.692,9.6,0.0,0.0,0.0,0.0,0.0
158.077,21.04,1029.626,50.742,9.6,0.0,0.0,0.0,0.0,0.0
158.223,21.06,1029.659,50.743,9.47,0.0,0.0,0.0,0.0,0.0
158.286,21.07,1029.68,50.745,9.54,0.0,0.0,0.0,0.0,0.0
158.418,21.08,1029.684,50.735,9.27,0.0,0.0,0.0,0.0,0.0
158.574,21.09,1029.673,50.703,9.3,0.0,0.0,0.0,0.0,0.0
158.736,21.08,1029.618,50.778,9.3,0.0,0.0,0.0,0.0,0.0
159.04,21.01,1029.487,50.681,9.49,0.0,0.0,0.0,0.0,0.0
159.247,21.04,1029.579,50.675,9.33,0.0,0.0,0.0,0.0,0.0
159.347,21.06,1029.608,50.688,9.29,0.0,0.0,0.0,0.0,0.0
159.47,21.08,1029.651,50.69,9.32,0.0,0.0,0.0,0.0,0.0
159.575,21.09,1029.641,50.691,9.49,0.0,0.0,0.0,0.0,0.0
159.687,21.11,1029.618,50.682,9.26,0.0,0.0,0.0,0.0,0.0
159.769,21.01,1029.473,50.626,9.64,0.0,0.0,0.0,0.0,0.0
159.968,21.0,1029.419,50.559,9.6,0.0,0.0,0.0,0.0,0.0
160.077,21.01,1029.468,50.626,9.73,0.0,0.0,0.0,0.0,0.0
160.217,21.04,1029.512,50.629,9.45,0.0,0.0,0.0,0.0,0.0
160.37,21.01,1029.444,50.65,9.83,0.0,0.0,0.0,0.0,0.0
160.707,21.09,1029.536,50.591,9.57,0.0,0.0,0.0,0.0,0.0
160.826,21.08,1029.541,50.657,9.49,0.0,0.0,0.0,0.0,0.0
160.932,21.13,1029.58,50.561,9.13,0.0,0.0,0.0,0.0,0.0
161.116,21.05,1029.468,50.586,9.04,0.0,0.0,0.0,0.0,0.0
161.21,21.05,1029.489,50.553,9.05,0.0,0.0,0.0,0.0,0.0
161.393,21.13,1029.675,50.63,9.32,0.0,0.0,0.0,0.0,0.0
161.469,21.14,1029.631,50.619,8.86,0.0,0.0,0.0,0.0,0.0
161.59,21.12,1029.59,50.628,9.31,0.0,0.0,0.0,0.0,0.0
161.69,21.11,1029.565,50.592,9.28,0.0,0.0,0.0,0.0,0.0
161.944,21.09,1029.511,50.58,9.54,0.0,0.0,0.0,0.0,0.0
162.023,21.11,1029.525,50.581,9.28,0.0,0.0,0.0,0.0,0.0
162.148,21.1,1029.604,50.548,9.95,0.0,0.0,0.0,0.0,0.0
162.244,21.1,1029.588,50.524,9.26,0.0,0.0,0.0,0.0,0.0
162.371,21.12,1029.626,50.595,9.84,0.0,0.0,0.0,0.0,0.0
162.421,21.14,1029.634,50.541,9.55,0.0,0.0,0.0,0.0,0.0
162.553,21.14,1029.628,50.496,9.81,0.0,0.0,0.0,0.0,0.0
162.632,21.17,1029.667,50.488,9.67,0.0,0.0,0.0,0.0,0.0
162.774,21.16,1029.667,50.544,9.38,0.0,0.0,0.0,0.0,0.0
162.884,21.17,1029.658,50.577,9.77,0.0,0.0,0.0,0.0,0.0
163.088,21.07,1029.49,50.578,9.33,0.0,0.0,0.0,0.0,0.0
163.169,21.09,1029.521,50.534,9.58,0.0,0.0,0.0,0.0,0.0
163.297,21.11,1029.534,50.536,9.24,0.0,0.0,0.0,0.0,0.0
163.439,21.12,1029.564,50.538,9.3,0.0,0.0,0.0,0.0,0.0
163.576,21.18,1029.623,50.457,9.44,0.0,0.0,0.0,0.0,0.0
163.634,21.11,1029.487,50.527,9.18,0.0,0.0,0.0,0.0,0.0
163.721,21.09,1029.467,50.568,9.5,0.0,0.0,0.0,0.0,0.0
163.83,21.1,1029.452,50.591,9.12,0.0,0.0,0.0,0.0,0.0
163.92,21.11,1029.472,50.595,9.67,0.0,0.0,0.0,0.0,0.0
164.186,21.11,1029.473,50.536,9.23,0.0,0.0,0.0,0.0,0.0
164.298,21.2,1029.666,50.47,9.36,0.0,0.0,0.0,0.0,0.0
164.389,21.2,1029.625,50.458,9.36,0.0,0.0,0.0,0.0,0.0
164.514,21.2,1029.617,50.447,9.39,0.0,0.0,0.0,0.0,0.0
164.58,21.18,1029.59,50.523,9.25,0.0,0.0,0.0,0.0,0.0
164.67,21.18,1029.579,50.454,9.51,0.0,0.0,0.0,0.0,0.0
164.803,21.17,1029.556,50.454,9.52,0.0,0.0,0.0,0.0,0.0
164.89,21.13,1029.486,50.405,9.62,0.0,0.0,0.0,0.0,0.0
165.003,21.14,1029.521,50.496,9.09,0.0,0.0,0.0,0.0,0.0
165.142,21.13,1029.496,50.496,9.43,0.0,0.0,0.0,0.0,0.0
165.332,21.19,1029.629,50.468,9.3,0.0,0.0,0.0,0.0,0.0
165.419,21.2,1029.652,50.459,9.46,0.0,0.0,0.0,0.0,0.0
165.526,21.2,1029.657,50.437,9.44,0.0,0.0,0.0,0.0,0.0
165.636,21.21,1029.645,50.415,9.42,0.0,0.0,0.0,0.0,0.0
165.868,21.22,1029.637,50.448,9.39,0.0,0.0,0.0,0.0,0.0
166.112,21.12,1029.498,50.438,9.59,0.0,0.0,0.0,0.0,0.0
166.17,21.13,1029.494,50.427,9.53,0.0,0.0,0.0,0.0,0.0
166.369,21.15,1029.532,50.407,9.57,0.0,0.0,0.0,0.0,0.0
166.475,21.17,1029.538,50.41,9.36,0.0,0.0,0.0,0.0,0.0
166.618,21.2,1029.6,50.401,9.48,0.0,0.0,0.0,0.0,0.0
166.859,21.15,1029.491,50.363,9.31,0.0,0.0,0.0,0.0,0.0
166.921,21.14,1029.436,50.373,9.41,0.0,0.0,0.0,0.0,0.0
167.069,21.16,1029.458,50.442,9.12,0.0,0.0,0.0,0.0,0.0
167.12,21.14,1029.481,50.496,9.21,0.0,0.0,0.0,0.0,0.0
167.33,21.14,1029.445,50.418,9.2,0.0,0.0,0.0,0.0,0.0
167.425,21.15,1029.448,50.497,9.62,0.0,0.0,0.0,0.0,0.0
167.498,21.25,1029.582,50.393,9.16,0.0,0.0,0.0,0.0,0.0
167.608,21.21,1029.551,50.39,9.35,0.0,0.0,0.0,0.0,0.0
167.716,21.21,1029.494,50.347,9.2,0.0,0.0,0.0,0.0,0.0
167.87,21.18,1029.498,50.367,9.27,0.0,0.0,0.0,0.0,0.0
168.026,21.17,1029.422,50.343,9.28,0.0,0.0,0.0,0.0,0.0
168.085,21.18,1029.426,50.334,9.41,0.0,0.0,0.0,0.0,0.0
168.213,21.18,1029.46,50.422,9.61,0.0,0.0,0.0,0.0,0.0
168.344,21.17,1029.438,50.389,9.53,0.0,0.0,0.0,0.0,0.0
168.448,21.17,1029.413,50.275,9.37,0.0,0.0,0.0,0.0,0.0
168.533,21.27,1029.629,50.521,9.35,0.0,0.0,0.0,0.0,0.0
168.62,21.27,1029.631,50.377,9.42,0.0,0.0,0.0,0.0,0.0
168.769,21.27,1029.604,50.299,9.41,0.0,0.0,0.0,0.0,0.0
168.836,21.25,1029.605,50.308,9.54,0.0,0.0,0.0,0.0,0.0
168.926,21.21,1029.531,50.348,9.43,0.0,0.0,0.0,0.0,0.0
169.056,21.26,1029.576,50.364,9.45,0.0,0.0,0.0,0.0,0.0
169.173,21.24,1029.566,50.328,9.52,0.0,0.0,0.0,0.0,0.0
169.37,21.23,1029.595,50.306,9.53,0.0,0.0,0.0,0.0,0.0
169.517,21.25,1029.636,50.284,9.61,0.0,0.0,0.0,0.0,0.0
169.569,21.25,1029.623,50.33,9.22,0.0,0.0,0.0,0.0,0.0
169.677,21.26,1029.62,50.409,9.49,0.0,0.0,0.0,0.0,0.0
169.817,21.3,1029.657,50.335,9.55,0.0,0.0,0.0,0.0,0.0
169.968,21.3,1029.636,50.303,9.61,0.0,0.0,0.0,0.0,0.0
170.031,21.19,1029.466,50.334,9.34,0.0,0.0,0.0,0.0,0.0
170.122,21.19,1029.482,50.312,9.42,0.0,0.0,0.0,0.0,0.0
170.252,21.2,1029.506,50.313,9.35,0.0,0.0,0.0,0.0,0.0
170.425,21.21,1029.513,50.291,9.43,0.0,0.0,0.0,0.0,0.0
170.56,21.22,1029.528,50.281,9.19,0.0,0.0,0.0,0.0,0.0
170.714,21.25,1029.561,50.308,9.53,0.0,0.0,0.0,0.0,0.0
170.791,21.31,1029.64,50.271,9.69,0.0,0.0,0.0,0.0,0.0
170.876,21.23,1029.475,50.294,9.53,0.0,0.0,0.0,0.0,0.0
170.983,21.24,1029.51,50.352,9.73,0.0,0.0,0.0,0.0,0.0
171.086,21.23,1029.479,50.305,9.73,0.0,0.0,0.0,0.0,0.0
171.201,21.21,1029.467,50.203,9.55,0.0,0.0,0.0,0.0,0.0
171.287,21.22,1029.471,50.292,9.72,0.0,0.0,0.0,0.0,0.0
171.375,21.24,1029.495,50.316,9.83,0.0,0.0,0.0,0.0,0.0
171.538,21.22,1029.459,50.214,9.68,0.0,0.0,0.0,0.0,0.0
171.662,21.22,1029.462,50.214,9.59,0.0,0.0,0.0,0.0,0.0
171.73,21.33,1029.658,50.26,9.46,0.0,0.0,0.0,0.0,0.0
171.822,21.32,1029.624,50.271,9.61,0.0,0.0,0.0,0.0,0.0
171.937,21.31,1029.569,50.225,9.43,0.0,0.0,0.0,0.0,0.0
172.044,21.27,1029.468,50.276,9.67,0.0,0.0,0.0,0.0,0.0
172.124,21.26,1029.461,50.253,9.01,0.0,0.0,0.0,0.0,0.0
172.232,21.27,1029.451,50.275,9.14,0.0,0.0,0.0,0.0,0.0
172.374,21.27,1029.451,50.265,8.93,0.0,0.0,0.0,0.0,0.0
172.481,21.25,1029.418,50.285,8.43,0.0,0.0,0.0,0.0,0.0
172.567,21.32,1029.578,50.282,8.83,0.0,0.0,0.0,0.0,0.0
172.689,21.33,1029.541,50.182,8.92,0.0,0.0,0.0,0.0,0.0
172.768,21.35,1029.63,50.129,8.86,0.0,0.0,0.0,0.0,0.0
172.882,21.36,1029.598,50.151,8.67,0.0,0.0,0.0,0.0,0.0
173.013,21.36,1029.6,50.229,8.47,0.0,0.0,0.0,0.0,0.0
173.068,21.36,1029.587,50.22,8.97,0.0,0.0,0.0,0.0,0.0
173.231,21.33,1029.544,50.249,8.86,0.0,0.0,0.0,0.0,0.0
173.433,21.27,1029.451,50.198,9.05,0.0,0.0,0.0,0.0,0.0
173.52,21.29,1029.498,50.188,9.38,0.0,0.0,0.0,0.0,0.0
173.679,21.31,1029.537,50.18,9.34,0.0,0.0,0.0,0.0,0.0
173.743,21.31,1029.54,50.214,9.04,0.0,0.0,0.0,0.0,0.0
173.925,21.34,1029.627,50.095,9.46,0.0,0.0,0.0,0.0,0.0
173.993,21.37,1029.61,50.198,9.12,0.0,0.0,0.0,0.0,0.0
174.106,21.29,1029.545,50.156,9.4,0.0,0.0,0.0,0.0,0.0
174.194,21.27,1029.501,50.153,9.48,0.0,0.0,0.0,0.0,0.0
174.325,21.29,1029.547,50.19,10.25,0.0,0.0,0.0,0.0,0.0
174.488,21.38,1029.675,50.233,9.52,0.0,0.0,0.0,0.0,0.0
174.594,21.38,1029.652,50.121,9.52,0.0,0.0,0.0,0.0,0.0
174.736,21.29,1029.542,50.166,9.74,0.0,0.0,0.0,0.0,0.0
174.826,21.39,1029.694,50.156,9.19,0.0,0.0,0.0,0.0,0.0
174.955,21.34,1029.584,50.116,9.82,0.0,0.0,0.0,0.0,0.0
175.02,21.34,1029.614,50.172,9.55,0.0,0.0,0.0,0.0,0.0
175.18,21.32,1029.531,50.226,9.66,0.0,0.0,0.0,0.0,0.0
175.347,21.36,1029.682,50.152,9.71,0.0,0.0,0.0,0.0,0.0
175.429,21.4,1029.655,50.157,9.17,0.0,0.0,0.0,0.0,0.0
175.623,21.31,1029.462,50.169,9.39,0.0,0.0,0.0,0.0,0.0
175.681,21.3,1029.503,50.179,9.24,0.0,0.0,0.0,0.0,0.0
175.771,21.41,1029.718,50.103,9.47,0.0,0.0,0.0,0.0,0.0
175.881,21.41,1029.688,50.113,9.73,0.0,0.0,0.0,0.0,0.0
176.064,21.38,1029.646,50.144,9.18,0.0,0.0,0.0,0.0,0.0
176.173,21.41,1029.628,50.113,9.16,0.0,0.0,0.0,0.0,0.0
176.263,21.31,1029.483,50.102,9.35,0.0,0.0,0.0,0.0,0.0
176.52,21.38,1029.615,50.075,9.26,0.0,0.0,0.0,0.0,0.0
176.631,21.4,1029.629,50.079,9.9,0.0,0.0,0.0,0.0,0.0
176.721,21.38,1029.644,50.055,9.26,0.0,0.0,0.0,0.0,0.0
176.855,21.38,1029.639,50.032,8.87,0.0,0.0,0.0,0.0,0.0
176.962,21.41,1029.672,50.058,9.63,0.0,0.0,0.0,0.0,0.0
177.075,21.42,1029.666,50.081,9.44,0.0,0.0,0.0,0.0,0.0
177.195,21.43,1029.622,50.06,9.25,0.0,0.0,0.0,0.0,0.0
177.292,21.32,1029.491,50.06,9.46,0.0,0.0,0.0,0.0,0.0
177.382,21.34,1029.519,50.049,9.4,0.0,0.0,0.0,0.0,0.0
177.489,21.32,1029.466,50.06,9.74,0.0,0.0,0.0,0.0,0.0
177.599,21.32,1029.499,50.07,9.55,0.0,0.0,0.0,0.0,0.0
177.689,21.35,1029.54,50.051,9.52,0.0,0.0,0.0,0.0,0.0
177.774,21.34,1029.514,50.05,9.08,0.0,0.0,0.0,0.0,0.0
177.936,21.37,1029.548,49.997,9.41,0.0,0.0,0.0,0.0,0.0
178.067,21.45,1029.61,49.994,9.12,0.0,0.0,0.0,0.0,0.0
178.133,21.38,1029.519,50.055,9.23,0.0,0.0,0.0,0.0,0.0
178.219,21.35,1029.482,50.028,9.44,0.0,0.0,0.0,0.0,0.0
178.331,21.35,1029.478,50.028,9.56,0.0,0.0,0.0,0.0,0.0
178.421,21.37,1029.522,50.053,9.49,0.0,0.0,0.0,0.0,0.0
178.58,21.34,1029.453,50.072,9.43,0.0,0.0,0.0,0.0,0.0
178.671,21.36,1029.453,49.962,9.54,0.0,0.0,0.0,0.0,0.0
178.778,21.46,1029.643,49.951,9.33,0.0,0.0,0.0,0.0,0.0
178.886,21.46,1029.638,49.929,9.3,0.0,0.0,0.0,0.0,0.0
178.968,21.44,1029.557,49.982,9.6,0.0,0.0,0.0,0.0,0.0
179.084,21.44,1029.553,49.991,9.39,0.0,0.0,0.0,0.0,0.0
179.169,21.43,1029.535,49.97,9.5,0.0,0.0,0.0,0.0,0.0
179.274,21.39,1029.475,49.989,9.21,0.0,0.0,0.0,0.0,0.0
179.42,21.38,1029.449,49.954,9.07,0.0,0.0,0.0,0.0,0.0
179.576,21.42,1029.489,50.014,9.26,0.0,0.0,0.0,0.0,0.0
179.633,21.43,1029.556,50.049,9.37,0.0,0.0,0.0,0.0,0.0
179.751,21.45,1029.582,49.994,9.48,0.0,0.0,0.0,0.0,0.0
179.852,21.45,1029.593,49.938,9.1,0.0,0.0,0.0,0.0,0.0
179.92,21.46,1029.594,50.075,8.91,0.0,0.0,0.0,0.0,0.0
180.023,21.48,1029.613,49.964,9.04,0.0,0.0,0.0,0.0,0.0
180.139,21.48,1029.608,49.941,9.12,0.0,0.0,0.0,0.0,0.0
180.3,21.48,1029.622,49.931,9.06,0.0,0.0,0.0,0.0,0.0
180.405,21.47,1029.559,49.985,9.04,0.0,0.0,0.0,0.0,0.0
180.498,21.38,1029.47,49.965,9.22,0.0,0.0,0.0,0.0,0.0
180.584,21.39,1029.492,49.955,9.17,0.0,0.0,0.0,0.0,0.0
180.777,21.43,1029.547,49.948,9.42,0.0,0.0,0.0,0.0,0.0
180.887,21.42,1029.493,49.946,9.62,0.0,0.0,0.0,0.0,0.0
181.119,21.46,1029.616,49.929,9.65,0.0,0.0,0.0,0.0,0.0
181.247,21.5,1029.659,49.966,9.91,0.0,0.0,0.0,0.0,0.0
181.332,21.4,1029.491,49.833,9.82,0.0,0.0,0.0,0.0,0.0
181.419,21.39,1029.479,49.988,9.92,0.0,0.0,0.0,0.0,0.0
181.53,21.44,1029.565,49.972,9.62,0.0,0.0,0.0,0.0,0.0
181.621,21.4,1029.496,49.934,10.1,0.0,0.0,0.0,0.0,0.0
181.831,21.41,1029.499,49.957,9.77,0.0,0.0,0.0,0.0,0.0
181.977,21.4,1029.513,49.891,9.7,0.0,0.0,0.0,0.0,0.0
182.081,21.51,1029.634,49.912,9.54,0.0,0.0,0.0,0.0,0.0
182.167,21.47,1029.596,49.94,9.77,0.0,0.0,0.0,0.0,0.0
182.284,21.46,1029.562,49.939,9.64,0.0,0.0,0.0,0.0,0.0
182.371,21.46,1029.525,49.917,9.68,0.0,0.0,0.0,0.0,0.0
182.521,21.44,1029.49,49.927,9.72,0.0,0.0,0.0,0.0,0.0
182.601,21.44,1029.49,49.915,9.47,0.0,0.0,0.0,0.0,0.0
182.67,21.43,1029.466,49.869,9.56,0.0,0.0,0.0,0.0,0.0
182.83,21.44,1029.516,49.938,9.27,0.0,0.0,0.0,0.0,0.0
182.943,21.43,1029.46,49.902,9.39,0.0,0.0,0.0,0.0,0.0
183.031,21.53,1029.665,49.903,9.17,0.0,0.0,0.0,0.0,0.0
183.12,21.53,1029.666,49.936,9.36,0.0,0.0,0.0,0.0,0.0
183.223,21.53,1029.638,49.825,9.15,0.0,0.0,0.0,0.0,0.0
183.345,21.53,1029.632,49.848,9.42,0.0,0.0,0.0,0.0,0.0
183.558,21.49,1029.502,49.864,8.91,0.0,0.0,0.0,0.0,0.0
183.676,21.51,1029.528,49.845,8.98,0.0,0.0,0.0,0.0,0.0
183.782,21.46,1029.449,49.862,9.05,0.0,0.0,0.0,0.0,0.0
183.868,21.49,1029.557,49.888,9.27,0.0,0.0,0.0,0.0,0.0
184.022,21.51,1029.571,49.833,9.37,0.0,0.0,0.0,0.0,0.0
184.09,21.51,1029.563,49.834,9.29,0.0,0.0,0.0,0.0,0.0
184.175,21.53,1029.578,49.825,9.15,0.0,0.0,0.0,0.0,0.0
184.336,21.55,1029.646,49.86,9.19,0.0,0.0,0.0,0.0,0.0
184.427,21.56,1029.582,49.795,9.5,0.0,0.0,0.0,0.0,0.0
184.571,21.45,1029.417,49.838,9.46,0.0,0.0,0.0,0.0,0.0
184.739,21.56,1029.627,49.84,9.24,0.0,0.0,0.0,0.0,0.0
184.844,21.52,1029.518,49.813,9.77,0.0,0.0,0.0,0.0,0.0
185.032,21.49,1029.521,49.799,9.54,0.0,0.0,0.0,0.0,0.0
185.175,21.51,1029.541,49.79,9.61,0.0,0.0,0.0,0.0,0.0
185.287,21.57,1029.634,49.829,9.09,0.0,0.0,0.0,0.0,0.0
185.367,21.51,1029.52,49.778,9.57,0.0,0.0,0.0,0.0,0.0
185.504,21.49,1029.525,49.865,9.51,0.0,0.0,0.0,0.0,0.0
185.593,21.49,1029.473,49.809,9.43,0.0,0.0,0.0,0.0,0.0
185.697,21.49,1029.502,49.731,9.39,0.0,0.0,0.0,0.0,0.0
185.813,21.49,1029.509,49.709,9.5,0.0,0.0,0.0,0.0,0.0
185.893,21.47,1029.45,49.818,9.53,0.0,0.0,0.0,0.0,0.0
186.03,21.5,1029.506,49.731,9.59,0.0,0.0,0.0,0.0,0.0
186.146,21.49,1029.467,49.909,9.85,0.0,0.0,0.0,0.0,0.0
186.451,21.49,1029.486,49.753,8.84,0.0,0.0,0.0,0.0,0.0
186.541,21.58,1029.633,49.73,9.42,0.0,0.0,0.0,0.0,0.0
186.628,21.53,1029.494,49.771,9.37,0.0,0.0,0.0,0.0,0.0
186.749,21.53,1029.498,49.613,9.56,0.0,0.0,0.0,0.0,0.0
186.925,21.52,1029.463,49.812,9.26,0.0,0.0,0.0,0.0,0.0
186.99,21.52,1029.495,49.835,9.17,0.0,0.0,0.0,0.0,0.0
187.087,21.57,1029.587,49.774,9.08,0.0,0.0,0.0,0.0,0.0
187.268,21.59,1029.666,49.753,9.23,0.0,0.0,0.0,0.0,0.0
187.52,21.6,1029.62,49.722,8.98,0.0,0.0,0.0,0.0,0.0
187.749,21.5,1029.412,49.721,9.02,0.0,0.0,0.0,0.0,0.0
187.822,21.52,1029.448,49.711,9.08,0.0,0.0,0.0,0.0,0.0
187.952,21.52,1029.469,49.711,9.16,0.0,0.0,0.0,0.0,0.0
188.021,21.54,1029.494,49.703,9.02,0.0,0.0,0.0,0.0,0.0
188.233,21.56,1029.532,49.705,9.23,0.0,0.0,0.0,0.0,0.0
188.57,21.55,1029.511,49.693,9.53,0.0,0.0,0.0,0.0,0.0
188.684,21.54,1029.517,49.658,9.67,0.0,0.0,0.0,0.0,0.0
188.768,21.55,1029.541,49.727,9.55,0.0,0.0,0.0,0.0,0.0
188.878,21.52,1029.501,49.712,9.67,0.0,0.0,0.0,0.0,0.0
188.983,21.53,1029.48,49.735,9.85,0.0,0.0,0.0,0.0,0.0
189.074,21.53,1029.492,49.67,9.39,0.0,0.0,0.0,0.0,0.0
189.231,21.54,1029.534,49.657,9.75,0.0,0.0,0.0,0.0,0.0
189.344,21.65,1029.674,49.682,9.68,0.0,0.0,0.0,0.0,0.0
189.432,21.61,1029.583,49.666,9.45,0.0,0.0,0.0,0.0,0.0
189.522,21.53,1029.473,49.637,9.69,0.0,0.0,0.0,0.0,0.0
189.628,21.58,1029.55,49.687,9.68,0.0,0.0,0.0,0.0,0.0
189.855,21.57,1029.509,49.662,9.85,0.0,0.0,0.0,0.0,0.0
189.93,21.57,1029.509,49.572,9.59,0.0,0.0,0.0,0.0,0.0
190.025,21.59,1029.556,49.73,9.55,0.0,0.0,0.0,0.0,0.0
190.128,21.63,1029.637,49.669,9.41,0.0,0.0,0.0,0.0,0.0
190.27,21.57,1029.527,49.663,9.48,0.0,0.0,0.0,0.0,0.0
190.415,21.55,1029.478,49.693,9.4,0.0,0.0,0.0,0.0,0.0
190.515,21.66,1029.661,49.717,9.22,0.0,0.0,0.0,0.0,0.0
190.578,21.67,1029.66,49.649,9.5,0.0,0.0,0.0,0.0,0.0
190.719,21.63,1029.565,49.601,9.39,0.0,0.0,0.0,0.0,0.0
190.83,21.64,1029.563,49.625,9.3,0.0,0.0,0.0,0.0,0.0
190.988,21.61,1029.554,49.61,9.59,0.0,0.0,0.0,0.0,0.0
191.156,21.67,1029.574,49.539,9.26,0.0,0.0,0.0,0.0,0.0
191.259,21.6,1029.472,49.576,9.11,0.0,0.0,0.0,0.0,0.0
191.348,21.64,1029.59,49.715,9.33,0.0,0.0,0.0,0.0,0.0
191.435,21.66,1029.601,49.593,9.05,0.0,0.0,0.0,0.0,0.0
191.596,21.67,1029.618,49.662,9.31,0.0,0.0,0.0,0.0,0.0
191.768,21.58,1029.449,49.597,9.04,0.0,0.0,0.0,0.0,0.0
191.883,21.6,1029.492,49.588,9.16,0.0,0.0,0.0,0.0,0.0
191.969,21.61,1029.506,49.554,9.06,0.0,0.0,0.0,0.0,0.0
192.076,21.6,1029.472,49.598,9.1,0.0,0.0,0.0,0.0,0.0
192.183,21.62,1029.545,49.577,9.31,0.0,0.0,0.0,0.0,0.0
192.275,21.61,1029.504,49.565,9.22,0.0,0.0,0.0,0.0,0.0
192.44,21.61,1029.528,49.589,9.35,0.0,0.0,0.0,0.0,0.0
192.63,21.64,1029.536,49.513,9.46,0.0,0.0,0.0,0.0,0.0
192.744,21.63,1029.529,49.578,9.65,0.0,0.0,0.0,0.0,0.0
192.825,21.63,1029.545,49.624,9.42,0.0,0.0,0.0,0.0,0.0
192.938,21.59,1029.501,49.542,9.65,0.0,0.0,0.0,0.0,0.0
193.209,21.6,1029.498,49.53,9.66,0.0,0.0,0.0,0.0,0.0
193.276,21.6,1029.492,49.497,9.73,0.0,0.0,0.0,0.0,0.0
193.384,21.71,1029.698,49.543,9.74,0.0,0.0,0.0,0.0,0.0
193.47,21.71,1029.683,49.564,9.76,0.0,0.0,0.0,0.0,0.0
193.625,21.72,1029.699,49.433,9.82,0.0,0.0,0.0,0.0,0.0
193.71,21.71,1029.707,49.542,9.86,0.0,0.0,0.0,0.0,0.0
193.777,21.67,1029.607,49.517,10.03,0.0,0.0,0.0,0.0,0.0
193.882,21.67,1029.592,49.461,9.95,0.0,0.0,0.0,0.0,0.0
193.969,21.65,1029.533,49.458,9.8,0.0,0.0,0.0,0.0,0.0
194.132,21.65,1029.508,49.447,9.8,0.0,0.0,0.0,0.0,0.0
194.222,21.65,1029.531,49.459,9.7,0.0,0.0,0.0,0.0,0.0
194.335,21.69,1029.625,49.408,9.67,0.0,0.0,0.0,0.0,0.0
194.42,21.72,1029.639,49.6,9.33,0.0,0.0,0.0,0.0,0.0
194.561,21.73,1029.658,49.434,9.21,0.0,0.0,0.0,0.0,0.0
194.677,21.74,1029.653,49.445,9.11,0.0,0.0,0.0,0.0,0.0
194.829,21.74,1029.566,49.502,8.72,0.0,0.0,0.0,0.0,0.0
194.97,21.74,1029.609,49.469,8.82,0.0,0.0,0.0,0.0,0.0
195.09,21.74,1029.534,49.469,8.82,0.0,0.0,0.0,0.0,0.0
195.281,21.69,1029.511,49.463,9.3,0.0,0.0,0.0,0.0,0.0
195.396,21.67,1029.482,49.449,9.96,0.0,0.0,0.0,0.0,0.0
195.524,21.71,1029.553,49.442,9.21,0.0,0.0,0.0,0.0,0.0
195.641,21.73,1029.578,49.434,9.5,0.0,0.0,0.0,0.0,0.0
195.745,21.75,1029.565,49.48,9.33,0.0,0.0,0.0,0.0,0.0
195.851,21.66,1029.396,49.47,9.45,0.0,0.0,0.0,0.0,0.0
195.921,21.65,1029.384,49.47,9.48,0.0,0.0,0.0,0.0,0.0
196.026,21.66,1029.408,49.403,9.43,0.0,0.0,0.0,0.0,0.0
196.142,21.66,1029.399,49.37,9.48,0.0,0.0,0.0,0.0,0.0
196.289,21.65,1029.411,49.358,9.4,0.0,0.0,0.0,0.0,0.0
196.355,21.66,1029.418,49.37,9.41,0.0,0.0,0.0,0.0,0.0
196.475,21.7,1029.511,49.396,9.17,0.0,0.0,0.0,0.0,0.0
196.586,21.66,1029.462,49.427,9.43,0.0,0.0,0.0,0.0,0.0
196.67,21.74,1029.501,49.436,9.49,0.0,0.0,0.0,0.0,0.0
196.783,21.71,1029.512,49.409,9.39,0.0,0.0,0.0,0.0,0.0
196.895,21.72,1029.477,49.422,9.3,0.0,0.0,0.0,0.0,0.0
197.019,21.72,1029.43,49.344,9.55,0.0,0.0,0.0,0.0,0.0
197.084,21.7,1029.446,49.396,9.35,0.0,0.0,0.0,0.0,0.0
197.171,21.7,1029.453,49.386,9.13,0.0,0.0,0.0,0.0,0.0
197.334,21.72,1029.493,49.421,9.38,0.0,0.0,0.0,0.0,0.0
197.452,21.7,1029.476,49.386,9.42,0.0,0.0,0.0,0.0,0.0
197.538,21.78,1029.653,49.417,9.57,0.0,0.0,0.0,0.0,0.0
197.646,21.79,1029.676,49.44,9.72,0.0,0.0,0.0,0.0,0.0
197.744,21.79,1029.644,49.317,9.77,0.0,0.0,0.0,0.0,0.0
197.835,21.77,1029.594,49.394,9.51,0.0,0.0,0.0,0.0,0.0
197.999,21.79,1029.628,49.34,9.5,0.0,0.0,0.0,0.0,0.0
198.084,21.77,1029.578,49.371,9.28,0.0,0.0,0.0,0.0,0.0
198.273,21.72,1029.567,49.366,9.12,0.0,0.0,0.0,0.0,0.0
198.393,21.8,1029.636,49.396,9.59,0.0,0.0,0.0,0.0,0.0
198.478,21.74,1029.484,49.39,9.08,0.0,0.0,0.0,0.0,0.0
198.62,21.77,1029.633,49.382,9.39,0.0,0.0,0.0,0.0,0.0
198.756,21.81,1029.633,49.342,9.26,0.0,0.0,0.0,0.0,0.0
198.837,21.71,1029.451,49.274,9.54,0.0,0.0,0.0,0.0,0.0
198.946,21.71,1029.504,49.274,9.27,0.0,0.0,0.0,0.0,0.0
199.035,21.71,1029.452,49.273,8.5,0.0,0.0,0.0,0.0,0.0
199.122,21.71,1029.476,49.318,9.12,0.0,0.0,0.0,0.0,0.0
199.25,21.71,1029.487,49.31,9.51,0.0,0.0,0.0,0.0,0.0
199.361,21.72,1029.517,49.32,9.33,0.0,0.0,0.0,0.0,0.0
199.429,21.72,1029.531,49.332,9.32,0.0,0.0,0.0,0.0,0.0
199.531,21.72,1029.525,49.321,9.39,0.0,0.0,0.0,0.0,0.0
199.681,21.74,1029.549,49.312,9.4,0.0,0.0,0.0,0.0,0.0
199.79,21.83,1029.642,49.3,8.93,0.0,0.0,0.0,0.0,0.0
199.869,21.73,1029.516,49.356,9.3,0.0,0.0,0.0,0.0,0.0
199.983,21.73,1029.509,49.312,9.69,0.0,0.0,0.0,0.0,0.0
200.07,21.75,1029.554,49.212,9.57,0.0,0.0,0.0,0.0,0.0
200.281,21.76,1029.562,49.325,9.39,0.0,0.0,0.0,0.0,0.0
200.622,21.74,1029.547,49.302,9.91,0.0,0.0,0.0,0.0,0.0
200.755,21.83,1029.72,49.278,9.77,0.0,0.0,0.0,0.0,0.0
200.822,21.84,1029.744,49.211,10.05,0.0,0.0,0.0,0.0,0.0
200.976,21.83,1029.662,49.232,10.08,0.0,0.0,0.0,0.0,0.0
201.062,21.81,1029.632,49.265,9.76,0.0,0.0,0.0,0.0,0.0
201.283,21.79,1029.513,49.262,9.62,0.0,0.0,0.0,0.0,0.0
201.379,21.78,1029.545,49.237,9.4,0.0,0.0,0.0,0.0,0.0
201.504,21.8,1029.573,49.307,9.52,0.0,0.0,0.0,0.0,0.0
201.57,21.81,1029.64,49.264,9.42,0.0,0.0,0.0,0.0,0.0
201.681,21.82,1029.587,49.22,9.25,0.0,0.0,0.0,0.0,0.0
201.81,21.83,1029.618,49.222,9.4,0.0,0.0,0.0,0.0,0.0
201.875,21.86,1029.636,49.28,8.9,0.0,0.0,0.0,0.0,0.0
202.039,21.86,1029.625,49.259,9.01,0.0,0.0,0.0,0.0,0.0
202.128,21.86,1029.568,49.169,9.22,0.0,0.0,0.0,0.0,0.0
202.233,21.77,1029.443,49.271,8.92,0.0,0.0,0.0,0.0,0.0
202.347,21.79,1029.473,49.272,8.98,0.0,0.0,0.0,0.0,0.0
202.454,21.76,1029.408,49.214,8.96,0.0,0.0,0.0,0.0,0.0
202.522,21.79,1029.464,49.217,9.05,0.0,0.0,0.0,0.0,0.0
202.65,21.78,1029.445,49.205,8.88,0.0,0.0,0.0,0.0,0.0
202.732,21.79,1029.457,49.206,9.13,0.0,0.0,0.0,0.0,0.0
202.895,21.82,1029.487,49.22,8.95,0.0,0.0,0.0,0.0,0.0
203.07,21.8,1029.465,49.162,9.33,0.0,0.0,0.0,0.0,0.0
203.226,21.79,1029.418,49.251,9.2,0.0,0.0,0.0,0.0,0.0
203.319,21.79,1029.411,49.194,9.16,0.0,0.0,0.0,0.0,0.0
203.485,21.89,1029.602,49.283,9.38,0.0,0.0,0.0,0.0,0.0
203.614,21.89,1029.57,49.193,9.41,0.0,0.0,0.0,0.0,0.0
203.757,21.8,1029.466,49.184,9.51,0.0,0.0,0.0,0.0,0.0
203.932,21.89,1029.645,49.172,9.39,0.0,0.0,0.0,0.0,0.0
204.023,21.88,1029.587,49.157,9.55,0.0,0.0,0.0,0.0,0.0
204.234,21.83,1029.541,49.166,9.19,0.0,0.0,0.0,0.0,0.0
204.483,21.84,1029.54,49.099,10.0,0.0,0.0,0.0,0.0,0.0
204.706,21.88,1029.682,49.07,9.74,0.0,0.0,0.0,0.0,0.0
204.79,21.89,1029.679,49.205,9.79,0.0,0.0,0.0,0.0,0.0
204.988,21.91,1029.684,49.096,9.66,0.0,0.0,0.0,0.0,0.0
205.112,21.92,1029.682,49.107,9.86,0.0,0.0,0.0,0.0,0.0
205.184,21.88,1029.612,49.069,9.61,0.0,0.0,0.0,0.0,0.0
205.292,21.92,1029.659,49.107,9.74,0.0,0.0,0.0,0.0,0.0
205.437,21.9,1029.627,49.139,9.63,0.0,0.0,0.0,0.0,0.0
205.548,21.89,1029.563,49.127,9.35,0.0,0.0,0.0,0.0,0.0
205.672,21.84,1029.53,49.11,9.1,0.0,0.0,0.0,0.0,0.0
205.724,21.87,1029.559,49.113,9.32,0.0,0.0,0.0,0.0,0.0
205.932,21.89,1029.555,49.172,9.2,0.0,0.0,0.0,0.0,0.0
206.074,21.9,1029.566,49.095,9.2,0.0,0.0,0.0,0.0,0.0
206.184,21.94,1029.555,49.042,8.95,0.0,0.0,0.0,0.0,0.0
206.271,21.83,1029.428,49.076,9.01,0.0,0.0,0.0,0.0,0.0
206.407,21.83,1029.415,49.155,9.22,0.0,0.0,0.0,0.0,0.0
206.47,21.85,1029.446,49.101,9.09,0.0,0.0,0.0,0.0,0.0
206.576,21.84,1029.43,48.998,8.93,0.0,0.0,0.0,0.0,0.0
206.688,21.83,1029.432,49.099,9.09,0.0,0.0,0.0,0.0,0.0
206.937,21.85,1029.461,49.078,9.27,0.0,0.0,0.0,0.0,0.0
207.022,21.96,1029.59,49.057,9.34,0.0,0.0,0.0,0.0,0.0
207.165,21.89,1029.471,49.07,9.47,0.0,0.0,0.0,0.0,0.0
207.222,21.87,1029.443,49.068,9.18,0.0,0.0,0.0,0.0,0.0
207.372,21.86,1029.451,48.968,9.5,0.0,0.0,0.0,0.0,0.0
207.653,21.87,1029.459,49.146,9.6,0.0,0.0,0.0,0.0,0.0
207.777,21.86,1029.443,49.068,9.33,0.0,0.0,0.0,0.0,0.0
207.885,21.87,1029.456,49.068,9.31,0.0,0.0,0.0,0.0,0.0
207.993,21.97,1029.659,49.09,9.27,0.0,0.0,0.0,0.0,0.0
208.104,21.97,1029.649,49.067,9.11,0.0,0.0,0.0,0.0,0.0
208.219,21.97,1029.672,49.08,9.48,0.0,0.0,0.0,0.0,0.0
208.282,21.96,1029.66,49.124,9.26,0.0,0.0,0.0,0.0,0.0
208.456,21.93,1029.554,49.02,9.55,0.0,0.0,0.0,0.0,0.0
208.527,21.92,1029.515,49.019,9.42,0.0,0.0,0.0,0.0,0.0
208.632,21.88,1029.505,49.014,9.36,0.0,0.0,0.0,0.0,0.0
208.766,21.91,1029.568,49.018,9.31,0.0,0.0,0.0,0.0,0.0
208.831,21.92,1029.596,48.974,9.4,0.0,0.0,0.0,0.0,0.0
208.925,21.93,1029.602,49.02,9.55,0.0,0.0,0.0,0.0,0.0
209.07,21.95,1029.626,48.977,9.26,0.0,0.0,0.0,0.0,0.0
209.154,21.97,1029.666,49.023,9.56,0.0,0.0,0.0,0.0,0.0
209.276,21.98,1029.709,49.036,9.63,0.0,0.0,0.0,0.0,0.0
209.413,21.99,1029.646,48.981,9.84,0.0,0.0,0.0,0.0,0.0
209.515,21.9,1029.52,48.938,9.58,0.0,0.0,0.0,0.0,0.0
209.584,21.91,1029.547,48.938,9.5,0.0,0.0,0.0,0.0,0.0
209.672,21.9,1029.524,49.005,9.39,0.0,0.0,0.0,0.0,0.0
209.801,21.91,1029.523,48.983,9.84,0.0,0.0,0.0,0.0,0.0
209.883,21.89,1029.485,48.97,9.71,0.0,0.0,0.0,0.0,0.0
209.97,21.92,1029.542,48.973,9.46,0.0,0.0,0.0,0.0,0.0
210.158,21.92,1029.567,48.963,9.68,0.0,0.0,0.0,0.0,0.0
210.27,22.01,1029.68,48.961,9.53,0.0,0.0,0.0,0.0,0.0
210.377,21.94,1029.532,48.932,9.36,0.0,0.0,0.0,0.0,0.0
210.469,21.93,1029.494,48.941,9.41,0.0,0.0,0.0,0.0,0.0
210.525,21.9,1029.467,48.894,9.65,0.0,0.0,0.0,0.0,0.0
210.633,21.91,1029.454,48.984,9.05,0.0,0.0,0.0,0.0,0.0
210.776,21.92,1029.476,48.939,9.41,0.0,0.0,0.0,0.0,0.0
210.89,21.91,1029.448,48.962,9.25,0.0,0.0,0.0,0.0,0.0
210.976,22.02,1029.697,48.917,9.88,0.0,0.0,0.0,0.0,0.0
211.168,22.02,1029.65,48.952,9.49,0.0,0.0,0.0,0.0,0.0
211.279,22.02,1029.631,48.918,9.4,0.0,0.0,0.0,0.0,0.0
211.392,22.0,1029.579,48.905,9.11,0.0,0.0,0.0,0.0,0.0
211.495,21.99,1029.522,48.902,9.39,0.0,0.0,0.0,0.0,0.0
211.637,21.97,1029.5,48.901,9.37,0.0,0.0,0.0,0.0,0.0
211.751,21.99,1029.516,48.881,9.28,0.0,0.0,0.0,0.0,0.0
211.834,21.96,1029.524,48.979,9.37,0.0,0.0,0.0,0.0,0.0
211.942,22.0,1029.562,48.882,9.49,0.0,0.0,0.0,0.0,0.0
212.031,21.99,1029.513,48.804,9.63,0.0,0.0,0.0,0.0,0.0
212.12,22.01,1029.538,48.961,9.31,0.0,0.0,0.0,0.0,0.0
212.332,22.03,1029.563,48.952,9.22,0.0,0.0,0.0,0.0,0.0
212.527,22.04,1029.594,48.774,9.13,0.0,0.0,0.0,0.0,0.0
212.595,22.04,1029.524,48.831,9.25,0.0,0.0,0.0,0.0,0.0
212.713,21.95,1029.399,48.877,9.25,0.0,0.0,0.0,0.0,0.0
212.872,22.0,1029.488,48.859,9.11,0.0,0.0,0.0,0.0,0.0
213.12,21.97,1029.448,48.857,9.21,0.0,0.0,0.0,0.0,0.0
213.229,22.06,1029.532,48.843,9.08,0.0,0.0,0.0,0.0,0.0
213.432,21.98,1029.403,48.723,9.14,0.0,0.0,0.0,0.0,0.0
213.553,21.96,1029.345,48.821,9.15,0.0,0.0,0.0,0.0,0.0
213.621,21.97,1029.38,48.833,9.11,0.0,0.0,0.0,0.0,0.0
213.752,21.96,1029.352,48.821,9.17,0.0,0.0,0.0,0.0,0.0
213.845,21.98,1029.416,48.846,9.07,0.0,0.0,0.0,0.0,0.0
214.003,21.96,1029.357,48.766,9.14,0.0,0.0,0.0,0.0,0.0
214.092,21.98,1029.399,48.913,9.1,0.0,0.0,0.0,0.0,0.0
214.176,22.07,1029.591,48.834,9.18,0.0,0.0,0.0,0.0,0.0
214.343,22.06,1029.532,48.82,9.03,0.0,0.0,0.0,0.0,0.0
214.407,22.04,1029.545,48.797,9.0,0.0,0.0,0.0,0.0,0.0
214.482,22.01,1029.496,48.783,9.09,0.0,0.0,0.0,0.0,0.0
214.613,22.04,1029.501,48.785,9.37,0.0,0.0,0.0,0.0,0.0
214.822,22.01,1029.478,48.76,9.49,0.0,0.0,0.0,0.0,0.0
214.949,22.01,1029.47,48.748,9.52,0.0,0.0,0.0,0.0,0.0
215.035,22.05,1029.625,48.81,9.25,0.0,0.0,0.0,0.0,0.0
215.123,22.07,1029.622,48.789,10.08,0.0,0.0,0.0,0.0,0.0
215.253,22.07,1029.626,48.756,9.82,0.0,0.0,0.0,0.0,0.0
215.365,22.09,1029.688,48.701,9.72,0.0,0.0,0.0,0.0,0.0
215.424,22.09,1029.679,48.735,9.54,0.0,0.0,0.0,0.0,0.0
215.532,22.1,1029.689,48.848,9.81,0.0,0.0,0.0,0.0,0.0
215.7,22.06,1029.609,48.787,9.83,0.0,0.0,0.0,0.0,0.0
215.783,22.1,1029.637,48.759,9.74,0.0,0.0,0.0,0.0,0.0
215.869,22.01,1029.574,48.76,9.77,0.0,0.0,0.0,0.0,0.0
215.987,22.0,1029.557,48.76,9.54,0.0,0.0,0.0,0.0,0.0
216.072,22.01,1029.58,48.761,9.79,0.0,0.0,0.0,0.0,0.0
216.176,22.04,1029.605,48.752,9.6,0.0,0.0,0.0,0.0,0.0
216.323,22.05,1029.617,48.775,9.54,0.0,0.0,0.0,0.0,0.0
216.449,22.11,1029.648,48.692,9.39,0.0,0.0,0.0,0.0,0.0
216.533,22.05,1029.575,48.72,9.4,0.0,0.0,0.0,0.0,0.0
216.631,22.02,1029.507,48.684,9.41,0.0,0.0,0.0,0.0,0.0
216.739,22.02,1029.5,48.694,9.53,0.0,0.0,0.0,0.0,0.0
216.822,22.01,1029.467,48.659,9.37,0.0,0.0,0.0,0.0,0.0
216.981,22.04,1029.525,48.729,9.15,0.0,0.0,0.0,0.0,0.0
217.108,22.02,1029.492,48.872,9.49,0.0,0.0,0.0,0.0,0.0
217.211,22.12,1029.685,48.716,9.57,0.0,0.0,0.0,0.0,0.0
217.292,22.12,1029.681,48.761,9.52,0.0,0.0,0.0,0.0,0.0
217.411,22.12,1029.641,48.711,9.26,0.0,0.0,0.0,0.0,0.0
217.487,22.1,1029.581,48.702,9.72,0.0,0.0,0.0,0.0,0.0
217.573,22.1,1029.566,48.68,9.96,0.0,0.0,0.0,0.0,0.0
217.678,22.05,1029.471,48.697,9.33,0.0,0.0,0.0,0.0,0.0
218.13,22.06,1029.494,48.732,9.41,0.0,0.0,0.0,0.0,0.0
218.237,22.11,1029.628,48.782,9.33,0.0,0.0,0.0,0.0,0.0
218.323,22.14,1029.66,48.651,9.19,0.0,0.0,0.0,0.0,0.0
218.424,22.14,1029.658,48.741,9.33,0.0,0.0,0.0,0.0,0.0
218.666,22.15,1029.619,48.674,9.18,0.0,0.0,0.0,0.0,0.0
218.736,22.15,1029.643,48.719,9.2,0.0,0.0,0.0,0.0,0.0
218.878,22.13,1029.58,48.695,9.16,0.0,0.0,0.0,0.0,0.0
218.988,22.12,1029.514,48.66,9.3,0.0,0.0,0.0,0.0,0.0
219.072,22.07,1029.516,48.666,9.47,0.0,0.0,0.0,0.0,0.0
219.184,22.1,1029.546,48.669,9.27,0.0,0.0,0.0,0.0,0.0
219.316,22.11,1029.584,48.625,9.34,0.0,0.0,0.0,0.0,0.0
219.379,22.11,1029.568,48.659,9.16,0.0,0.0,0.0,0.0,0.0
219.522,22.14,1029.597,48.674,9.12,0.0,0.0,0.0,0.0,0.0
219.652,22.16,1029.557,48.743,9.59,0.0,0.0,0.0,0.0,0.0
219.734,22.07,1029.442,48.632,9.27,0.0,0.0,0.0,0.0,0.0
219.86,22.09,1029.48,48.612,9.63,0.0,0.0,0.0,0.0,0.0
219.965,22.1,1029.5,48.691,9.4,0.0,0.0,0.0,0.0,0.0
220.022,22.12,1029.564,48.525,9.5,0.0,0.0,0.0,0.0,0.0
220.241,22.08,1029.486,48.633,9.48,0.0,0.0,0.0,0.0,0.0
220.377,22.08,1029.488,48.612,9.47,0.0,0.0,0.0,0.0,0.0
220.491,22.18,1029.626,48.61,9.4,0.0,0.0,0.0,0.0,0.0
220.575,22.13,1029.514,48.593,9.54,0.0,0.0,0.0,0.0,0.0
220.684,22.13,1029.516,48.615,9.52,0.0,0.0,0.0,0.0,0.0
220.926,22.11,1029.492,48.524,9.46,0.0,0.0,0.0,0.0,0.0
221.075,22.1,1029.459,48.613,9.39,0.0,0.0,0.0,0.0,0.0
221.224,22.1,1029.447,48.546,9.61,0.0,0.0,0.0,0.0,0.0
221.327,22.09,1029.404,48.545,9.73,0.0,0.0,0.0,0.0,0.0
221.434,22.19,1029.625,48.545,9.27,0.0,0.0,0.0,0.0,0.0
221.522,22.2,1029.62,48.578,9.39,0.0,0.0,0.0,0.0,0.0
221.65,22.2,1029.619,48.646,9.58,0.0,0.0,0.0,0.0,0.0
221.738,22.2,1029.605,48.601,9.46,0.0,0.0,0.0,0.0,0.0
221.844,22.2,1029.619,48.533,9.41,0.0,0.0,0.0,0.0,0.0
221.95,22.18,1029.566,48.544,9.73,0.0,0.0,0.0,0.0,0.0
222.096,22.17,1029.523,48.588,9.27,0.0,0.0,0.0,0.0,0.0
222.186,22.17,1029.506,48.543,9.37,0.0,0.0,0.0,0.0,0.0
222.296,22.15,1029.514,48.54,9.35,0.0,0.0,0.0,0.0,0.0
222.383,22.17,1029.549,48.565,9.57,0.0,0.0,0.0,0.0,0.0
222.472,22.18,1029.538,48.588,9.53,0.0,0.0,0.0,0.0,0.0
222.576,22.19,1029.588,48.533,9.06,0.0,0.0,0.0,0.0,0.0
222.72,22.21,1029.627,48.569,9.12,0.0,0.0,0.0,0.0,0.0
222.829,22.22,1029.58,48.548,9.22,0.0,0.0,0.0,0.0,0.0
222.945,22.12,1029.4,48.414,9.34,0.0,0.0,0.0,0.0,0.0
223.047,22.11,1029.382,48.524,9.03,0.0,0.0,0.0,0.0,0.0
223.141,22.13,1029.432,48.571,9.06,0.0,0.0,0.0,0.0,0.0
223.343,22.16,1029.522,48.52,8.88,0.0,0.0,0.0,0.0,0.0
223.438,22.15,1029.531,48.506,9.01,0.0,0.0,0.0,0.0,0.0
223.599,22.15,1029.479,48.518,9.09,0.0,0.0,0.0,0.0,0.0
223.799,22.18,1029.506,48.453,9.29,0.0,0.0,0.0,0.0,0.0
223.971,22.14,1029.467,48.495,9.62,0.0,0.0,0.0,0.0,0.0
224.104,22.14,1029.431,48.439,9.5,0.0,0.0,0.0,0.0,0.0
224.208,22.16,1029.475,48.52,9.63,0.0,0.0,0.0,0.0,0.0
224.282,22.14,1029.444,48.495,9.47,0.0,0.0,0.0,0.0,0.0
224.46,22.15,1029.48,48.484,9.37,0.0,0.0,0.0,0.0,0.0
224.55,22.15,1029.5,48.483,9.82,0.0,0.0,0.0,0.0,0.0
224.633,22.25,1029.68,48.483,9.77,0.0,0.0,0.0,0.0,0.0
224.723,22.25,1029.655,48.495,9.43,0.0,0.0,0.0,0.0,0.0
224.856,22.24,1029.656,48.449,9.1,0.0,0.0,0.0,0.0,0.0
224.941,22.23,1029.6,48.457,9.5,0.0,0.0,0.0,0.0,0.0
225.027,22.2,1029.561,48.433,9.45,0.0,0.0,0.0,0.0,0.0
225.132,22.22,1029.584,48.48,9.42,0.0,0.0,0.0,0.0,0.0
225.288,22.19,1029.515,48.388,9.59,0.0,0.0,0.0,0.0,0.0
225.392,22.19,1029.519,48.487,9.6,0.0,0.0,0.0,0.0,0.0
225.472,22.24,1029.659,48.449,9.28,0.0,0.0,0.0,0.0,0.0
225.586,22.25,1029.655,48.495,9.36,0.0,0.0,0.0,0.0,0.0
225.672,22.25,1029.646,48.551,9.66,0.0,0.0,0.0,0.0,0.0
225.779,22.27,1029.7,48.474,9.59,0.0,0.0,0.0,0.0,0.0
225.921,22.28,1029.675,48.476,9.65,0.0,0.0,0.0,0.0,0.0
226.058,22.28,1029.62,48.477,9.6,0.0,0.0,0.0,0.0,0.0
226.141,22.18,1029.467,48.442,9.68,0.0,0.0,0.0,0.0,0.0
226.356,22.18,1029.46,48.431,9.58,0.0,0.0,0.0,0.0,0.0
226.424,22.18,1029.467,48.421,9.86,0.0,0.0,0.0,0.0,0.0
226.544,22.2,1029.523,48.423,9.39,0.0,0.0,0.0,0.0,0.0
226.658,22.23,1029.571,48.426,9.35,0.0,0.0,0.0,0.0,0.0
226.777,22.23,1029.535,48.438,9.05,0.0,0.0,0.0,0.0,0.0
226.89,22.3,1029.573,48.41,9.09,0.0,0.0,0.0,0.0,0.0
226.993,22.21,1029.468,48.346,9.29,0.0,0.0,0.0,0.0,0.0
227.085,22.21,1029.444,48.356,8.8,0.0,0.0,0.0,0.0,0.0
227.172,22.19,1029.409,48.388,8.99,0.0,0.0,0.0,0.0,0.0
227.302,22.21,1029.44,48.424,8.83,0.0,0.0,0.0,0.0,0.0
227.372,22.2,1029.413,48.377,8.89,0.0,0.0,0.0,0.0,0.0
227.621,22.2,1029.433,48.354,8.96,0.0,0.0,0.0,0.0,0.0
227.728,22.21,1029.458,48.401,9.28,0.0,0.0,0.0,0.0,0.0
227.834,22.31,1029.615,48.366,9.13,0.0,0.0,0.0,0.0,0.0
227.924,22.28,1029.575,48.386,9.44,0.0,0.0,0.0,0.0,0.0
228.037,22.28,1029.569,48.341,9.5,0.0,0.0,0.0,0.0,0.0
228.122,22.26,1029.537,48.373,9.62,0.0,0.0,0.0,0.0,0.0
228.478,22.28,1029.587,48.286,9.9,0.0,0.0,0.0,0.0,0.0
228.618,22.3,1029.613,48.423,10.07,0.0,0.0,0.0,0.0,0.0
228.671,22.3,1029.62,48.333,9.86,0.0,0.0,0.0,0.0,0.0
228.802,22.32,1029.646,48.335,9.76,0.0,0.0,0.0,0.0,0.0
228.871,22.33,1029.652,48.38,9.7,0.0,0.0,0.0,0.0,0.0
228.976,22.33,1029.638,48.336,9.83,0.0,0.0,0.0,0.0,0.0
229.12,22.33,1029.602,48.279,9.85,0.0,0.0,0.0,0.0,0.0
229.229,22.34,1029.592,48.313,9.1,0.0,0.0,0.0,0.0,0.0
229.359,22.23,1029.447,48.336,9.12,0.0,0.0,0.0,0.0,0.0
229.428,22.24,1029.441,48.314,9.38,0.0,0.0,0.0,0.0,0.0
229.573,22.25,1029.441,48.315,9.35,0.0,0.0,0.0,0.0,0.0
229.623,22.27,1029.493,48.316,9.37,0.0,0.0,0.0,0.0,0.0
229.729,22.29,1029.531,48.342,9.44,0.0,0.0,0.0,0.0,0.0
229.842,22.29,1029.525,48.286,9.46,0.0,0.0,0.0,0.0,0.0
230.0,22.31,1029.549,48.232,9.22,0.0,0.0,0.0,0.0,0.0
230.09,22.35,1029.558,48.338,9.26,0.0,0.0,0.0,0.0,0.0
230.199,22.26,1029.395,48.228,9.24,0.0,0.0,0.0,0.0,0.0
230.284,22.25,1029.395,48.282,8.92,0.0,0.0,0.0,0.0,0.0
230.428,22.26,1029.43,48.306,9.13,0.0,0.0,0.0,0.0,0.0
230.487,22.27,1029.417,48.149,9.16,0.0,0.0,0.0,0.0,0.0
230.572,22.28,1029.458,48.207,9.26,0.0,0.0,0.0,0.0,0.0
230.677,22.29,1029.501,48.264,9.27,0.0,0.0,0.0,0.0,0.0
230.842,22.28,1029.47,48.294,9.08,0.0,0.0,0.0,0.0,0.0
230.981,22.36,1029.578,48.238,9.48,0.0,0.0,0.0,0.0,0.0
231.033,22.32,1029.478,48.244,10.0,0.0,0.0,0.0,0.0,0.0
231.124,22.29,1029.427,48.208,9.55,0.0,0.0,0.0,0.0,0.0
231.233,22.31,1029.458,48.3,9.13,0.0,0.0,0.0,0.0,0.0
231.343,22.3,1029.468,48.254,9.16,0.0,0.0,0.0,0.0,0.0
231.431,22.3,1029.453,48.299,9.19,0.0,0.0,0.0,0.0,0.0
231.535,22.29,1029.455,48.275,9.31,0.0,0.0,0.0,0.0,0.0
231.727,22.29,1029.448,48.241,9.5,0.0,0.0,0.0,0.0,0.0
231.786,22.27,1029.428,48.262,9.31,0.0,0.0,0.0,0.0,0.0
231.871,22.38,1029.664,48.285,9.5,0.0,0.0,0.0,0.0,0.0
232.023,22.38,1029.641,48.173,9.37,0.0,0.0,0.0,0.0,0.0
232.07,22.38,1029.62,48.128,9.46,0.0,0.0,0.0,0.0,0.0
232.182,22.38,1029.642,48.229,9.58,0.0,0.0,0.0,0.0,0.0
232.284,22.38,1029.62,48.251,9.38,0.0,0.0,0.0,0.0,0.0
232.457,22.33,1029.524,48.19,9.65,0.0,0.0,0.0,0.0,0.0
232.539,22.35,1029.547,48.203,9.72,0.0,0.0,0.0,0.0,0.0
232.63,22.33,1029.556,48.19,9.31,0.0,0.0,0.0,0.0,0.0
232.733,22.32,1029.535,48.234,9.37,0.0,0.0,0.0,0.0,0.0
232.824,22.35,1029.593,48.159,9.35,0.0,0.0,0.0,0.0,0.0
232.953,22.36,1029.601,48.203,9.35,0.0,0.0,0.0,0.0,0.0
233.038,22.36,1029.624,48.205,9.25,0.0,0.0,0.0,0.0,0.0
233.181,22.38,1029.659,48.218,9.32,0.0,0.0,0.0,0.0,0.0
233.294,22.4,1029.648,48.097,9.52,0.0,0.0,0.0,0.0,0.0
233.396,22.3,1029.481,48.142,9.24,0.0,0.0,0.0,0.0,0.0
233.485,22.3,1029.496,48.154,9.41,0.0,0.0,0.0,0.0,0.0
233.591,22.29,1029.459,48.141,9.12,0.0,0.0,0.0,0.0,0.0
233.686,22.31,1029.45,48.21,9.45,0.0,0.0,0.0,0.0,0.0
233.799,22.32,1029.504,48.155,9.6,0.0,0.0,0.0,0.0,0.0
233.938,22.31,1029.552,48.17,9.63,0.0,0.0,0.0,0.0,0.0
234.042,22.41,1029.621,48.109,9.7,0.0,0.0,0.0,0.0,0.0
234.128,22.34,1029.535,48.136,9.64,0.0,0.0,0.0,0.0,0.0
234.233,22.36,1029.549,48.137,9.64,0.0,0.0,0.0,0.0,0.0
234.324,22.35,1029.522,48.092,9.67,0.0,0.0,0.0,0.0,0.0
234.451,22.34,1029.515,48.079,9.71,0.0,0.0,0.0,0.0,0.0
234.522,22.33,1029.497,48.101,9.75,0.0,0.0,0.0,0.0,0.0
234.631,22.33,1029.465,48.146,9.58,0.0,0.0,0.0,0.0,0.0
234.756,22.33,1029.483,48.134,9.45,0.0,0.0,0.0,0.0,0.0
234.877,22.33,1029.488,48.078,9.53,0.0,0.0,0.0,0.0,0.0
234.99,22.32,1029.461,48.145,9.93,0.0,0.0,0.0,0.0,0.0
235.115,22.43,1029.698,48.122,9.68,0.0,0.0,0.0,0.0,0.0
235.19,22.43,1029.651,48.122,9.56,0.0,0.0,0.0,0.0,0.0
235.272,22.37,1029.55,48.094,9.35,0.0,0.0,0.0,0.0,0.0
235.493,22.4,1029.538,48.152,9.49,0.0,0.0,0.0,0.0,0.0
235.577,22.39,1029.535,48.074,9.55,0.0,0.0,0.0,0.0,0.0
235.741,22.39,1029.509,48.141,9.57,0.0,0.0,0.0,0.0,0.0
235.833,22.38,1029.468,48.083,9.65,0.0,0.0,0.0,0.0,0.0
235.939,22.4,1029.562,48.097,9.68,0.0,0.0,0.0,0.0,0.0
236.053,22.42,1029.57,48.077,9.56,0.0,0.0,0.0,0.0,0.0
236.127,22.42,1029.557,48.01,9.52,0.0,0.0,0.0,0.0,0.0
236.246,22.43,1029.564,48.011,9.38,0.0,0.0,0.0,0.0,0.0
236.376,22.45,1029.586,48.091,9.63,0.0,0.0,0.0,0.0,0.0
236.473,22.45,1029.538,48.091,9.18,0.0,0.0,0.0,0.0,0.0
236.603,22.37,1029.413,48.049,8.83,0.0,0.0,0.0,0.0,0.0
236.704,22.38,1029.402,48.062,9.07,0.0,0.0,0.0,0.0,0.0
236.771,22.38,1029.393,48.062,9.31,0.0,0.0,0.0,0.0,0.0
236.907,22.36,1029.402,48.058,9.72,0.0,0.0,0.0,0.0,0.0
236.972,22.37,1029.349,48.05,9.33,0.0,0.0,0.0,0.0,0.0
237.078,22.4,1029.418,48.052,8.9,0.0,0.0,0.0,0.0,0.0
237.259,22.41,1029.395,48.041,9.15,0.0,0.0,0.0,0.0,0.0
237.333,22.46,1029.475,48.048,9.07,0.0,0.0,0.0,0.0,0.0
237.433,22.39,1029.324,47.995,8.79,0.0,0.0,0.0,0.0,0.0
237.524,22.37,1029.248,48.003,8.99,0.0,0.0,0.0,0.0,0.0
237.637,22.39,1029.359,48.083,9.06,0.0,0.0,0.0,0.0,0.0
237.723,22.38,1029.335,47.96,8.95,0.0,0.0,0.0,0.0,0.0
237.83,22.37,1029.317,47.959,9.29,0.0,0.0,0.0,0.0,0.0
237.934,22.38,1029.342,47.972,8.98,0.0,0.0,0.0,0.0,0.0
238.082,22.39,1029.355,48.051,9.31,0.0,0.0,0.0,0.0,0.0
238.218,22.38,1029.393,48.027,9.53,0.0,0.0,0.0,0.0,0.0
238.272,22.48,1029.539,48.004,9.52,0.0,0.0,0.0,0.0,0.0
238.385,22.46,1029.512,48.022,9.57,0.0,0.0,0.0,0.0,0.0
238.528,22.45,1029.473,47.99,9.54,0.0,0.0,0.0,0.0,0.0
238.652,22.45,1029.491,47.989,9.47,0.0,0.0,0.0,0.0,0.0
238.721,22.43,1029.519,47.942,9.49,0.0,0.0,0.0,0.0,0.0
238.83,22.43,1029.512,48.067,9.37,0.0,0.0,0.0,0.0,0.0
238.94,22.44,1029.518,47.967,9.6,0.0,0.0,0.0,0.0,0.0
239.047,22.46,1029.564,47.957,9.43,0.0,0.0,0.0,0.0,0.0
239.171,22.46,1029.577,47.902,10.38,0.0,0.0,0.0,0.0,0.0
239.224,22.48,1029.578,47.96,9.6,0.0,0.0,0.0,0.0,0.0
239.355,22.5,1029.625,47.961,9.68,0.0,0.0,0.0,0.0,0.0
239.445,22.5,1029.616,48.006,9.06,0.0,0.0,0.0,0.0,0.0
239.553,22.5,1029.576,47.916,9.27,0.0,0.0,0.0,0.0,0.0
239.637,22.5,1029.593,47.929,9.6,0.0,0.0,0.0,0.0,0.0
239.78,22.47,1029.54,47.981,9.68,0.0,0.0,0.0,0.0,0.0
239.887,22.48,1029.554,47.96,9.41,0.0,0.0,0.0,0.0,0.0
239.973,22.42,1029.468,47.964,9.61,0.0,0.0,0.0,0.0,0.0
240.089,22.43,1029.493,47.954,9.16,0.0,0.0,0.0,0.0,0.0
240.188,22.45,1029.527,47.945,8.86,0.0,0.0,0.0,0.0,0.0
240.277,22.47,1029.58,47.937,9.27,0.0,0.0,0.0,0.0,0.0
240.421,22.48,1029.574,47.914,9.48,0.0,0.0,0.0,0.0,0.0
240.529,22.52,1029.582,47.998,9.32,0.0,0.0,0.0,0.0,0.0
240.636,22.43,1029.419,47.942,9.39,0.0,0.0,0.0,0.0,0.0
240.725,22.42,1029.407,47.932,9.4,0.0,0.0,0.0,0.0,0.0
240.834,22.43,1029.448,47.899,9.28,0.0,0.0,0.0,0.0,0.0
240.964,22.42,1029.41,47.875,9.59,0.0,0.0,0.0,0.0,0.0
241.101,22.45,1029.474,47.889,9.49,0.0,0.0,0.0,0.0,0.0
241.175,22.43,1029.429,47.752,9.09,0.0,0.0,0.0,0.0,0.0
241.385,22.52,1029.552,47.895,9.39,0.0,0.0,0.0,0.0,0.0
241.573,22.5,1029.526,47.895,9.32,0.0,0.0,0.0,0.0,0.0
241.671,22.47,1029.492,47.914,9.52,0.0,0.0,0.0,0.0,0.0
241.778,22.53,1029.556,47.909,9.4,0.0,0.0,0.0,0.0,0.0
241.89,22.46,1029.423,47.835,9.46,0.0,0.0,0.0,0.0,0.0
241.981,22.46,1029.432,47.936,9.34,0.0,0.0,0.0,0.0,0.0
242.142,22.46,1029.417,47.823,9.65,0.0,0.0,0.0,0.0,0.0
242.232,22.45,1029.408,47.967,9.25,0.0,0.0,0.0,0.0,0.0
242.34,22.54,1029.612,47.865,9.45,0.0,0.0,0.0,0.0,0.0
242.425,22.52,1029.527,47.896,9.5,0.0,0.0,0.0,0.0,0.0
242.584,22.53,1029.534,47.786,9.38,0.0,0.0,0.0,0.0,0.0
242.672,22.53,1029.479,47.853,9.43,0.0,0.0,0.0,0.0,0.0
242.78,22.45,1029.385,47.889,9.61,0.0,0.0,0.0,0.0,0.0
242.874,22.48,1029.449,47.869,9.38,0.0,0.0,0.0,0.0,0.0
243.024,22.45,1029.384,47.866,9.31,0.0,0.0,0.0,0.0,0.0
243.172,22.5,1029.48,47.849,9.05,0.0,0.0,0.0,0.0,0.0
243.318,22.5,1029.471,47.861,9.13,0.0,0.0,0.0,0.0,0.0
243.391,22.5,1029.469,47.861,9.09,0.0,0.0,0.0,0.0,0.0
243.478,22.52,1029.478,47.83,8.95,0.0,0.0,0.0,0.0,0.0
243.64,22.54,1029.505,47.753,9.37,0.0,0.0,0.0,0.0,0.0
243.733,22.56,1029.485,47.891,8.77,0.0,0.0,0.0,0.0,0.0
243.839,22.48,1029.366,47.814,9.05,0.0,0.0,0.0,0.0,0.0
243.924,22.47,1029.384,47.903,9.23,0.0,0.0,0.0,0.0,0.0
244.034,22.48,1029.407,47.813,9.25,0.0,0.0,0.0,0.0,0.0
244.123,22.48,1029.422,47.735,9.43,0.0,0.0,0.0,0.0,0.0
244.246,22.47,1029.42,47.802,8.96,0.0,0.0,0.0,0.0,0.0
244.337,22.48,1029.448,47.792,9.32,0.0,0.0,0.0,0.0,0.0
244.519,22.48,1029.414,47.804,9.65,0.0,0.0,0.0,0.0,0.0
244.586,22.59,1029.586,47.825,9.91,0.0,0.0,0.0,0.0,0.0
244.727,22.55,1029.497,47.788,9.58,0.0,0.0,0.0,0.0,0.0
244.872,22.53,1029.528,47.764,9.67,0.0,0.0,0.0,0.0,0.0
245.003,22.59,1029.556,47.848,9.49,0.0,0.0,0.0,0.0,0.0
245.09,22.51,1029.431,47.705,9.95,0.0,0.0,0.0,0.0,0.0
245.181,22.5,1029.417,47.839,9.97,0.0,0.0,0.0,0.0,0.0
245.342,22.5,1029.44,47.771,9.61,0.0,0.0,0.0,0.0,0.0
245.457,22.52,1029.46,47.773,9.57,0.0,0.0,0.0,0.0,0.0
245.566,22.61,1029.652,47.795,9.58,0.0,0.0,0.0,0.0,0.0
245.624,22.57,1029.554,47.778,9.43,0.0,0.0,0.0,0.0,0.0
245.729,22.6,1029.609,47.816,9.03,0.0,0.0,0.0,0.0,0.0
245.84,22.58,1029.546,47.825,9.21,0.0,0.0,0.0,0.0,0.0
246.076,22.59,1029.583,47.793,9.28,0.0,0.0,0.0,0.0,0.0
246.195,22.55,1029.463,47.766,9.15,0.0,0.0,0.0,0.0,0.0
246.288,22.55,1029.509,47.754,9.32,0.0,0.0,0.0,0.0,0.0
246.373,22.56,1029.528,47.79,9.37,0.0,0.0,0.0,0.0,0.0
246.486,22.59,1029.505,47.735,9.29,0.0,0.0,0.0,0.0,0.0
246.597,22.6,1029.543,47.682,9.3,0.0,0.0,0.0,0.0,0.0
246.689,22.61,1029.573,47.728,9.38,0.0,0.0,0.0,0.0,0.0
246.824,22.63,1029.589,47.852,9.7,0.0,0.0,0.0,0.0,0.0
246.929,22.61,1029.512,47.66,9.56,0.0,0.0,0.0,0.0,0.0
247.033,22.53,1029.411,47.719,9.47,0.0,0.0,0.0,0.0,0.0
247.124,22.53,1029.429,47.718,9.53,0.0,0.0,0.0,0.0,0.0
247.274,22.52,1029.367,47.729,9.49,0.0,0.0,0.0,0.0,0.0
247.325,22.54,1029.414,47.72,9.52,0.0,0.0,0.0,0.0,0.0
247.43,22.53,1029.4,47.707,9.14,0.0,0.0,0.0,0.0,0.0
247.531,22.53,1029.403,47.707,9.48,0.0,0.0,0.0,0.0,0.0
247.724,22.56,1029.48,47.711,9.32,0.0,0.0,0.0,0.0,0.0
247.882,22.59,1029.483,47.713,9.25,0.0,0.0,0.0,0.0,0.0
248.009,22.57,1029.444,47.666,9.33,0.0,0.0,0.0,0.0,0.0
248.073,22.57,1029.431,47.745,9.24,0.0,0.0,0.0,0.0,0.0
248.209,22.55,1029.4,47.776,8.39,0.0,0.0,0.0,0.0,0.0
248.654,22.56,1029.416,47.588,9.58,0.0,0.0,0.0,0.0,0.0
248.746,22.67,1029.65,47.701,9.5,0.0,0.0,0.0,0.0,0.0
248.928,22.65,1029.558,47.586,9.49,0.0,0.0,0.0,0.0,0.0
249.024,22.6,1029.489,47.66,9.69,0.0,0.0,0.0,0.0,0.0
249.131,22.63,1029.516,47.662,9.4,0.0,0.0,0.0,0.0,0.0
249.236,22.63,1029.527,47.617,9.79,0.0,0.0,0.0,0.0,0.0
249.396,22.62,1029.477,47.638,9.86,0.0,0.0,0.0,0.0,0.0
249.492,22.61,1029.465,47.615,9.5,0.0,0.0,0.0,0.0,0.0
249.572,22.63,1029.547,47.64,9.54,0.0,0.0,0.0,0.0,0.0
249.707,22.66,1029.553,47.632,9.38,0.0,0.0,0.0,0.0,0.0
249.771,22.66,1029.57,47.699,9.17,0.0,0.0,0.0,0.0,0.0
249.881,22.67,1029.591,47.588,9.24,0.0,0.0,0.0,0.0,0.0
250.041,22.69,1029.603,47.579,9.01,0.0,0.0,0.0,0.0,0.0
250.148,22.7,1029.576,47.624,9.19,0.0,0.0,0.0,0.0,0.0
250.234,22.59,1029.407,47.646,9.16,0.0,0.0,0.0,0.0,0.0
250.325,22.58,1029.408,47.646,8.91,0.0,0.0,0.0,0.0,0.0
250.448,22.59,1029.422,47.613,9.07,0.0,0.0,0.0,0.0,0.0
250.524,22.59,1029.443,47.602,9.28,0.0,0.0,0.0,0.0,0.0
250.628,22.58,1029.421,47.601,9.25,0.0,0.0,0.0,0.0,0.0
250.735,22.61,1029.466,47.604,9.15,0.0,0.0,0.0,0.0,0.0
250.886,22.64,1029.531,47.563,9.35,0.0,0.0,0.0,0.0,0.0
250.998,22.71,1029.591,47.637,9.19,0.0,0.0,0.0,0.0,0.0
251.126,22.6,1029.448,47.613,9.16,0.0,0.0,0.0,0.0,0.0
251.271,22.67,1029.57,47.589,9.39,0.0,0.0,0.0,0.0,0.0
251.412,22.71,1029.62,47.558,9.42,0.0,0.0,0.0,0.0,0.0
251.494,22.62,1029.49,47.504,9.57,0.0,0.0,0.0,0.0,0.0
251.579,22.63,1029.528,47.606,8.94,0.0,0.0,0.0,0.0,0.0
251.739,22.6,1029.453,47.603,9.37,0.0,0.0,0.0,0.0,0.0
252.025,22.69,1029.646,47.579,9.46,0.0,0.0,0.0,0.0,0.0
252.158,22.7,1029.657,47.547,9.68,0.0,0.0,0.0,0.0,0.0
252.242,22.68,1029.576,47.533,9.83,0.0,0.0,0.0,0.0,0.0
252.44,22.66,1029.568,47.553,9.44,0.0,0.0,0.0,0.0,0.0
252.576,22.66,1029.53,47.497,9.78,0.0,0.0,0.0,0.0,0.0
252.692,22.63,1029.479,47.472,9.64,0.0,0.0,0.0,0.0,0.0
252.973,22.74,1029.657,47.572,9.5,0.0,0.0,0.0,0.0,0.0
253.223,22.74,1029.709,47.495,9.35,0.0,0.0,0.0,0.0,0.0
253.351,22.74,1029.617,47.563,9.51,0.0,0.0,0.0,0.0,0.0
253.435,22.63,1029.472,47.494,9.41,0.0,0.0,0.0,0.0,0.0
253.524,22.65,1029.499,47.496,9.52,0.0,0.0,0.0,0.0,0.0
253.635,22.64,1029.495,47.495,9.27,0.0,0.0,0.0,0.0,0.0
253.769,22.66,1029.477,47.497,9.45,0.0,0.0,0.0,0.0,0.0
253.856,22.66,1029.528,47.497,9.59,0.0,0.0,0.0,0.0,0.0
253.967,22.69,1029.549,47.489,9.54,0.0,0.0,0.0,0.0,0.0
254.095,22.71,1029.567,47.524,9.3,0.0,0.0,0.0,0.0,0.0
254.193,22.76,1029.569,47.541,9.1,0.0,0.0,0.0,0.0,0.0
254.302,22.68,1029.469,47.454,9.08,0.0,0.0,0.0,0.0,0.0
254.384,22.67,1029.465,47.466,9.28,0.0,0.0,0.0,0.0,0.0
254.492,22.67,1029.468,47.409,9.34,0.0,0.0,0.0,0.0,0.0
254.578,22.65,1029.41,47.609,9.32,0.0,0.0,0.0,0.0,0.0
254.689,22.66,1029.412,47.441,9.22,0.0,0.0,0.0,0.0,0.0
254.78,22.67,1029.437,47.454,9.36,0.0,0.0,0.0,0.0,0.0
254.962,22.66,1029.398,47.475,9.33,0.0,0.0,0.0,0.0,0.0
255.072,22.69,1029.47,47.567,9.36,0.0,0.0,0.0,0.0,0.0
255.135,22.77,1029.576,47.483,9.35,0.0,0.0,0.0,0.0,0.0
255.241,22.71,1029.456,47.457,9.39,0.0,0.0,0.0,0.0,0.0
255.422,22.72,1029.48,47.437,9.29,0.0,0.0,0.0,0.0,0.0
255.529,22.72,1029.474,47.414,9.05,0.0,0.0,0.0,0.0,0.0
255.673,22.71,1029.423,47.367,9.38,0.0,0.0,0.0,0.0,0.0
255.777,22.7,1029.433,47.479,8.8,0.0,0.0,0.0,0.0,0.0
255.885,22.76,1029.558,47.418,9.06,0.0,0.0,0.0,0.0,0.0
255.972,22.77,1029.532,47.598,9.1,0.0,0.0,0.0,0.0,0.0
256.084,22.78,1029.582,47.409,9.3,0.0,0.0,0.0,0.0,0.0
256.268,22.78,1029.557,47.432,9.43,0.0,0.0,0.0,0.0,0.0
256.456,22.7,1029.454,47.412,9.13,0.0,0.0,0.0,0.0,0.0
256.53,22.69,1029.403,47.388,9.1,0.0,0.0,0.0,0.0,0.0
256.632,22.69,1029.401,47.41,9.42,0.0,0.0,0.0,0.0,0.0
256.729,22.71,1029.465,47.401,9.12,0.0,0.0,0.0,0.0,0.0
256.834,22.71,1029.473,47.401,9.24,0.0,0.0,0.0,0.0,0.0
256.948,22.72,1029.482,47.392,9.59,0.0,0.0,0.0,0.0,0.0
257.073,22.72,1029.481,47.381,9.64,0.0,0.0,0.0,0.0,0.0
257.148,22.77,1029.573,47.475,9.57,0.0,0.0,0.0,0.0,0.0
257.281,22.79,1029.599,47.454,9.7,0.0,0.0,0.0,0.0,0.0
257.396,22.81,1029.606,47.444,9.87,0.0,0.0,0.0,0.0,0.0
257.515,22.71,1029.449,47.379,9.64,0.0,0.0,0.0,0.0,0.0
257.587,22.71,1029.428,47.39,9.42,0.0,0.0,0.0,0.0,0.0
257.673,22.71,1029.42,47.401,9.63,0.0,0.0,0.0,0.0,0.0
257.779,22.7,1029.413,47.379,9.52,0.0,0.0,0.0,0.0,0.0
257.921,22.73,1029.473,47.359,9.47,0.0,0.0,0.0,0.0,0.0
258.032,22.72,1029.469,47.381,9.35,0.0,0.0,0.0,0.0,0.0
258.14,22.82,1029.623,47.446,9.49,0.0,0.0,0.0,0.0,0.0
258.228,22.8,1029.56,47.376,9.53,0.0,0.0,0.0,0.0,0.0
258.333,22.78,1029.555,47.353,9.28,0.0,0.0,0.0,0.0,0.0
258.467,22.73,1029.435,47.337,9.41,0.0,0.0,0.0,0.0,0.0
258.546,22.79,1029.53,47.343,9.22,0.0,0.0,0.0,0.0,0.0
258.624,22.75,1029.486,47.395,9.01,0.0,0.0,0.0,0.0,0.0
258.751,22.76,1029.464,47.316,9.05,0.0,0.0,0.0,0.0,0.0
258.891,22.75,1029.465,47.282,9.16,0.0,0.0,0.0,0.0,0.0
258.98,22.74,1029.439,47.281,8.91,0.0,0.0,0.0,0.0,0.0
259.092,22.81,1029.61,47.301,9.4,0.0,0.0,0.0,0.0,0.0
259.215,22.83,1029.643,47.347,9.1,0.0,0.0,0.0,0.0,0.0
259.288,22.83,1029.661,47.337,9.14,0.0,0.0,0.0,0.0,0.0
259.398,22.83,1029.65,47.324,9.06,0.0,0.0,0.0,0.0,0.0
259.487,22.84,1029.652,47.403,9.12,0.0,0.0,0.0,0.0,0.0
259.585,22.83,1029.648,47.269,9.55,0.0,0.0,0.0,0.0,0.0
259.672,22.82,1029.616,47.313,9.39,0.0,0.0,0.0,0.0,0.0
259.863,22.82,1029.616,47.302,9.53,0.0,0.0,0.0,0.0,0.0
259.933,22.8,1029.566,47.299,9.55,0.0,0.0,0.0,0.0,0.0
260.058,22.77,1029.529,47.296,9.7,0.0,0.0,0.0,0.0,0.0
260.125,22.79,1029.599,47.285,9.42,0.0,0.0,0.0,0.0,0.0
260.25,22.79,1029.592,47.276,9.48,0.0,0.0,0.0,0.0,0.0
260.341,22.81,1029.622,47.244,9.52,0.0,0.0,0.0,0.0,0.0
260.481,22.83,1029.63,47.302,9.63,0.0,0.0,0.0,0.0,0.0
260.593,22.85,1029.66,47.361,9.8,0.0,0.0,0.0,0.0,0.0
260.697,22.77,1029.506,47.262,9.62,0.0,0.0,0.0,0.0,0.0
260.873,22.76,1029.479,47.328,9.47,0.0,0.0,0.0,0.0,0.0
261.003,22.77,1029.521,47.352,9.25,0.0,0.0,0.0,0.0,0.0
261.093,22.77,1029.507,47.251,9.28,0.0,0.0,0.0,0.0,0.0
261.198,22.76,1029.487,47.294,9.62,0.0,0.0,0.0,0.0,0.0
261.343,22.77,1029.502,47.229,9.42,0.0,0.0,0.0,0.0,0.0
261.469,22.87,1029.625,47.262,9.39,0.0,0.0,0.0,0.0,0.0
261.536,22.81,1029.528,47.255,9.7,0.0,0.0,0.0,0.0,0.0
261.645,22.81,1029.541,47.256,9.77,0.0,0.0,0.0,0.0,0.0
261.727,22.81,1029.524,47.268,9.7,0.0,0.0,0.0,0.0,0.0
261.928,22.8,1029.516,47.221,9.38,0.0,0.0,0.0,0.0,0.0
262.033,22.79,1029.447,47.252,9.58,0.0,0.0,0.0,0.0,0.0
262.312,22.79,1029.455,47.23,9.47,0.0,0.0,0.0,0.0,0.0
262.507,22.88,1029.641,47.14,9.83,0.0,0.0,0.0,0.0,0.0
262.572,22.88,1029.629,47.24,9.27,0.0,0.0,0.0,0.0,0.0
262.68,22.88,1029.567,47.274,9.47,0.0,0.0,0.0,0.0,0.0
262.785,22.87,1029.546,47.251,9.38,0.0,0.0,0.0,0.0,0.0
262.938,22.86,1029.476,47.237,9.37,0.0,0.0,0.0,0.0,0.0
263.074,22.85,1029.519,47.203,9.55,0.0,0.0,0.0,0.0,0.0
263.234,22.89,1029.501,47.264,9.15,0.0,0.0,0.0,0.0,0.0
263.323,22.82,1029.348,47.178,9.37,0.0,0.0,0.0,0.0,0.0
263.428,22.85,1029.491,47.281,9.1,0.0,0.0,0.0,0.0,0.0
263.56,22.87,1029.513,47.161,8.84,0.0,0.0,0.0,0.0,0.0
263.665,22.87,1029.499,47.194,9.19,0.0,0.0,0.0,0.0,0.0
263.734,22.89,1029.531,47.186,8.93,0.0,0.0,0.0,0.0,0.0
263.915,22.91,1029.554,47.119,8.69,0.0,0.0,0.0,0.0,0.0
263.986,22.9,1029.491,47.175,9.1,0.0,0.0,0.0,0.0,0.0
264.073,22.81,1029.368,47.153,8.93,0.0,0.0,0.0,0.0,0.0
264.179,22.81,1029.375,47.054,8.84,0.0,0.0,0.0,0.0,0.0
264.382,22.81,1029.406,47.154,8.93,0.0,0.0,0.0,0.0,0.0
264.483,22.82,1029.422,47.156,9.44,0.0,0.0,0.0,0.0,0.0
264.59,22.86,1029.493,47.148,9.07,0.0,0.0,0.0,0.0,0.0
264.734,22.86,1029.48,47.115,9.34,0.0,0.0,0.0,0.0,0.0
264.853,22.93,1029.583,47.132,9.36,0.0,0.0,0.0,0.0,0.0
265.024,22.84,1029.455,47.078,9.36,0.0,0.0,0.0,0.0,0.0
265.128,22.84,1029.445,47.033,9.98,0.0,0.0,0.0,0.0,0.0
265.238,22.84,1029.456,47.123,9.83,0.0,0.0,0.0,0.0,0.0
265.378,22.83,1029.427,47.112,9.16,0.0,0.0,0.0,0.0,0.0
265.487,22.85,1029.501,47.17,9.55,0.0,0.0,0.0,0.0,0.0
265.681,22.92,1029.615,47.188,9.86,0.0,0.0,0.0,0.0,0.0
265.816,22.9,1029.556,47.119,9.79,0.0,0.0,0.0,0.0,0.0
265.88,22.85,1029.519,47.136,9.71,0.0,0.0,0.0,0.0,0.0
265.989,22.94,1029.636,47.12,9.35,0.0,0.0,0.0,0.0,0.0
266.133,22.92,1029.604,47.121,9.06,0.0,0.0,0.0,0.0,0.0
266.262,22.89,1029.549,47.106,9.18,0.0,0.0,0.0,0.0,0.0
266.331,22.89,1029.593,47.129,9.25,0.0,0.0,0.0,0.0,0.0
266.492,22.91,1029.607,47.098,8.9,0.0,0.0,0.0,0.0,0.0
266.67,22.96,1029.649,47.17,9.06,0.0,0.0,0.0,0.0,0.0
266.743,22.86,1029.476,47.114,9.42,0.0,0.0,0.0,0.0,0.0
266.862,22.94,1029.672,47.146,9.17,0.0,0.0,0.0,0.0,0.0
266.936,22.96,1029.693,47.125,9.19,0.0,0.0,0.0,0.0,0.0
267.077,22.94,1029.691,47.134,9.72,0.0,0.0,0.0,0.0,0.0
267.188,22.96,1029.658,47.023,9.93,0.0,0.0,0.0,0.0,0.0
267.272,22.87,1029.541,47.004,9.99,0.0,0.0,0.0,0.0,0.0
267.384,22.87,1029.549,47.071,10.02,0.0,0.0,0.0,0.0,0.0
267.49,22.87,1029.527,47.071,9.77,0.0,0.0,0.0,0.0,0.0
267.6,22.88,1029.565,47.061,9.97,0.0,0.0,0.0,0.0,0.0
267.685,22.88,1029.553,47.06,9.96,0.0,0.0,0.0,0.0,0.0
267.793,22.9,1029.593,47.062,9.78,0.0,0.0,0.0,0.0,0.0
267.933,22.92,1029.608,47.02,9.77,0.0,0.0,0.0,0.0,0.0
268.024,22.97,1029.597,47.014,9.5,0.0,0.0,0.0,0.0,0.0
268.134,22.9,1029.506,47.029,9.42,0.0,0.0,0.0,0.0,0.0
268.225,22.89,1029.459,47.028,9.43,0.0,0.0,0.0,0.0,0.0
268.329,22.89,1029.449,47.062,8.99,0.0,0.0,0.0,0.0,0.0
268.437,22.88,1029.442,47.095,8.78,0.0,0.0,0.0,0.0,0.0
268.578,22.87,1029.414,47.06,9.06,0.0,0.0,0.0,0.0,0.0
268.686,22.88,1029.429,47.015,8.96,0.0,0.0,0.0,0.0,0.0
268.771,22.99,1029.623,47.061,9.11,0.0,0.0,0.0,0.0,0.0
268.89,22.99,1029.617,47.061,9.08,0.0,0.0,0.0,0.0,0.0
268.973,22.97,1029.53,46.969,8.85,0.0,0.0,0.0,0.0,0.0
269.098,22.96,1029.557,47.022,9.13,0.0,0.0,0.0,0.0,0.0
269.184,22.92,1029.469,46.986,9.13,0.0,0.0,0.0,0.0,0.0
269.274,22.96,1029.518,46.98,9.21,0.0,0.0,0.0,0.0,0.0
269.438,22.97,1029.54,46.958,9.28,0.0,0.0,0.0,0.0,0.0
269.53,22.93,1029.443,47.021,9.53,0.0,0.0,0.0,0.0,0.0
269.678,22.96,1029.566,47.014,9.44,0.0,0.0,0.0,0.0,0.0
269.725,22.97,1029.599,46.958,9.48,0.0,0.0,0.0,0.0,0.0
269.846,22.97,1029.563,47.024,9.68,0.0,0.0,0.0,0.0,0.0
269.963,22.99,1029.607,46.982,9.59,0.0,0.0,0.0,0.0,0.0
270.036,22.99,1029.602,47.026,9.45,0.0,0.0,0.0,0.0,0.0
270.299,23.01,1029.626,47.03,9.4,0.0,0.0,0.0,0.0,0.0
270.385,22.98,1029.534,46.925,9.47,0.0,0.0,0.0,0.0,0.0
270.473,22.92,1029.477,46.953,9.65,0.0,0.0,0.0,0.0,0.0
270.581,22.91,1029.441,46.963,9.38,0.0,0.0,0.0,0.0,0.0
270.673,22.92,1029.454,46.953,9.31,0.0,0.0,0.0,0.0,0.0
270.907,22.94,1029.501,46.955,9.32,0.0,0.0,0.0,0.0,0.0
270.972,22.95,1029.543,46.944,9.41,0.0,0.0,0.0,0.0,0.0
271.137,22.97,1029.573,46.924,9.48,0.0,0.0,0.0,0.0,0.0
271.226,23.03,1029.572,47.064,9.72,0.0,0.0,0.0,0.0,0.0
271.336,22.95,1029.464,46.977,9.92,0.0,0.0,0.0,0.0,0.0
271.445,22.95,1029.479,46.978,8.9,0.0,0.0,0.0,0.0,0.0
271.588,22.95,1029.469,46.934,9.41,0.0,0.0,0.0,0.0,0.0
271.724,23.04,1029.637,46.92,9.94,0.0,0.0,0.0,0.0,0.0
271.837,23.04,1029.583,46.92,9.27,0.0,0.0,0.0,0.0,0.0
271.972,22.94,1029.461,47.033,9.46,0.0,0.0,0.0,0.0,0.0
272.088,22.94,1029.433,46.91,9.33,0.0,0.0,0.0,0.0,0.0
272.199,23.04,1029.577,46.966,9.28,0.0,0.0,0.0,0.0,0.0
272.339,23.02,1029.515,46.906,9.43,0.0,0.0,0.0,0.0,0.0
272.393,22.99,1029.494,46.948,9.85,0.0,0.0,0.0,0.0,0.0
272.5,22.97,1029.433,46.901,9.53,0.0,0.0,0.0,0.0,0.0
272.636,22.99,1029.453,46.87,9.08,0.0,0.0,0.0,0.0,0.0
272.734,22.98,1029.428,46.971,9.1,0.0,0.0,0.0,0.0,0.0
272.836,23.01,1029.542,46.861,9.18,0.0,0.0,0.0,0.0,0.0
272.924,23.03,1029.578,46.83,8.9,0.0,0.0,0.0,0.0,0.0
273.03,23.03,1029.555,46.965,8.81,0.0,0.0,0.0,0.0,0.0
273.146,23.05,1029.584,46.832,9.0,0.0,0.0,0.0,0.0,0.0
273.228,23.06,1029.6,46.923,9.01,0.0,0.0,0.0,0.0,0.0
273.335,23.06,1029.599,46.956,9.08,0.0,0.0,0.0,0.0,0.0
273.52,23.06,1029.613,46.945,8.71,0.0,0.0,0.0,0.0,0.0
273.588,23.06,1029.539,46.821,8.8,0.0,0.0,0.0,0.0,0.0
273.672,22.99,1029.502,46.87,9.28,0.0,0.0,0.0,0.0,0.0
273.791,22.97,1029.489,46.868,9.07,0.0,0.0,0.0,0.0,0.0
273.873,22.97,1029.468,46.856,9.25,0.0,0.0,0.0,0.0,0.0
273.981,23.0,1029.53,46.85,9.26,0.0,0.0,0.0,0.0,0.0
274.085,23.0,1029.511,46.859,9.38,0.0,0.0,0.0,0.0,0.0
274.175,23.01,1029.561,46.861,8.9,0.0,0.0,0.0,0.0,0.0
274.339,23.03,1029.638,46.83,9.56,0.0,0.0,0.0,0.0,0.0
274.46,23.08,1029.625,46.902,9.39,0.0,0.0,0.0,0.0,0.0
274.535,22.98,1029.466,46.836,9.75,0.0,0.0,0.0,0.0,0.0
274.624,22.99,1029.511,46.881,9.72,0.0,0.0,0.0,0.0,0.0
274.729,22.99,1029.51,47.005,9.7,0.0,0.0,0.0,0.0,0.0
274.842,23.0,1029.53,46.949,9.7,0.0,0.0,0.0,0.0,0.0
274.923,23.01,1029.572,46.838,9.27,0.0,0.0,0.0,0.0,0.0
275.034,23.0,1029.565,46.792,9.69,0.0,0.0,0.0,0.0,0.0
275.173,23.0,1029.555,46.771,9.77,0.0,0.0,0.0,0.0,0.0
275.307,23.02,1029.603,46.851,9.64,0.0,0.0,0.0,0.0,0.0
275.373,23.1,1029.696,46.811,9.69,0.0,0.0,0.0,0.0,0.0
275.499,23.06,1029.638,46.811,9.73,0.0,0.0,0.0,0.0,0.0
275.594,23.07,1029.654,46.767,9.75,0.0,0.0,0.0,0.0,0.0
275.7,23.04,1029.569,46.797,9.53,0.0,0.0,0.0,0.0,0.0
275.823,23.03,1029.551,46.83,9.61,0.0,0.0,0.0,0.0,0.0
275.875,23.03,1029.508,46.762,9.5,0.0,0.0,0.0,0.0,0.0
276.052,23.03,1029.521,46.785,9.36,0.0,0.0,0.0,0.0,0.0
276.127,23.01,1029.514,46.828,9.19,0.0,0.0,0.0,0.0,0.0
276.253,23.09,1029.685,46.836,9.39,0.0,0.0,0.0,0.0,0.0
276.345,23.1,1029.715,46.781,9.17,0.0,0.0,0.0,0.0,0.0
276.431,23.11,1029.703,46.759,9.05,0.0,0.0,0.0,0.0,0.0
276.534,23.11,1029.686,46.691,9.15,0.0,0.0,0.0,0.0,0.0
276.699,23.11,1029.681,46.727,9.43,0.0,0.0,0.0,0.0,0.0
276.789,23.12,1029.613,46.771,9.45,0.0,0.0,0.0,0.0,0.0
276.874,23.03,1029.49,46.763,9.67,0.0,0.0,0.0,0.0,0.0
276.98,23.03,1029.5,46.762,9.27,0.0,0.0,0.0,0.0,0.0
277.074,23.03,1029.517,46.763,9.66,0.0,0.0,0.0,0.0,0.0
277.181,23.05,1029.552,46.753,9.84,0.0,0.0,0.0,0.0,0.0
277.311,23.07,1029.557,46.767,9.52,0.0,0.0,0.0,0.0,0.0
277.374,23.08,1029.584,46.756,9.45,0.0,0.0,0.0,0.0,0.0
277.565,23.09,1029.575,46.813,9.54,0.0,0.0,0.0,0.0,0.0
277.626,23.13,1029.627,46.75,9.48,0.0,0.0,0.0,0.0,0.0
277.763,23.05,1029.461,46.663,9.04,0.0,0.0,0.0,0.0,0.0
277.827,23.03,1029.409,46.841,10.11,0.0,0.0,0.0,0.0,0.0
277.931,23.05,1029.476,46.843,9.19,0.0,0.0,0.0,0.0,0.0
278.041,23.04,1029.43,46.661,9.59,0.0,0.0,0.0,0.0,0.0
278.123,23.04,1029.435,46.718,9.35,0.0,0.0,0.0,0.0,0.0
278.373,23.05,1029.467,46.697,8.96,0.0,0.0,0.0,0.0,0.0
278.491,23.06,1029.483,46.811,9.17,0.0,0.0,0.0,0.0,0.0
278.611,23.15,1029.561,46.693,9.36,0.0,0.0,0.0,0.0,0.0
278.726,23.09,1029.467,46.679,9.17,0.0,0.0,0.0,0.0,0.0
278.813,23.11,1029.5,46.714,9.45,0.0,0.0,0.0,0.0,0.0
278.883,23.09,1029.459,46.679,9.1,0.0,0.0,0.0,0.0,0.0
278.986,23.09,1029.463,46.667,9.43,0.0,0.0,0.0,0.0,0.0
279.073,23.07,1029.411,46.777,9.33,0.0,0.0,0.0,0.0,0.0
279.243,23.08,1029.409,46.688,9.19,0.0,0.0,0.0,0.0,0.0
279.344,23.06,1029.404,46.721,8.97,0.0,0.0,0.0,0.0,0.0
279.429,23.14,1029.543,46.628,9.19,0.0,0.0,0.0,0.0,0.0
279.542,23.16,1029.589,46.63,8.92,0.0,0.0,0.0,0.0,0.0
279.629,23.16,1029.601,46.642,8.97,0.0,0.0,0.0,0.0,0.0
279.739,23.14,1029.589,46.673,9.08,0.0,0.0,0.0,0.0,0.0
279.9,23.17,1029.623,46.619,9.31,0.0,0.0,0.0,0.0,0.0
279.987,23.15,1029.527,46.674,9.34,0.0,0.0,0.0,0.0,0.0
280.092,23.07,1029.446,46.644,9.39,0.0,0.0,0.0,0.0,0.0
280.189,23.07,1029.471,46.643,9.22,0.0,0.0,0.0,0.0,0.0
280.275,23.09,1029.478,46.645,9.31,0.0,0.0,0.0,0.0,0.0
280.384,23.1,1029.513,46.658,9.5,0.0,0.0,0.0,0.0,0.0
280.491,23.12,1029.561,46.647,9.44,0.0,0.0,0.0,0.0,0.0
280.575,23.13,1029.558,46.604,8.72,0.0,0.0,0.0,0.0,0.0
280.736,23.15,1029.589,46.651,9.33,0.0,0.0,0.0,0.0,0.0
280.825,23.17,1029.597,46.653,9.93,0.0,0.0,0.0,0.0,0.0
280.937,23.09,1029.444,46.712,9.49,0.0,0.0,0.0,0.0,0.0
281.026,23.07,1029.432,46.621,9.78,0.0,0.0,0.0,0.0,0.0
281.129,23.1,1029.505,46.658,9.97,0.0,0.0,0.0,0.0,0.0
281.264,23.08,1029.443,46.688,9.93,0.0,0.0,0.0,0.0,0.0
281.325,23.08,1029.43,46.599,9.91,0.0,0.0,0.0,0.0,0.0
281.472,23.09,1029.474,46.577,9.43,0.0,0.0,0.0,0.0,0.0
281.573,23.09,1029.462,46.589,9.5,0.0,0.0,0.0,0.0,0.0
281.687,23.09,1029.473,46.633,9.5,0.0,0.0,0.0,0.0,0.0
281.773,23.13,1029.482,46.593,9.29,0.0,0.0,0.0,0.0,0.0
281.897,23.13,1029.483,46.615,9.39,0.0,0.0,0.0,0.0,0.0
281.992,23.14,1029.503,46.685,9.26,0.0,0.0,0.0,0.0,0.0
282.102,23.14,1029.477,46.662,9.27,0.0,0.0,0.0,0.0,0.0
282.187,23.12,1029.439,46.647,9.16,0.0,0.0,0.0,0.0,0.0
282.273,23.11,1029.429,46.513,9.01,0.0,0.0,0.0,0.0,0.0
282.436,23.12,1029.446,46.648,8.88,0.0,0.0,0.0,0.0,0.0
282.525,23.11,1029.43,46.579,8.89,0.0,0.0,0.0,0.0,0.0
282.648,23.2,1029.63,46.634,8.98,0.0,0.0,0.0,0.0,0.0
282.769,23.21,1029.633,46.499,9.1,0.0,0.0,0.0,0.0,0.0
282.833,23.2,1029.598,46.656,9.21,0.0,0.0,0.0,0.0,0.0
282.947,23.17,1029.544,46.553,9.16,0.0,0.0,0.0,0.0,0.0
283.024,23.19,1029.578,46.511,9.44,0.0,0.0,0.0,0.0,0.0
283.129,23.2,1029.578,46.521,9.25,0.0,0.0,0.0,0.0,0.0
283.298,23.14,1029.488,46.582,9.31,0.0,0.0,0.0,0.0,0.0
283.389,23.2,1029.57,46.556,9.69,0.0,0.0,0.0,0.0,0.0
283.472,23.16,1029.58,46.562,9.67,0.0,0.0,0.0,0.0,0.0
283.583,23.16,1029.566,46.584,9.61,0.0,0.0,0.0,0.0,0.0
283.706,23.17,1029.582,46.552,9.95,0.0,0.0,0.0,0.0,0.0
283.774,23.18,1029.598,46.475,9.74,0.0,0.0,0.0,0.0,0.0
283.934,23.19,1029.626,46.555,9.63,0.0,0.0,0.0,0.0,0.0
284.025,23.22,1029.594,46.568,9.43,0.0,0.0,0.0,0.0,0.0
284.139,23.14,1029.49,46.561,9.61,0.0,0.0,0.0,0.0,0.0
284.243,23.13,1029.477,46.57,9.4,0.0,0.0,0.0,0.0,0.0
284.351,23.13,1029.487,46.48,9.44,0.0,0.0,0.0,0.0,0.0
284.437,23.13,1029.491,46.525,9.54,0.0,0.0,0.0,0.0,0.0
284.549,23.14,1029.489,46.516,9.49,0.0,0.0,0.0,0.0,0.0
284.636,23.15,1029.493,46.506,9.5,0.0,0.0,0.0,0.0,0.0
284.773,23.15,1029.482,46.56,9.16,0.0,0.0,0.0,0.0,0.0
284.998,23.21,1029.545,46.489,9.24,0.0,0.0,0.0,0.0,0.0
285.088,23.19,1029.49,46.465,9.17,0.0,0.0,0.0,0.0,0.0
285.183,23.17,1029.45,46.451,9.27,0.0,0.0,0.0,0.0,0.0
285.28,23.17,1029.47,46.608,9.36,0.0,0.0,0.0,0.0,0.0
285.474,23.17,1029.447,46.541,9.39,0.0,0.0,0.0,0.0,0.0
285.637,23.16,1029.421,46.484,9.28,0.0,0.0,0.0,0.0,0.0
285.726,23.16,1029.419,46.416,9.16,0.0,0.0,0.0,0.0,0.0
285.831,23.26,1029.616,46.472,9.55,0.0,0.0,0.0,0.0,0.0
285.945,23.26,1029.628,46.45,9.47,0.0,0.0,0.0,0.0,0.0
286.032,23.26,1029.592,46.427,9.45,0.0,0.0,0.0,0.0,0.0
286.157,23.26,1029.619,46.495,9.56,0.0,0.0,0.0,0.0,0.0
286.297,23.24,1029.586,46.426,9.26,0.0,0.0,0.0,0.0,0.0
286.476,23.17,1029.459,46.463,9.37,0.0,0.0,0.0,0.0,0.0
286.696,23.21,1029.557,46.455,9.27,0.0,0.0,0.0,0.0,0.0
286.782,23.22,1029.549,46.423,9.27,0.0,0.0,0.0,0.0,0.0
286.885,23.23,1029.589,46.424,8.99,0.0,0.0,0.0,0.0,0.0
286.973,23.24,1029.623,46.481,9.1,0.0,0.0,0.0,0.0,0.0
287.146,23.26,1029.6,46.382,9.2,0.0,0.0,0.0,0.0,0.0
287.264,23.28,1029.607,46.384,9.34,0.0,0.0,0.0,0.0,0.0
287.336,23.2,1029.5,46.432,9.18,0.0,0.0,0.0,0.0,0.0
287.424,23.2,1029.525,46.364,8.94,0.0,0.0,0.0,0.0,0.0
287.533,23.18,1029.422,46.361,9.62,0.0,0.0,0.0,0.0,0.0
287.635,23.19,1029.456,46.387,9.54,0.0,0.0,0.0,0.0,0.0
287.725,23.19,1029.434,46.42,9.97,0.0,0.0,0.0,0.0,0.0
287.839,23.19,1029.468,46.476,9.89,0.0,0.0,0.0,0.0,0.0
288.001,23.19,1029.47,46.421,9.55,0.0,0.0,0.0,0.0,0.0
288.133,23.29,1029.599,46.419,9.45,0.0,0.0,0.0,0.0,0.0
288.176,23.25,1029.53,46.404,9.63,35.167,23592.135,39.1,0.0,0.0
288.282,23.22,1029.473,46.445,9.33,0.0,0.0,0.0,0.0,0.0
288.411,23.22,1029.461,46.456,9.82,0.0,0.0,0.0,0.0,0.0
288.483,23.21,1029.443,46.432,9.4,0.0,0.0,0.0,0.0,0.0
288.585,23.22,1029.468,46.243,9.26,0.0,0.0,0.0,0.0,0.0
288.842,23.22,1029.46,46.445,9.56,0.0,0.0,0.0,0.0,0.0
288.946,23.21,1029.449,46.409,9.31,0.0,0.0,0.0,0.0,0.0
289.031,23.3,1029.619,46.397,9.48,0.0,0.0,0.0,0.0,0.0
289.128,23.3,1029.617,46.477,9.55,0.0,0.0,0.0,0.0,0.0
289.251,23.29,1029.58,46.329,8.78,0.0,0.0,0.0,0.0,0.0
289.338,23.31,1029.595,46.398,9.73,0.0,0.0,0.0,0.0,0.0
289.499,23.29,1029.568,46.408,8.97,0.0,0.0,0.0,0.0,0.0
289.588,23.27,1029.496,46.371,9.41,0.0,0.0,0.0,0.0,0.0
289.692,23.22,1029.423,46.378,9.2,0.0,0.0,0.0,0.0,0.0
289.788,23.23,1029.454,46.368,9.28,0.0,0.0,0.0,0.0,0.0
289.893,23.24,1029.455,46.369,9.16,0.0,0.0,0.0,0.0,0.0
289.981,23.26,1029.51,46.359,9.23,0.0,0.0,0.0,0.0,0.0
290.087,23.28,1029.514,46.328,9.29,0.0,0.0,0.0,0.0,0.0
290.197,23.28,1029.518,46.351,9.07,0.0,0.0,0.0,0.0,0.0
290.361,23.3,1029.545,46.352,9.22,0.0,0.0,0.0,0.0,0.0
290.425,23.32,1029.57,46.287,9.4,0.0,0.0,0.0,0.0,0.0
290.533,23.23,1029.381,46.321,9.35,0.0,0.0,0.0,0.0,0.0
290.626,23.24,1029.387,46.291,8.98,0.0,0.0,0.0,0.0,0.0
290.731,23.23,1029.385,46.335,9.21,0.0,0.0,0.0,0.0,0.0
290.837,23.23,1029.43,46.38,9.31,0.0,0.0,0.0,0.0,0.0
290.934,23.24,1029.418,46.346,9.1,0.0,0.0,0.0,0.0,0.0
291.038,23.23,1029.435,46.334,9.32,0.0,0.0,0.0,0.0,0.0
291.181,23.24,1029.493,46.358,9.56,0.0,0.0,0.0,0.0,0.0
291.288,23.34,1029.613,46.301,9.53,0.0,0.0,0.0,0.0,0.0
291.376,23.3,1029.541,46.263,9.57,0.0,0.0,0.0,0.0,0.0
291.483,23.28,1029.496,46.272,9.62,0.0,0.0,0.0,0.0,0.0
291.592,23.27,1029.459,46.326,9.25,0.0,0.0,0.0,0.0,0.0
291.792,23.27,1029.447,46.371,9.6,0.0,0.0,0.0,0.0,0.0
291.875,23.25,1029.476,46.336,9.58,0.0,0.0,0.0,0.0,0.0
292.034,23.25,1029.441,46.234,9.62,0.0,0.0,0.0,0.0,0.0
292.126,23.24,1029.428,46.269,9.49,0.0,0.0,0.0,0.0,0.0
292.228,23.35,1029.626,46.357,9.39,0.0,0.0,0.0,0.0,0.0
292.326,23.36,1029.632,46.381,9.45,0.0,0.0,0.0,0.0,0.0
292.46,23.34,1029.626,46.312,9.48,0.0,0.0,0.0,0.0,0.0
292.537,23.36,1029.628,46.28,9.59,0.0,0.0,0.0,0.0,0.0
292.668,23.32,1029.573,46.31,9.52,0.0,0.0,0.0,0.0,0.0
292.739,23.32,1029.552,46.289,9.35,0.0,0.0,0.0,0.0,0.0
292.874,23.33,1029.55,46.266,9.56,0.0,0.0,0.0,0.0,0.0
292.993,23.33,1029.538,46.266,9.43,0.0,0.0,0.0,0.0,0.0
293.093,23.3,1029.525,46.285,9.23,0.0,0.0,0.0,0.0,0.0
293.18,23.32,1029.552,46.254,9.36,0.0,0.0,0.0,0.0,0.0
293.288,23.33,1029.568,46.255,9.53,0.0,0.0,0.0,0.0,0.0
293.399,23.33,1029.575,46.256,9.54,0.0,0.0,0.0,0.0,0.0
293.538,23.35,1029.58,46.133,9.49,0.0,0.0,0.0,0.0,0.0
293.625,23.37,1029.605,46.202,9.32,0.0,0.0,0.0,0.0,0.0
293.737,23.27,1029.404,46.237,9.53,0.0,0.0,0.0,0.0,0.0
293.825,23.28,1029.464,46.126,9.37,0.0,0.0,0.0,0.0,0.0
293.93,23.27,1029.426,46.282,9.49,0.0,0.0,0.0,0.0,0.0
294.046,23.27,1029.43,46.204,9.24,0.0,0.0,0.0,0.0,0.0
294.135,23.3,1029.475,46.263,9.5,0.0,0.0,0.0,0.0,0.0
294.257,23.29,1029.466,46.229,9.06,0.0,0.0,0.0,0.0,0.0
294.379,23.29,1029.458,46.229,9.27,0.0,0.0,0.0,0.0,0.0
294.514,23.39,1029.563,46.216,9.26,0.0,0.0,0.0,0.0,0.0
294.629,23.33,1029.488,46.198,9.11,0.0,0.0,0.0,0.0,0.0
294.795,23.33,1029.49,46.132,9.27,0.0,0.0,0.0,0.0,0.0
294.989,23.3,1029.425,46.274,8.95,0.0,0.0,0.0,0.0,0.0
295.074,23.31,1029.473,46.196,9.1,0.0,0.0,0.0,0.0,0.0
295.237,23.31,1029.463,46.186,9.59,0.0,0.0,0.0,0.0,0.0
295.328,23.31,1029.468,46.241,9.7,0.0,0.0,0.0,0.0,0.0
295.49,23.4,1029.64,46.206,9.29,0.0,0.0,0.0,0.0,0.0
295.635,23.4,1029.568,46.173,9.61,0.0,0.0,0.0,0.0,0.0
295.734,23.32,1029.482,46.096,9.71,0.0,0.0,0.0,0.0,0.0
295.823,23.41,1029.611,46.195,9.71,0.0,0.0,0.0,0.0,0.0
295.955,23.38,1029.562,46.194,9.7,0.0,0.0,0.0,0.0,0.0
296.072,23.38,1029.521,46.17,9.47,0.0,0.0,0.0,0.0,0.0
296.209,23.31,1029.464,46.151,9.2,0.0,0.0,0.0,0.0,0.0
296.274,23.35,1029.516,46.189,9.0,0.0,0.0,0.0,0.0,0.0
296.38,23.37,1029.549,46.213,8.19,0.0,0.0,0.0,0.0,0.0
296.508,23.38,1029.554,46.215,9.27,0.0,0.0,0.0,0.0,0.0
296.573,23.38,1029.545,46.114,9.17,0.0,0.0,0.0,0.0,0.0
296.734,23.4,1029.596,46.015,9.38,0.0,0.0,0.0,0.0,0.0
296.825,23.42,1029.567,46.096,9.31,0.0,0.0,0.0,0.0,0.0
296.937,23.31,1029.374,46.174,9.22,0.0,0.0,0.0,0.0,0.0
297.042,23.32,1029.406,46.196,9.44,0.0,0.0,0.0,0.0,0.0
297.128,23.35,1029.474,46.1,9.44,0.0,0.0,0.0,0.0,0.0
297.332,23.32,1029.399,46.142,9.38,0.0,0.0,0.0,0.0,0.0
297.436,23.33,1029.471,46.121,9.66,0.0,0.0,0.0,0.0,0.0
297.582,23.35,1029.477,46.109,9.64,0.0,0.0,0.0,0.0,0.0
297.694,23.44,1029.593,46.119,9.53,0.0,0.0,0.0,0.0,0.0
297.935,23.37,1029.446,46.156,9.84,0.0,0.0,0.0,0.0,0.0
298.03,23.36,1029.403,45.977,9.62,0.0,0.0,0.0,0.0,0.0
298.08,23.35,1029.387,46.087,9.51,0.0,0.0,0.0,0.0,0.0
298.273,23.35,1029.426,46.077,9.53,0.0,0.0,0.0,0.0,0.0
298.452,23.35,1029.401,46.122,9.35,0.0,0.0,0.0,0.0,0.0
298.543,23.37,1029.432,46.078,9.67,0.0,0.0,0.0,0.0,0.0
298.628,23.45,1029.59,46.064,9.25,0.0,0.0,0.0,0.0,0.0
298.725,23.45,1029.574,46.064,9.67,0.0,0.0,0.0,0.0,0.0
298.851,23.45,1029.565,46.064,9.06,0.0,0.0,0.0,0.0,0.0
298.959,23.44,1029.535,46.063,9.16,0.0,0.0,0.0,0.0,0.0
299.024,23.45,1029.558,46.02,9.31,0.0,0.0,0.0,0.0,0.0
299.136,23.42,1029.498,46.062,9.26,0.0,0.0,0.0,0.0,0.0
299.274,23.43,1029.492,46.063,9.07,0.0,0.0,0.0,0.0,0.0
299.386,23.42,1029.497,46.073,9.29,0.0,0.0,0.0,0.0,0.0
299.474,23.41,1029.508,46.082,9.28,0.0,0.0,0.0,0.0,0.0
299.583,23.41,1029.465,46.037,9.53,0.0,0.0,0.0,0.0,0.0
299.686,23.43,1029.52,46.097,9.11,0.0,0.0,0.0,0.0,0.0
299.834,23.44,1029.5,46.041,9.45,0.0,0.0,0.0,0.0,0.0
299.943,23.47,1029.531,46.089,9.55,0.0,0.0,0.0,0.0,0.0
300.037,23.37,1029.376,46.044,9.4,0.0,0.0,0.0,0.0,0.0
300.139,23.38,1029.39,46.125,9.7,0.0,0.0,0.0,0.0,0.0
300.227,23.38,1029.416,46.058,9.28,0.0,0.0,0.0,0.0,0.0
300.329,23.39,1029.425,46.047,9.49,0.0,0.0,0.0,0.0,0.0
300.449,23.42,1029.488,46.061,9.25,0.0,0.0,0.0,0.0,0.0
300.531,23.38,1029.422,46.024,9.48,0.0,0.0,0.0,0.0,0.0
300.638,23.4,1029.467,46.015,9.2,0.0,0.0,0.0,0.0,0.0
300.782,23.4,1029.464,46.015,9.15,0.0,0.0,0.0,0.0,0.0
300.908,23.48,1029.569,46.034,9.19,0.0,0.0,0.0,0.0,0.0
300.995,23.42,1029.441,46.084,9.12,0.0,0.0,0.0,0.0,0.0
301.106,23.42,1029.46,46.028,9.19,0.0,0.0,0.0,0.0,0.0
301.214,23.41,1029.419,46.037,9.09,0.0,0.0,0.0,0.0,0.0
301.281,23.42,1029.452,45.893,9.38,0.0,0.0,0.0,0.0,0.0
301.385,23.41,1029.424,46.06,9.36,0.0,0.0,0.0,0.0,0.0
301.473,23.4,1029.413,46.026,9.49,0.0,0.0,0.0,0.0,0.0
301.639,23.4,1029.411,45.946,9.45,0.0,0.0,0.0,0.0,0.0
301.747,23.4,1029.451,46.048,9.52,0.0,0.0,0.0,0.0,0.0
301.83,23.5,1029.656,45.969,9.83,0.0,0.0,0.0,0.0,0.0
301.924,23.47,1029.588,45.943,9.83,0.0,0.0,0.0,0.0,0.0
302.032,23.47,1029.598,46.067,9.48,0.0,0.0,0.0,0.0,0.0
302.137,23.49,1029.612,45.968,9.71,0.0,0.0,0.0,0.0,0.0
302.223,23.49,1029.613,45.979,9.73,0.0,0.0,0.0,0.0,0.0
302.387,23.47,1029.586,45.966,9.79,0.0,0.0,0.0,0.0,0.0
302.473,23.47,1029.594,45.967,9.55,0.0,0.0,0.0,0.0,0.0
302.587,23.43,1029.577,45.973,9.66,0.0,0.0,0.0,0.0,0.0
302.674,23.45,1029.585,45.964,9.51,0.0,0.0,0.0,0.0,0.0
302.805,23.47,1029.612,45.966,9.68,0.0,0.0,0.0,0.0,0.0
302.888,23.47,1029.599,46.011,9.53,0.0,0.0,0.0,0.0,0.0
302.974,23.49,1029.638,45.934,9.52,0.0,0.0,0.0,0.0,0.0
303.167,23.5,1029.655,45.912,9.73,0.0,0.0,0.0,0.0,0.0
303.226,23.52,1029.619,45.926,9.7,0.0,0.0,0.0,0.0,0.0
303.337,23.44,1029.518,46.074,9.87,0.0,0.0,0.0,0.0,0.0
303.426,23.44,1029.507,45.928,9.7,0.0,0.0,0.0,0.0,0.0
303.531,23.42,1029.468,45.858,9.61,0.0,0.0,0.0,0.0,0.0
303.651,23.43,1029.471,45.949,9.63,0.0,0.0,0.0,0.0,0.0
303.747,23.43,1029.488,45.928,9.78,0.0,0.0,0.0,0.0,0.0
303.835,23.44,1029.518,45.929,9.7,0.0,0.0,0.0,0.0,0.0
303.981,23.44,1029.446,45.962,9.69,0.0,0.0,0.0,0.0,0.0
304.086,23.53,1029.576,45.915,9.54,0.0,0.0,0.0,0.0,0.0
304.173,23.47,1029.448,45.909,9.51,0.0,0.0,0.0,0.0,0.0
304.313,23.47,1029.461,45.955,9.69,0.0,0.0,0.0,0.0,0.0
304.391,23.45,1029.415,45.84,9.39,0.0,0.0,0.0,0.0,0.0
304.485,23.43,1029.382,45.85,9.28,0.0,0.0,0.0,0.0,0.0
304.645,23.45,1029.436,45.919,8.98,0.0,0.0,0.0,0.0,0.0
304.731,23.46,1029.414,45.997,9.14,0.0,0.0,0.0,0.0,0.0
304.837,23.53,1029.55,45.848,9.25,0.0,0.0,0.0,0.0,0.0
305.03,23.55,1029.523,45.816,8.65,0.0,0.0,0.0,0.0,0.0
305.126,23.55,1029.526,45.984,8.9,0.0,0.0,0.0,0.0,0.0
305.23,23.54,1029.499,45.827,9.1,0.0,0.0,0.0,0.0,0.0
305.339,23.53,1029.473,45.814,8.72,0.0,0.0,0.0,0.0,0.0
305.424,23.49,1029.394,45.87,8.7,0.0,0.0,0.0,0.0,0.0
305.541,23.51,1029.432,45.892,8.84,0.0,0.0,0.0,0.0,0.0
305.674,23.46,1029.359,45.886,9.08,0.0,0.0,0.0,0.0,0.0
305.792,23.5,1029.392,45.879,9.04,0.0,0.0,0.0,0.0,0.0
305.875,23.5,1029.438,45.912,9.1,0.0,0.0,0.0,0.0,0.0
305.986,23.53,1029.454,45.893,9.27,0.0,0.0,0.0,0.0,0.0
306.116,23.53,1029.495,45.825,9.37,0.0,0.0,0.0,0.0,0.0
306.203,23.55,1029.509,45.884,9.26,0.0,0.0,0.0,0.0,0.0
306.333,23.55,1029.495,45.861,9.38,0.0,0.0,0.0,0.0,0.0
306.375,23.56,1029.556,45.941,9.44,0.0,0.0,0.0,0.0,0.0
306.536,23.57,1029.563,45.897,9.57,0.0,0.0,0.0,0.0,0.0
306.645,23.55,1029.504,45.839,9.49,0.0,0.0,0.0,0.0,0.0
306.73,23.47,1029.386,45.741,9.5,0.0,0.0,0.0,0.0,0.0
306.867,23.49,1029.434,45.946,9.56,0.0,0.0,0.0,0.0,0.0
306.969,23.47,1029.422,45.854,9.47,0.0,0.0,0.0,0.0,0.0
307.053,23.48,1029.414,45.843,9.68,0.0,0.0,0.0,0.0,0.0
307.205,23.5,1029.476,45.834,9.52,0.0,0.0,0.0,0.0,0.0
307.293,23.59,1029.595,45.865,9.68,0.0,0.0,0.0,0.0,0.0
307.376,23.51,1029.429,45.823,9.53,0.0,0.0,0.0,0.0,0.0
307.51,23.5,1029.398,45.71,9.5,0.0,0.0,0.0,0.0,0.0
307.591,23.52,1029.452,45.791,9.46,0.0,0.0,0.0,0.0,0.0
307.786,23.5,1029.412,45.912,9.39,0.0,0.0,0.0,0.0,0.0
307.874,23.49,1029.42,45.9,9.31,0.0,0.0,0.0,0.0,0.0
308.035,23.51,1029.456,45.835,9.27,0.0,0.0,0.0,0.0,0.0
308.147,23.51,1029.463,45.778,9.26,0.0,0.0,0.0,0.0,0.0
308.23,23.6,1029.614,45.877,9.39,0.0,0.0,0.0,0.0,0.0
308.326,23.6,1029.633,45.9,9.49,0.0,0.0,0.0,0.0,0.0
308.471,23.6,1029.634,45.697,9.46,0.0,0.0,0.0,0.0,0.0
308.546,23.6,1029.67,45.833,9.41,0.0,0.0,0.0,0.0,0.0
308.625,23.59,1029.62,45.751,9.57,0.0,0.0,0.0,0.0,0.0
308.754,23.54,1029.497,45.805,9.61,0.0,0.0,0.0,0.0,0.0
308.903,23.52,1029.516,45.803,9.37,0.0,0.0,0.0,0.0,0.0
308.99,23.56,1029.532,45.795,9.33,0.0,0.0,0.0,0.0,0.0
309.074,23.57,1029.605,45.773,9.54,0.0,0.0,0.0,0.0,0.0
309.182,23.57,1029.601,45.729,9.71,0.0,0.0,0.0,0.0,0.0
309.32,23.57,1029.624,45.695,9.72,0.0,0.0,0.0,0.0,0.0
309.377,23.59,1029.649,45.753,9.5,0.0,0.0,0.0,0.0,0.0
309.503,23.59,1029.631,45.798,9.8,0.0,0.0,0.0,0.0,0.0
309.573,23.62,1029.696,45.835,8.86,0.0,0.0,0.0,0.0,0.0
309.737,23.62,1029.702,45.778,9.73,0.0,0.0,0.0,0.0,0.0
309.843,23.62,1029.627,45.61,9.74,0.0,0.0,0.0,0.0,0.0
309.937,23.51,1029.482,45.756,9.87,0.0,0.0,0.0,0.0,0.0
310.046,23.52,1029.532,45.747,9.93,0.0,0.0,0.0,0.0,0.0
310.13,23.53,1029.516,45.747,9.96,0.0,0.0,0.0,0.0,0.0
310.236,23.53,1029.502,45.747,9.66,0.0,0.0,0.0,0.0,0.0
310.381,23.55,1029.535,45.737,9.7,0.0,0.0,0.0,0.0,0.0
310.488,23.63,1029.611,45.724,9.54,0.0,0.0,0.0,0.0,0.0
310.575,23.57,1029.525,45.684,9.49,0.0,0.0,0.0,0.0,0.0
310.694,23.55,1029.443,45.692,9.61,0.0,0.0,0.0,0.0,0.0
310.794,23.53,1029.385,45.725,9.71,0.0,0.0,0.0,0.0,0.0
310.988,23.54,1029.384,45.781,9.29,0.0,0.0,0.0,0.0,0.0
311.076,23.53,1029.367,45.69,9.43,0.0,0.0,0.0,0.0,0.0
311.26,23.53,1029.373,45.669,9.39,0.0,0.0,0.0,0.0,0.0
311.327,23.53,1029.371,45.78,9.29,0.0,0.0,0.0,0.0,0.0
311.551,23.62,1029.525,45.79,9.21,0.0,0.0,0.0,0.0,0.0
311.633,23.64,1029.506,45.78,9.1,0.0,0.0,0.0,0.0,0.0
311.767,23.63,1029.451,45.644,9.12,0.0,0.0,0.0,0.0,0.0
311.902,23.62,1029.428,45.688,9.01,0.0,0.0,0.0,0.0,0.0
312.019,23.61,1029.415,45.698,9.12,0.0,0.0,0.0,0.0,0.0
312.074,23.57,1029.392,45.706,9.04,0.0,0.0,0.0,0.0,0.0
312.19,23.6,1029.434,45.697,8.93,0.0,0.0,0.0,0.0,0.0
312.274,23.6,1029.414,45.675,8.86,0.0,0.0,0.0,0.0,0.0
312.426,23.62,1029.439,45.644,9.15,0.0,0.0,0.0,0.0,0.0
312.516,23.62,1029.471,45.655,9.17,0.0,0.0,0.0,0.0,0.0
312.576,23.63,1029.472,45.666,9.0,0.0,0.0,0.0,0.0,0.0
312.686,23.64,1029.488,45.702,9.24,0.0,0.0,0.0,0.0,0.0
312.816,23.65,1029.498,45.623,9.24,0.0,0.0,0.0,0.0,0.0
312.937,23.65,1029.518,45.557,9.47,0.0,0.0,0.0,0.0,0.0
313.028,23.67,1029.507,45.638,9.32,0.0,0.0,0.0,0.0,0.0
313.131,23.56,1029.35,45.66,9.38,0.0,0.0,0.0,0.0,0.0
313.244,23.62,1029.495,45.633,9.46,0.0,0.0,0.0,0.0,0.0
313.437,23.58,1029.452,45.661,9.5,0.0,0.0,0.0,0.0,0.0
313.58,23.6,1029.482,45.641,9.86,0.0,0.0,0.0,0.0,0.0
313.707,23.68,1029.567,45.639,9.61,0.0,0.0,0.0,0.0,0.0
313.774,23.63,1029.503,45.657,9.88,0.0,0.0,0.0,0.0,0.0
313.907,23.62,1029.461,45.599,9.83,0.0,0.0,0.0,0.0,0.0
313.994,23.61,1029.477,45.698,10.48,0.0,0.0,0.0,0.0,0.0
314.101,23.61,1029.46,45.642,9.81,0.0,0.0,0.0,0.0,0.0
314.187,23.6,1029.43,45.573,9.85,0.0,0.0,0.0,0.0,0.0
314.33,23.6,1029.444,45.63,9.64,0.0,0.0,0.0,0.0,0.0
314.44,23.59,1029.45,45.607,9.58,0.0,0.0,0.0,0.0,0.0
314.528,23.69,1029.635,45.639,9.28,0.0,0.0,0.0,0.0,0.0
314.641,23.67,1029.587,45.638,9.33,0.0,0.0,0.0,0.0,0.0
314.747,23.67,1029.574,45.616,9.25,0.0,0.0,0.0,0.0,0.0
314.867,23.67,1029.55,45.615,9.06,0.0,0.0,0.0,0.0,0.0
314.938,23.68,1029.563,45.548,9.33,0.0,0.0,0.0,0.0,0.0
315.024,23.68,1029.59,45.594,8.84,0.0,0.0,0.0,0.0,0.0
315.136,23.64,1029.494,45.601,9.48,0.0,0.0,0.0,0.0,0.0
315.274,23.67,1029.548,45.593,9.34,0.0,0.0,0.0,0.0,0.0
315.392,23.67,1029.521,45.593,9.69,0.0,0.0,0.0,0.0,0.0
315.474,23.64,1029.539,45.612,9.74,0.0,0.0,0.0,0.0,0.0
315.586,23.67,1029.548,45.581,9.55,0.0,0.0,0.0,0.0,0.0
315.686,23.67,1029.564,45.581,9.67,0.0,0.0,0.0,0.0,0.0
315.785,23.69,1029.586,45.628,9.38,0.0,0.0,0.0,0.0,0.0
315.886,23.69,1029.607,45.65,9.56,0.0,0.0,0.0,0.0,0.0
315.974,23.71,1029.604,45.664,9.82,0.0,0.0,0.0,0.0,0.0
316.137,23.71,1029.618,45.552,9.81,0.0,0.0,0.0,0.0,0.0
316.226,23.72,1029.59,45.619,9.77,0.0,0.0,0.0,0.0,0.0
316.331,23.61,1029.425,45.52,9.09,0.0,0.0,0.0,0.0,0.0
316.447,23.63,1029.473,45.566,9.56,0.0,0.0,0.0,0.0,0.0
316.582,23.62,1029.465,45.554,9.7,0.0,0.0,0.0,0.0,0.0
316.702,23.63,1029.429,45.508,9.45,0.0,0.0,0.0,0.0,0.0
316.78,23.68,1029.486,45.538,9.01,0.0,0.0,0.0,0.0,0.0
316.894,23.65,1029.429,45.522,9.03,0.0,0.0,0.0,0.0,0.0
316.975,23.66,1029.436,45.469,9.25,0.0,0.0,0.0,0.0,0.0
317.083,23.67,1029.446,45.446,9.08,0.0,0.0,0.0,0.0,0.0
317.177,23.65,1029.408,45.535,9.29,0.0,0.0,0.0,0.0,0.0
317.426,23.63,1029.369,45.499,9.23,0.0,0.0,0.0,0.0,0.0
317.535,23.66,1029.407,45.523,9.37,0.0,0.0,0.0,0.0,0.0
317.638,23.74,1029.545,45.464,9.53,0.0,0.0,0.0,0.0,0.0
317.726,23.73,1029.572,45.453,9.63,0.0,0.0,0.0,0.0,0.0
317.837,23.74,1029.567,45.498,9.56,0.0,0.0,0.0,0.0,0.0
317.946,23.74,1029.566,45.441,9.64,0.0,0.0,0.0,0.0,0.0
318.033,23.73,1029.54,45.509,9.7,0.0,0.0,0.0,0.0,0.0
318.139,23.7,1029.47,45.482,9.36,0.0,0.0,0.0,0.0,0.0
318.273,23.7,1029.446,45.493,9.59,0.0,0.0,0.0,0.0,0.0
318.338,23.71,1029.447,45.496,9.24,0.0,0.0,0.0,0.0,0.0
318.476,23.69,1029.406,45.481,9.03,0.0,0.0,0.0,0.0,0.0
318.693,23.69,1029.45,45.471,9.2,0.0,0.0,0.0,0.0,0.0
318.785,23.71,1029.481,45.474,9.13,0.0,0.0,0.0,0.0,0.0
318.916,23.71,1029.5,45.529,9.15,0.0,0.0,0.0,0.0,0.0
318.982,23.72,1029.531,45.632,9.08,0.0,0.0,0.0,0.0,0.0
319.11,23.73,1029.549,45.543,9.22,0.0,0.0,0.0,0.0,0.0
319.174,23.74,1029.545,45.476,9.22,0.0,0.0,0.0,0.0,0.0
319.338,23.76,1029.595,45.523,9.27,0.0,0.0,0.0,0.0,0.0
319.426,23.76,1029.568,45.479,9.16,0.0,0.0,0.0,0.0,0.0
319.573,23.68,1029.447,45.368,9.32,0.0,0.0,0.0,0.0,0.0
319.644,23.67,1029.445,45.479,9.34,0.0,0.0,0.0,0.0,0.0
319.735,23.66,1029.413,45.446,9.5,0.0,0.0,0.0,0.0,0.0
319.842,23.67,1029.48,45.447,9.39,0.0,0.0,0.0,0.0,0.0
319.927,23.69,1029.49,45.437,9.73,0.0,0.0,0.0,0.0,0.0
320.067,23.69,1029.491,45.438,9.77,0.0,0.0,0.0,0.0,0.0
320.176,23.72,1029.559,45.43,9.69,0.0,0.0,0.0,0.0,0.0
320.284,23.77,1029.6,45.355,9.68,0.0,0.0,0.0,0.0,0.0
320.393,23.7,1029.503,45.438,9.6,0.0,0.0,0.0,0.0,0.0
320.485,23.69,1029.478,45.291,9.76,0.0,0.0,0.0,0.0,0.0
320.589,23.69,1029.462,45.459,9.61,0.0,0.0,0.0,0.0,0.0
320.675,23.7,1029.513,45.505,9.41,0.0,0.0,0.0,0.0,0.0
320.837,23.68,1029.459,45.436,9.52,0.0,0.0,0.0,0.0,0.0
320.926,23.7,1029.494,45.427,9.8,0.0,0.0,0.0,0.0,0.0
321.089,23.79,1029.657,45.412,9.83,0.0,0.0,0.0,0.0,0.0
321.238,23.79,1029.67,45.38,9.63,0.0,0.0,0.0,0.0,0.0
321.342,23.69,1029.51,45.403,9.78,0.0,0.0,0.0,0.0,0.0
321.425,23.79,1029.656,45.421,9.64,0.0,0.0,0.0,0.0,0.0
321.537,23.74,1029.566,45.386,9.61,0.0,0.0,0.0,0.0,0.0
321.676,23.71,1029.521,45.395,9.76,0.0,0.0,0.0,0.0,0.0
321.792,23.75,1029.537,45.399,9.78,0.0,0.0,0.0,0.0,0.0
321.876,23.74,1029.571,45.396,9.66,0.0,0.0,0.0,0.0,0.0
321.983,23.76,1029.59,45.389,9.56,0.0,0.0,0.0,0.0,0.0
322.125,23.78,1029.619,45.267,9.49,0.0,0.0,0.0,0.0,0.0
322.306,23.8,1029.588,45.325,9.52,0.0,0.0,0.0,0.0,0.0
322.374,23.74,1029.494,45.318,9.59,0.0,0.0,0.0,0.0,0.0
322.581,23.81,1029.626,45.348,9.28,0.0,0.0,0.0,0.0,0.0
322.647,23.81,1029.565,45.404,8.98,0.0,0.0,0.0,0.0,0.0
322.757,23.72,1029.433,45.327,9.25,0.0,0.0,0.0,0.0,0.0
322.847,23.73,1029.465,45.419,8.94,0.0,0.0,0.0,0.0,0.0
322.954,23.71,1029.402,45.361,9.22,0.0,0.0,0.0,0.0,0.0
323.037,23.72,1029.412,45.361,9.08,0.0,0.0,0.0,0.0,0.0
323.147,23.74,1029.436,45.363,9.49,0.0,0.0,0.0,0.0,0.0
323.26,23.73,1029.43,45.352,9.36,0.0,0.0,0.0,0.0,0.0
323.398,23.76,1029.489,45.32,9.42,0.0,0.0,0.0,0.0,0.0
323.496,23.82,1029.477,45.438,9.5,0.0,0.0,0.0,0.0,0.0
323.577,23.74,1029.379,45.42,9.47,0.0,0.0,0.0,0.0,0.0
323.702,23.74,1029.391,45.229,9.26,0.0,0.0,0.0,0.0,0.0
323.788,23.75,1029.414,45.342,9.27,0.0,0.0,0.0,0.0,0.0
323.876,23.74,1029.398,45.432,9.35,0.0,0.0,0.0,0.0,0.0
324.054,23.73,1029.37,45.284,9.59,0.0,0.0,0.0,0.0,0.0
324.128,23.74,1029.383,45.318,9.08,0.0,0.0,0.0,0.0,0.0
324.259,23.83,1029.539,45.316,9.52,0.0,0.0,0.0,0.0,0.0
324.327,23.83,1029.518,45.203,9.7,0.0,0.0,0.0,0.0,0.0
324.433,23.82,1029.516,45.294,9.36,0.0,0.0,0.0,0.0,0.0
324.568,23.83,1029.515,45.384,9.37,0.0,0.0,0.0,0.0,0.0
324.625,23.81,1029.481,45.247,9.42,0.0,0.0,0.0,0.0,0.0
324.738,23.82,1029.438,45.336,9.67,0.0,0.0,0.0,0.0,0.0
324.877,23.8,1029.453,45.348,9.17,0.0,0.0,0.0,0.0,0.0
324.989,23.8,1029.428,45.303,9.05,0.0,0.0,0.0,0.0,0.0
325.075,23.78,1029.433,45.3,9.17,0.0,0.0,0.0,0.0,0.0
325.211,23.79,1029.498,45.29,8.98,0.0,0.0,0.0,0.0,0.0
325.295,23.8,1029.509,45.359,9.13,0.0,0.0,0.0,0.0,0.0
325.381,23.82,1029.547,45.203,9.13,0.0,0.0,0.0,0.0,0.0
325.488,23.83,1029.56,45.316,9.08,0.0,0.0,0.0,0.0,0.0
325.576,23.83,1029.583,45.283,9.25,0.0,0.0,0.0,0.0,0.0
325.747,23.85,1029.612,45.308,9.27,0.0,0.0,0.0,0.0,0.0
325.847,23.85,1029.578,45.229,9.24,0.0,0.0,0.0,0.0,0.0
325.935,23.78,1029.502,45.435,9.4,0.0,0.0,0.0,0.0,0.0
326.065,23.76,1029.456,45.208,9.82,0.0,0.0,0.0,0.0,0.0
326.203,23.78,1029.516,45.267,9.8,0.0,0.0,0.0,0.0,0.0
326.326,23.86,1029.613,45.296,10.13,0.0,0.0,0.0,0.0,0.0
326.481,23.84,1029.554,45.25,10.2,0.0,0.0,0.0,0.0,0.0
326.576,23.81,1029.538,45.258,9.75,0.0,0.0,0.0,0.0,0.0
326.729,23.86,1029.591,45.264,9.95,0.0,0.0,0.0,0.0,0.0
326.777,23.8,1029.508,45.325,9.57,0.0,0.0,0.0,0.0,0.0
326.881,23.79,1029.48,45.223,9.75,0.0,0.0,0.0,0.0,0.0
327.081,23.78,1029.438,45.289,9.54,0.0,0.0,0.0,0.0,0.0
327.235,23.78,1029.469,45.109,9.6,0.0,0.0,0.0,0.0,0.0
327.329,23.78,1029.444,45.277,9.72,0.0,0.0,0.0,0.0,0.0
327.44,23.87,1029.672,45.252,9.45,0.0,0.0,0.0,0.0,0.0
327.528,23.87,1029.64,45.197,9.63,0.0,0.0,0.0,0.0,0.0
327.631,23.85,1029.589,45.33,9.37,0.0,0.0,0.0,0.0,0.0
327.741,23.87,1029.604,45.186,9.47,0.0,0.0,0.0,0.0,0.0
327.827,23.86,1029.594,45.353,9.23,0.0,0.0,0.0,0.0,0.0
327.936,23.86,1029.573,45.207,9.52,0.0,0.0,0.0,0.0,0.0
328.083,23.84,1029.539,45.205,9.06,0.0,0.0,0.0,0.0,0.0
328.277,23.82,1029.496,45.192,9.31,0.0,0.0,0.0,0.0,0.0
328.412,23.83,1029.508,45.227,9.52,0.0,0.0,0.0,0.0,0.0
328.501,23.85,1029.507,45.206,9.38,0.0,0.0,0.0,0.0,0.0
328.612,23.86,1029.542,45.173,9.2,0.0,0.0,0.0,0.0,0.0
328.689,23.87,1029.553,45.332,9.22,0.0,0.0,0.0,0.0,0.0
328.777,23.88,1029.535,45.22,9.6,0.0,0.0,0.0,0.0,0.0
328.962,23.88,1029.562,45.176,9.59,0.0,0.0,0.0,0.0,0.0
329.027,23.88,1029.523,45.152,9.54,0.0,0.0,0.0,0.0,0.0
329.132,23.81,1029.422,45.168,9.63,0.0,0.0,0.0,0.0,0.0
329.252,23.8,1029.432,45.213,9.43,0.0,0.0,0.0,0.0,0.0
329.37,23.8,1029.387,45.146,9.29,0.0,0.0,0.0,0.0,0.0
329.438,23.83,1029.436,45.192,9.22,0.0,0.0,0.0,0.0,0.0
329.543,23.81,1029.399,45.168,9.23,0.0,0.0,0.0,0.0,0.0
329.633,23.82,1029.39,45.169,9.23,0.0,0.0,0.0,0.0,0.0
329.882,23.91,1029.495,45.234,9.32,0.0,0.0,0.0,0.0,0.0
329.978,23.85,1029.446,45.228,9.31,0.0,0.0,0.0,0.0,0.0
330.085,23.84,1029.425,45.159,9.28,0.0,0.0,0.0,0.0,0.0
330.186,23.82,1029.377,45.124,9.29,0.0,0.0,0.0,0.0,0.0
330.276,23.83,1029.39,45.192,9.5,0.0,0.0,0.0,0.0,0.0
330.439,23.83,1029.398,45.103,9.41,0.0,0.0,0.0,0.0,0.0
330.527,23.82,1029.385,45.226,9.58,0.0,0.0,0.0,0.0,0.0
330.637,23.93,1029.617,45.157,9.11,0.0,0.0,0.0,0.0,0.0
330.728,23.92,1029.578,45.168,9.48,0.0,0.0,0.0,0.0,0.0
330.832,23.92,1029.571,45.078,9.85,0.0,0.0,0.0,0.0,0.0
330.937,23.89,1029.543,45.097,9.74,0.0,0.0,0.0,0.0,0.0
331.136,23.88,1029.483,45.144,9.62,0.0,0.0,0.0,0.0,0.0
331.275,23.92,1029.543,45.111,9.32,0.0,0.0,0.0,0.0,0.0
331.391,23.9,1029.482,45.121,9.59,0.0,0.0,0.0,0.0,0.0
331.476,23.89,1029.535,45.12,9.33,0.0,0.0,0.0,0.0,0.0
331.587,23.89,1029.527,45.155,9.14,0.0,0.0,0.0,0.0,0.0
331.716,23.9,1029.545,45.11,9.06,0.0,0.0,0.0,0.0,0.0
331.82,23.92,1029.566,45.146,9.25,0.0,0.0,0.0,0.0,0.0
331.893,23.91,1029.569,45.032,9.14,0.0,0.0,0.0,0.0,0.0
332.004,23.93,1029.588,45.157,9.27,0.0,0.0,0.0,0.0,0.0
332.156,23.95,1029.623,45.138,9.22,0.0,0.0,0.0,0.0,0.0
332.226,23.96,1029.545,45.205,9.28,0.0,0.0,0.0,0.0,0.0
332.329,23.84,1029.429,45.104,9.5,0.0,0.0,0.0,0.0,0.0
332.532,23.87,1029.458,45.072,9.66,0.0,0.0,0.0,0.0,0.0
332.64,23.85,1029.457,45.061,9.24,0.0,0.0,0.0,0.0,0.0
332.725,23.85,1029.476,45.083,9.46,0.0,0.0,0.0,0.0,0.0
332.856,23.87,1029.493,45.073,9.71,0.0,0.0,0.0,0.0,0.0
332.976,23.88,1029.512,45.074,9.93,0.0,0.0,0.0,0.0,0.0
333.089,23.96,1029.609,45.083,9.66,0.0,0.0,0.0,0.0,0.0
333.197,23.9,1029.497,45.144,10.06,0.0,0.0,0.0,0.0,0.0
333.288,23.9,1029.453,45.087,9.59,0.0,0.0,0.0,0.0,0.0
333.475,23.87,1029.396,45.062,9.46,0.0,0.0,0.0,0.0,0.0
333.638,23.89,1029.453,44.985,9.46,0.0,0.0,0.0,0.0,0.0
333.73,23.91,1029.475,45.188,9.39,0.0,0.0,0.0,0.0,0.0
333.837,23.98,1029.642,45.039,9.26,0.0,0.0,0.0,0.0,0.0
333.945,23.98,1029.646,45.118,9.05,0.0,0.0,0.0,0.0,0.0
334.084,23.98,1029.647,45.027,9.32,0.0,0.0,0.0,0.0,0.0
334.145,23.96,1029.571,44.992,9.37,0.0,0.0,0.0,0.0,0.0
334.226,23.96,1029.58,45.037,9.61,0.0,0.0,0.0,0.0,0.0
334.338,23.94,1029.54,45.002,9.47,0.0,0.0,0.0,0.0,0.0
334.474,23.9,1029.426,45.031,9.16,0.0,0.0,0.0,0.0,0.0
334.592,23.95,1029.499,45.024,9.01,0.0,0.0,0.0,0.0,0.0
334.675,23.91,1029.513,45.044,9.58,0.0,0.0,0.0,0.0,0.0
334.782,23.93,1029.514,45.067,9.51,0.0,0.0,0.0,0.0,0.0
334.896,23.93,1029.506,45.034,9.37,0.0,0.0,0.0,0.0,0.0
335.004,23.95,1029.543,45.024,9.45,0.0,0.0,0.0,0.0,0.0
335.108,23.96,1029.56,44.992,9.2,0.0,0.0,0.0,0.0,0.0
335.338,24.0,1029.587,45.097,9.42,0.0,0.0,0.0,0.0,0.0
335.428,24.0,1029.524,44.984,9.31,0.0,0.0,0.0,0.0,0.0
335.558,23.89,1029.37,45.064,9.18,0.0,0.0,0.0,0.0,0.0
335.627,23.89,1029.411,45.041,9.44,0.0,0.0,0.0,0.0,0.0
335.73,23.91,1029.422,44.953,9.44,0.0,0.0,0.0,0.0,0.0
335.84,23.9,1029.402,44.986,9.34,0.0,0.0,0.0,0.0,0.0
335.945,23.89,1029.342,44.997,9.3,0.0,0.0,0.0,0.0,0.0
336.031,23.9,1029.392,44.986,9.26,0.0,0.0,0.0,0.0,0.0
336.176,23.93,1029.421,44.978,9.37,0.0,0.0,0.0,0.0,0.0
336.297,24.01,1029.536,44.941,9.25,0.0,0.0,0.0,0.0,0.0
336.424,23.93,1029.408,44.945,9.26,0.0,0.0,0.0,0.0,0.0
336.586,23.97,1029.47,45.016,9.22,0.0,0.0,0.0,0.0,0.0
336.676,24.01,1029.503,44.986,9.03,0.0,0.0,0.0,0.0,0.0
336.93,23.91,1029.358,44.853,9.28,0.0,0.0,0.0,0.0,0.0
337.059,24.01,1029.582,44.952,9.16,0.0,0.0,0.0,0.0,0.0
337.128,24.02,1029.591,44.896,9.18,0.0,0.0,0.0,0.0,0.0
337.23,24.02,1029.576,44.942,9.32,0.0,0.0,0.0,0.0,0.0
337.369,24.02,1029.623,44.965,9.21,0.0,0.0,0.0,0.0,0.0
337.426,24.0,1029.563,44.896,8.9,0.0,0.0,0.0,0.0,0.0
337.537,24.0,1029.584,44.996,9.36,0.0,0.0,0.0,0.0,0.0
337.681,24.0,1029.551,44.917,9.39,0.0,0.0,0.0,0.0,0.0
337.794,24.01,1029.557,44.93,9.89,0.0,0.0,0.0,0.0,0.0
337.875,23.95,1029.466,44.935,9.23,0.0,0.0,0.0,0.0,0.0
337.982,23.98,1029.573,44.938,9.45,0.0,0.0,0.0,0.0,0.0
338.148,23.99,1029.578,44.938,9.88,0.0,0.0,0.0,0.0,0.0
338.287,24.04,1029.585,44.967,9.31,0.0,0.0,0.0,0.0,0.0
338.377,23.95,1029.424,44.969,9.5,0.0,0.0,0.0,0.0,0.0
338.538,24.03,1029.632,44.92,9.59,0.0,0.0,0.0,0.0,0.0
338.627,24.04,1029.56,44.955,9.44,0.0,0.0,0.0,0.0,0.0
338.73,23.95,1029.458,44.957,9.49,0.0,0.0,0.0,0.0,0.0
338.829,23.92,1029.413,44.898,9.5,0.0,0.0,0.0,0.0,0.0
338.93,23.96,1029.501,44.913,9.38,0.0,0.0,0.0,0.0,0.0
339.037,23.94,1029.455,44.9,9.2,0.0,0.0,0.0,0.0,0.0
339.125,23.96,1029.509,44.913,9.3,0.0,0.0,0.0,0.0,0.0
339.241,23.96,1029.502,44.902,9.53,0.0,0.0,0.0,0.0,0.0
339.422,23.96,1029.486,44.902,9.44,0.0,0.0,0.0,0.0,0.0
339.488,24.05,1029.623,44.911,9.51,0.0,0.0,0.0,0.0,0.0
339.575,23.99,1029.497,44.962,9.3,0.0,0.0,0.0,0.0,0.0
339.819,23.99,1029.436,44.949,9.52,0.0,0.0,0.0,0.0,0.0
339.876,23.96,1029.406,44.856,9.58,0.0,0.0,0.0,0.0,0.0
340.037,23.97,1029.443,44.756,9.48,0.0,0.0,0.0,0.0,0.0
340.128,23.96,1029.41,44.937,9.43,0.0,0.0,0.0,0.0,0.0
340.241,24.05,1029.589,44.943,9.61,0.0,0.0,0.0,0.0,0.0
340.326,24.06,1029.604,44.945,9.75,0.0,0.0,0.0,0.0,0.0
340.434,24.05,1029.596,44.934,9.9,0.0,0.0,0.0,0.0,0.0
340.544,24.06,1029.609,44.811,9.84,0.0,0.0,0.0,0.0,0.0
340.633,24.06,1029.569,44.855,9.79,0.0,0.0,0.0,0.0,0.0
340.74,24.06,1029.575,44.9,9.68,0.0,0.0,0.0,0.0,0.0
340.883,24.03,1029.468,44.83,9.67,0.0,0.0,0.0,0.0,0.0
340.993,24.03,1029.436,44.864,9.62,0.0,0.0,0.0,0.0,0.0
341.075,23.99,1029.424,44.859,9.61,0.0,0.0,0.0,0.0,0.0
341.186,24.01,1029.435,44.862,9.46,0.0,0.0,0.0,0.0,0.0
341.319,24.02,1029.449,44.907,9.47,0.0,0.0,0.0,0.0,0.0
341.383,24.04,1029.492,44.843,9.26,0.0,0.0,0.0,0.0,0.0
341.488,24.04,1029.462,44.865,9.12,0.0,0.0,0.0,0.0,0.0
341.636,24.05,1029.479,44.854,8.95,0.0,0.0,0.0,0.0,0.0
341.738,24.08,1029.449,44.981,8.98,0.0,0.0,0.0,0.0,0.0
341.846,23.98,1029.307,44.871,8.32,0.0,0.0,0.0,0.0,0.0
341.973,23.98,1029.32,44.893,8.48,0.0,0.0,0.0,0.0,0.0
342.046,24.01,1029.353,44.827,8.76,0.0,0.0,0.0,0.0,0.0
342.171,23.98,1029.29,44.848,9.14,0.0,0.0,0.0,0.0,0.0
342.238,23.99,1029.3,44.804,9.08,0.0,0.0,0.0,0.0,0.0
342.325,23.98,1029.306,44.825,8.94,0.0,0.0,0.0,0.0,0.0
342.441,23.98,1029.291,44.78,9.15,0.0,0.0,0.0,0.0,0.0
342.594,24.0,1029.439,44.795,9.29,0.0,0.0,0.0,0.0,0.0
342.689,24.09,1029.459,44.792,9.34,0.0,0.0,0.0,0.0,0.0
342.777,24.05,1029.41,44.81,9.45,0.0,0.0,0.0,0.0,0.0
342.885,24.04,1029.396,44.82,9.32,0.0,0.0,0.0,0.0,0.0
342.993,24.02,1029.35,44.729,9.59,0.0,0.0,0.0,0.0,0.0
343.076,24.02,1029.39,44.796,9.71,0.0,0.0,0.0,0.0,0.0
343.266,24.01,1029.356,44.716,9.53,0.0,0.0,0.0,0.0,0.0
343.327,24.01,1029.381,44.817,9.83,0.0,0.0,0.0,0.0,0.0
343.437,24.08,1029.521,44.779,9.44,0.0,0.0,0.0,0.0,0.0
343.527,24.1,1029.588,44.793,9.66,0.0,0.0,0.0,0.0,0.0
343.651,24.11,1029.573,44.86,9.63,0.0,0.0,0.0,0.0,0.0
343.739,24.11,1029.609,44.86,9.25,0.0,0.0,0.0,0.0,0.0
343.851,24.1,1029.564,44.803,10.5,0.0,0.0,0.0,0.0,0.0
343.939,24.11,1029.564,44.872,9.49,0.0,0.0,0.0,0.0,0.0
344.081,24.09,1029.549,44.791,9.5,0.0,0.0,0.0,0.0,0.0
344.198,24.1,1029.497,44.77,9.26,0.0,0.0,0.0,0.0,0.0
344.276,24.02,1029.422,44.773,9.36,0.0,0.0,0.0,0.0,0.0
344.431,24.07,1029.532,44.766,9.47,0.0,0.0,0.0,0.0,0.0
344.497,24.04,1029.488,44.753,9.61,0.0,0.0,0.0,0.0,0.0
344.586,24.06,1029.512,44.755,9.7,0.0,0.0,0.0,0.0,0.0
344.693,24.07,1029.517,44.7,9.5,0.0,0.0,0.0,0.0,0.0
344.803,24.09,1029.592,44.724,9.58,0.0,0.0,0.0,0.0,0.0
344.938,24.11,1029.577,44.838,9.55,0.0,0.0,0.0,0.0,0.0
345.028,24.13,1029.528,44.762,9.49,0.0,0.0,0.0,0.0,0.0
345.158,24.03,1029.395,44.785,9.66,0.0,0.0,0.0,0.0,0.0
345.227,24.02,1029.4,44.684,9.55,0.0,0.0,0.0,0.0,0.0
345.331,24.04,1029.412,44.696,9.7,0.0,0.0,0.0,0.0,0.0
345.442,24.04,1029.424,44.708,9.69,0.0,0.0,0.0,0.0,0.0
345.526,24.05,1029.476,44.821,9.55,0.0,0.0,0.0,0.0,0.0
345.657,24.04,1029.421,44.775,9.64,0.0,0.0,0.0,0.0,0.0
345.776,24.04,1029.483,44.73,9.55,0.0,0.0,0.0,0.0,0.0
345.889,24.14,1029.58,44.729,9.4,0.0,0.0,0.0,0.0,0.0
345.994,24.05,1029.408,44.686,9.42,0.0,0.0,0.0,0.0,0.0
346.134,24.09,1029.453,44.769,9.39,0.0,0.0,0.0,0.0,0.0
346.19,24.09,1029.438,44.712,9.12,0.0,0.0,0.0,0.0,0.0
346.275,24.06,1029.413,44.653,9.33,0.0,0.0,0.0,0.0,0.0
346.443,24.07,1029.391,44.71,9.37,0.0,0.0,0.0,0.0,0.0
346.527,24.06,1029.369,44.732,9.26,0.0,0.0,0.0,0.0,0.0
346.638,24.13,1029.504,44.638,9.15,0.0,0.0,0.0,0.0,0.0
346.727,24.13,1029.547,44.694,9.52,0.0,0.0,0.0,0.0,0.0
346.837,24.14,1029.551,44.718,9.36,0.0,0.0,0.0,0.0,0.0
346.939,24.15,1029.542,44.854,9.62,0.0,0.0,0.0,0.0,0.0
347.068,24.15,1029.531,44.617,9.35,0.0,0.0,0.0,0.0,0.0
347.14,24.14,1029.512,44.739,9.31,0.0,0.0,0.0,0.0,0.0
347.282,24.15,1029.53,44.696,9.39,0.0,0.0,0.0,0.0,0.0
347.43,24.14,1029.461,44.683,9.49,0.0,0.0,0.0,0.0,0.0
347.477,24.06,1029.371,44.676,9.33,0.0,0.0,0.0,0.0,0.0
347.612,24.08,1029.403,44.679,9.31,0.0,0.0,0.0,0.0,0.0
347.694,24.09,1029.411,44.679,9.54,0.0,0.0,0.0,0.0,0.0
347.784,24.11,1029.429,44.669,9.39,0.0,0.0,0.0,0.0,0.0
347.91,24.1,1029.418,44.646,9.25,0.0,0.0,0.0,0.0,0.0
347.975,24.12,1029.443,44.682,9.48,0.0,0.0,0.0,0.0,0.0
348.138,24.14,1029.483,44.739,9.49,0.0,0.0,0.0,0.0,0.0
348.248,24.17,1029.506,44.597,9.61,0.0,0.0,0.0,0.0,0.0
348.341,24.08,1029.333,44.678,9.67,0.0,0.0,0.0,0.0,0.0
348.428,24.08,1029.355,44.734,9.48,0.0,0.0,0.0,0.0,0.0
348.532,24.08,1029.341,44.779,9.71,0.0,0.0,0.0,0.0,0.0
348.64,24.07,1029.33,44.7,9.23,0.0,0.0,0.0,0.0,0.0
348.726,24.08,1029.355,44.542,9.59,0.0,0.0,0.0,0.0,0.0
348.84,24.08,1029.336,44.634,9.65,0.0,0.0,0.0,0.0,0.0
349.009,24.09,1029.378,44.611,9.44,0.0,0.0,0.0,0.0,0.0
349.093,24.09,1029.364,44.609,9.68,0.0,0.0,0.0,0.0,0.0
349.175,24.12,1029.414,44.637,9.69,0.0,0.0,0.0,0.0,0.0
349.303,24.13,1029.423,44.627,9.59,0.0,0.0,0.0,0.0,0.0
349.388,24.15,1029.413,44.651,9.65,0.0,0.0,0.0,0.0,0.0
349.475,24.1,1029.365,44.658,9.62,0.0,0.0,0.0,0.0,0.0
349.641,24.13,1029.382,44.446,9.57,0.0,0.0,0.0,0.0,0.0
349.729,24.11,1029.357,44.692,9.5,0.0,0.0,0.0,0.0,0.0
349.855,24.16,1029.477,44.663,9.25,0.0,0.0,0.0,0.0,0.0
349.927,24.18,1029.504,44.575,9.15,0.0,0.0,0.0,0.0,0.0
350.032,24.18,1029.475,44.732,9.16,0.0,0.0,0.0,0.0,0.0
350.172,24.2,1029.497,44.645,9.27,0.0,0.0,0.0,0.0,0.0
350.275,24.19,1029.52,44.678,9.21,0.0,0.0,0.0,0.0,0.0
350.337,24.2,1029.514,44.61,9.25,0.0,0.0,0.0,0.0,0.0
350.484,24.2,1029.499,44.667,9.25,0.0,0.0,0.0,0.0,0.0
350.592,24.2,1029.491,44.645,9.43,0.0,0.0,0.0,0.0,0.0
350.675,24.1,1029.303,44.59,9.54,0.0,0.0,0.0,0.0,0.0
350.784,24.12,1029.359,44.592,9.45,0.0,0.0,0.0,0.0,0.0
350.896,24.12,1029.385,44.592,9.14,0.0,0.0,0.0,0.0,0.0
350.983,24.13,1029.38,44.582,9.63,0.0,0.0,0.0,0.0,0.0
351.089,24.15,1029.377,44.584,9.33,0.0,0.0,0.0,0.0,0.0
351.177,24.16,1029.427,44.617,9.31,0.0,0.0,0.0,0.0,0.0
351.341,24.18,1029.438,44.496,9.37,0.0,0.0,0.0,0.0,0.0
351.446,24.21,1029.46,44.477,9.44,0.0,0.0,0.0,0.0,0.0
351.542,24.12,1029.323,44.613,9.51,0.0,0.0,0.0,0.0,0.0
351.627,24.12,1029.302,44.569,9.31,0.0,0.0,0.0,0.0,0.0
351.753,24.12,1029.337,44.491,9.54,0.0,0.0,0.0,0.0,0.0
351.842,24.13,1029.378,44.525,9.72,0.0,0.0,0.0,0.0,0.0
351.925,24.13,1029.323,44.56,9.39,0.0,0.0,0.0,0.0,0.0
352.037,24.12,1029.329,44.547,9.31,0.0,0.0,0.0,0.0,0.0
352.177,24.15,1029.405,44.539,9.97,0.0,0.0,0.0,0.0,0.0
352.309,24.16,1029.412,44.551,9.46,0.0,0.0,0.0,0.0,0.0
352.378,24.23,1029.501,44.554,9.71,0.0,0.0,0.0,0.0,0.0
352.484,24.19,1029.444,44.554,9.49,0.0,0.0,0.0,0.0,0.0
352.591,24.17,1029.386,44.507,8.94,0.0,0.0,0.0,0.0,0.0
352.678,24.15,1029.352,44.471,9.31,0.0,0.0,0.0,0.0,0.0
352.788,24.16,1029.368,44.563,9.53,0.0,0.0,0.0,0.0,0.0
352.876,24.15,1029.364,44.505,9.49,0.0,0.0,0.0,0.0,0.0
353.039,24.15,1029.352,44.516,9.38,0.0,0.0,0.0,0.0,0.0
353.127,24.14,1029.356,44.549,9.58,0.0,0.0,0.0,0.0,0.0
353.277,24.22,1029.539,44.545,9.37,0.0,0.0,0.0,0.0,0.0
353.366,24.24,1029.538,44.559,9.3,0.0,0.0,0.0,0.0,0.0
353.433,24.24,1029.559,44.48,9.41,0.0,0.0,0.0,0.0,0.0
353.538,24.24,1029.58,44.469,9.2,0.0,0.0,0.0,0.0,0.0
353.686,24.24,1029.558,44.569,9.37,0.0,0.0,0.0,0.0,0.0
353.79,24.24,1029.507,44.514,9.87,0.0,0.0,0.0,0.0,0.0
353.877,24.15,1029.412,44.505,9.16,0.0,0.0,0.0,0.0,0.0
353.985,24.14,1029.41,44.492,9.45,0.0,0.0,0.0,0.0,0.0
354.127,24.16,1029.438,44.494,9.76,0.0,0.0,0.0,0.0,0.0
354.289,24.25,1029.533,44.525,9.73,0.0,0.0,0.0,0.0,0.0
354.423,24.2,1029.435,44.51,9.73,0.0,0.0,0.0,0.0,0.0
354.559,24.21,1029.48,44.566,9.62,0.0,0.0,0.0,0.0,0.0
354.648,24.25,1029.519,44.436,9.5,0.0,0.0,0.0,0.0,0.0
354.739,24.16,1029.38,44.494,9.83,0.0,0.0,0.0,0.0,0.0
354.828,24.17,1029.364,44.484,9.95,0.0,0.0,0.0,0.0,0.0
354.935,24.18,1029.413,44.587,9.74,0.0,0.0,0.0,0.0,0.0
355.065,24.16,1029.382,44.482,9.95,0.0,0.0,0.0,0.0,0.0
355.167,24.16,1029.358,44.37,9.58,0.0,0.0,0.0,0.0,0.0
355.241,24.15,1029.329,44.493,9.77,0.0,0.0,0.0,0.0,0.0
355.418,24.15,1029.334,44.438,9.59,0.0,0.0,0.0,0.0,0.0
355.49,24.17,1029.358,44.417,9.47,0.0,0.0,0.0,0.0,0.0
355.621,24.27,1029.491,44.471,9.53,0.0,0.0,0.0,0.0,0.0
355.685,24.26,1029.497,44.446,9.47,0.0,0.0,0.0,0.0,0.0
355.89,24.23,1029.37,44.456,9.26,0.0,0.0,0.0,0.0,0.0
355.988,24.22,1029.348,44.467,9.31,0.0,0.0,0.0,0.0,0.0
356.077,24.18,1029.289,44.44,9.15,0.0,0.0,0.0,0.0,0.0
356.24,24.2,1029.31,44.565,8.76,0.0,0.0,0.0,0.0,0.0
356.328,24.19,1029.258,44.328,9.08,0.0,0.0,0.0,0.0,0.0
356.436,24.26,1029.429,44.346,9.27,0.0,0.0,0.0,0.0,0.0
356.546,24.26,1029.431,44.595,8.8,0.0,0.0,0.0,0.0,0.0
356.632,24.28,1029.47,44.304,8.76,0.0,0.0,0.0,0.0,0.0
356.827,24.29,1029.492,44.371,8.86,0.0,0.0,0.0,0.0,0.0
356.932,24.28,1029.439,44.428,8.8,0.0,0.0,0.0,0.0,0.0
357.077,24.28,1029.464,44.393,9.5,0.0,0.0,0.0,0.0,0.0
357.185,24.26,1029.376,44.425,8.81,0.0,0.0,0.0,0.0,0.0
357.346,24.19,1029.376,44.409,9.21,0.0,0.0,0.0,0.0,0.0
357.493,24.29,1029.497,44.395,9.26,0.0,0.0,0.0,0.0,0.0
357.602,24.25,1029.426,44.401,9.75,0.0,0.0,0.0,0.0,0.0
357.738,24.26,1029.479,44.346,9.39,0.0,0.0,0.0,0.0,0.0
357.83,24.3,1029.498,44.327,10.24,0.0,0.0,0.0,0.0,0.0
357.937,24.22,1029.406,44.512,9.55,0.0,0.0,0.0,0.0,0.0
358.029,24.22,1029.422,44.229,9.94,0.0,0.0,0.0,0.0,0.0
358.136,24.22,1029.414,44.399,9.79,0.0,0.0,0.0,0.0,0.0
358.243,24.2,1029.375,44.408,10.15,0.0,0.0,0.0,0.0,0.0
358.356,24.2,1029.41,44.352,9.8,0.0,0.0,0.0,0.0,0.0
358.458,24.2,1029.432,44.363,9.95,0.0,0.0,0.0,0.0,0.0
358.575,24.22,1029.458,44.332,9.95,0.0,0.0,0.0,0.0,0.0
358.689,24.21,1029.432,44.397,9.69,0.0,0.0,0.0,0.0,0.0
358.812,24.31,1029.576,44.363,9.76,0.0,0.0,0.0,0.0,0.0
358.886,24.29,1029.537,44.395,9.73,0.0,0.0,0.0,0.0,0.0
359.017,24.29,1029.509,44.395,9.67,0.0,0.0,0.0,0.0,0.0
359.104,24.27,1029.456,44.324,9.31,0.0,0.0,0.0,0.0,0.0
359.239,24.26,1029.443,44.323,9.46,0.0,0.0,0.0,0.0,0.0
359.334,24.25,1029.404,44.322,9.44,0.0,0.0,0.0,0.0,0.0
359.485,24.26,1029.456,44.392,9.46,0.0,0.0,0.0,0.0,0.0
359.547,24.28,1029.496,44.394,9.44,0.0,0.0,0.0,0.0,0.0
359.637,24.3,1029.517,44.34,8.98,0.0,0.0,0.0,0.0,0.0
359.772,24.3,1029.511,44.306,9.48,0.0,0.0,0.0,0.0,0.0
359.851,24.3,1029.506,44.385,9.38,0.0,0.0,0.0,0.0,0.0
359.955,24.32,1029.538,44.454,9.57,0.0,0.0,0.0,0.0,0.0
360.026,24.32,1029.517,44.285,8.79,0.0,0.0,0.0,0.0,0.0
360.136,24.31,1029.464,44.452,9.35,0.0,0.0,0.0,0.0,0.0
360.296,24.33,1029.521,44.376,8.93,0.0,0.0,0.0,0.0,0.0
360.388,24.32,1029.455,44.318,9.17,0.0,0.0,0.0,0.0,0.0
360.477,24.23,1029.364,44.32,9.02,0.0,0.0,0.0,0.0,0.0
360.606,24.23,1029.363,44.32,9.17,0.0,0.0,0.0,0.0,0.0
360.71,24.23,1029.337,44.31,9.22,0.0,0.0,0.0,0.0,0.0
360.796,24.25,1029.365,44.312,9.16,0.0,0.0,0.0,0.0,0.0
360.89,24.26,1029.391,44.313,9.37,0.0,0.0,0.0,0.0,0.0
360.979,24.28,1029.408,44.281,9.23,0.0,0.0,0.0,0.0,0.0
361.143,24.3,1029.479,44.34,9.12,0.0,0.0,0.0,0.0,0.0
361.262,24.34,1029.481,44.265,9.35,0.0,0.0,0.0,0.0,0.0
361.39,24.24,1029.276,44.321,9.27,0.0,0.0,0.0,0.0,0.0
361.526,24.34,1029.564,44.253,9.18,0.0,0.0,0.0,0.0,0.0
361.64,24.34,1029.449,44.32,9.47,0.0,0.0,0.0,0.0,0.0
361.792,24.24,1029.334,44.232,9.41,0.0,0.0,0.0,0.0,0.0
361.895,24.25,1029.332,44.277,9.43,0.0,0.0,0.0,0.0,0.0
361.977,24.35,1029.511,44.242,9.71,0.0,0.0,0.0,0.0,0.0
362.083,24.34,1029.482,44.365,9.63,0.0,0.0,0.0,0.0,0.0
362.216,24.31,1029.416,44.329,9.53,0.0,0.0,0.0,0.0,0.0
362.286,24.29,1029.399,44.275,9.64,0.0,0.0,0.0,0.0,0.0
362.388,24.32,1029.454,44.251,9.58,0.0,0.0,0.0,0.0,0.0
362.477,24.31,1029.417,44.262,9.74,0.0,0.0,0.0,0.0,0.0
362.661,24.3,1029.393,44.204,9.66,0.0,0.0,0.0,0.0,0.0
362.73,24.28,1029.359,44.27,9.63,0.0,0.0,0.0,0.0,0.0
362.863,24.32,1029.486,44.263,9.22,0.0,0.0,0.0,0.0,0.0
362.949,24.35,1029.552,44.209,9.46,0.0,0.0,0.0,0.0,0.0
363.033,24.33,1029.518,44.242,9.47,0.0,0.0,0.0,0.0,0.0
363.143,24.35,1029.541,44.22,9.44,0.0,0.0,0.0,0.0,0.0
363.304,24.37,1029.58,44.222,9.18,0.0,0.0,0.0,0.0,0.0
363.391,24.37,1029.496,44.323,9.0,0.0,0.0,0.0,0.0,0.0
363.493,24.28,1029.387,44.259,9.22,0.0,0.0,0.0,0.0,0.0
363.587,24.3,1029.427,44.237,9.18,0.0,0.0,0.0,0.0,0.0
363.76,24.25,1029.326,44.21,9.1,0.0,0.0,0.0,0.0,0.0
363.89,24.37,1029.529,44.267,9.55,0.0,0.0,0.0,0.0,0.0
363.978,24.32,1029.442,44.24,9.55,0.0,0.0,0.0,0.0,0.0
364.139,24.3,1029.43,44.248,9.39,0.0,0.0,0.0,0.0,0.0
364.251,24.38,1029.536,44.245,9.52,0.0,0.0,0.0,0.0,0.0
364.343,24.31,1029.407,44.284,9.84,0.0,0.0,0.0,0.0,0.0
364.448,24.31,1029.385,44.16,9.81,0.0,0.0,0.0,0.0,0.0
364.532,24.29,1029.371,44.136,9.97,0.0,0.0,0.0,0.0,0.0
364.643,24.29,1029.369,44.282,10.03,0.0,0.0,0.0,0.0,0.0
364.757,24.29,1029.352,44.237,10.03,0.0,0.0,0.0,0.0,0.0
364.841,24.29,1029.354,44.215,9.73,0.0,0.0,0.0,0.0,0.0
364.978,24.3,1029.356,44.248,9.96,0.0,0.0,0.0,0.0,0.0
365.11,24.29,1029.338,44.147,9.74,0.0,0.0,0.0,0.0,0.0
365.178,24.39,1029.534,44.168,9.46,0.0,0.0,0.0,0.0,0.0
365.398,24.39,1029.508,44.292,9.57,0.0,0.0,0.0,0.0,0.0
365.483,24.37,1029.436,44.244,9.54,0.0,0.0,0.0,0.0,0.0
365.589,24.38,1029.456,44.178,9.24,0.0,0.0,0.0,0.0,0.0
365.675,24.37,1029.418,44.188,8.91,0.0,0.0,0.0,0.0,0.0
365.859,24.37,1029.377,44.211,8.93,0.0,0.0,0.0,0.0,0.0
365.93,24.34,1029.349,44.186,8.89,0.0,0.0,0.0,0.0,0.0
366.06,24.34,1029.38,44.141,8.92,0.0,0.0,0.0,0.0,0.0
366.172,24.36,1029.406,44.199,9.21,0.0,0.0,0.0,0.0,0.0
366.232,24.36,1029.423,44.222,8.97,0.0,0.0,0.0,0.0,0.0
366.429,24.38,1029.437,44.201,8.82,0.0,0.0,0.0,0.0,0.0
366.535,24.41,1029.478,44.237,8.93,0.0,0.0,0.0,0.0,0.0
366.678,24.39,1029.445,44.27,9.42,0.0,0.0,0.0,0.0,0.0
366.785,24.42,1029.452,44.147,9.41,0.0,0.0,0.0,0.0,0.0
366.878,24.3,1029.271,44.137,9.49,0.0,0.0,0.0,0.0,0.0
366.984,24.33,1029.326,44.151,9.55,0.0,0.0,0.0,0.0,0.0
367.088,24.33,1029.372,44.162,9.4,0.0,0.0,0.0,0.0,0.0
367.177,24.33,1029.358,44.15,9.8,0.0,0.0,0.0,0.0,0.0
367.309,24.32,1029.332,44.149,9.61,0.0,0.0,0.0,0.0,0.0
367.395,24.34,1029.382,44.151,9.87,0.0,0.0,0.0,0.0,0.0
367.54,24.35,1029.398,44.13,9.76,0.0,0.0,0.0,0.0,0.0
367.645,24.42,1029.473,44.205,9.62,0.0,0.0,0.0,0.0,0.0
367.734,24.35,1029.336,44.063,9.68,0.0,0.0,0.0,0.0,0.0
367.843,24.35,1029.366,44.153,9.26,0.0,0.0,0.0,0.0,0.0
367.948,24.35,1029.349,44.142,9.32,0.0,0.0,0.0,0.0,0.0
368.046,24.34,1029.309,44.163,9.56,0.0,0.0,0.0,0.0,0.0
368.129,24.33,1029.309,44.208,9.34,0.0,0.0,0.0,0.0,0.0
368.239,24.33,1029.32,44.185,9.32,0.0,0.0,0.0,0.0,0.0
368.378,24.33,1029.328,44.129,9.2,0.0,0.0,0.0,0.0,0.0
368.483,24.34,1029.323,44.073,9.23,0.0,0.0,0.0,0.0,0.0
368.598,24.43,1029.529,44.06,9.43,0.0,0.0,0.0,0.0,0.0
368.704,24.43,1029.503,44.194,9.42,0.0,0.0,0.0,0.0,0.0
368.789,24.43,1029.501,44.16,9.4,0.0,0.0,0.0,0.0,0.0
368.937,24.4,1029.445,44.136,9.45,0.0,0.0,0.0,0.0,0.0
369.064,24.4,1029.407,44.102,9.35,0.0,0.0,0.0,0.0,0.0
369.128,24.37,1029.4,44.109,9.45,0.0,0.0,0.0,0.0,0.0
369.238,24.39,1029.431,44.101,9.57,0.0,0.0,0.0,0.0,0.0
369.347,24.38,1029.406,44.1,9.48,0.0,0.0,0.0,0.0,0.0
369.454,24.41,1029.481,44.092,9.54,0.0,0.0,0.0,0.0,0.0
369.543,24.41,1029.506,44.103,9.57,0.0,0.0,0.0,0.0,0.0
369.626,24.41,1029.46,44.147,9.58,0.0,0.0,0.0,0.0,0.0
369.762,24.43,1029.522,43.97,9.38,0.0,0.0,0.0,0.0,0.0
369.896,24.45,1029.535,44.061,9.36,0.0,0.0,0.0,0.0,0.0
369.995,24.45,1029.511,44.117,9.41,0.0,0.0,0.0,0.0,0.0
370.079,24.36,1029.347,44.12,9.34,0.0,0.0,0.0,0.0,0.0
370.189,24.36,1029.409,44.087,9.42,0.0,0.0,0.0,0.0,0.0
370.32,24.38,1029.415,44.088,9.39,0.0,0.0,0.0,0.0,0.0
370.377,24.36,1029.402,44.064,9.49,0.0,0.0,0.0,0.0,0.0
370.503,24.36,1029.405,44.074,9.27,0.0,0.0,0.0,0.0,0.0
370.576,24.38,1029.427,44.076,9.16,0.0,0.0,0.0,0.0,0.0
370.739,24.38,1029.418,44.066,9.3,0.0,0.0,0.0,0.0,0.0
370.828,24.46,1029.519,44.118,9.12,0.0,0.0,0.0,0.0,0.0
370.931,24.41,1029.421,43.968,9.35,0.0,0.0,0.0,0.0,0.0
371.128,24.41,1029.41,44.069,9.64,0.0,0.0,0.0,0.0,0.0
371.257,24.39,1029.383,44.067,9.6,0.0,0.0,0.0,0.0,0.0
371.328,24.38,1029.367,43.885,9.47,0.0,0.0,0.0,0.0,0.0
371.455,24.38,1029.371,44.099,9.48,0.0,0.0,0.0,0.0,0.0
371.595,24.37,1029.336,43.929,9.58,0.0,0.0,0.0,0.0,0.0
371.702,24.38,1029.391,44.1,9.57,0.0,0.0,0.0,0.0,0.0
371.884,24.47,1029.575,44.132,9.79,0.0,0.0,0.0,0.0,0.0
372.008,24.47,1029.545,43.984,9.65,0.0,0.0,0.0,0.0,0.0
372.077,24.48,1029.526,44.075,9.52,0.0,0.0,0.0,0.0,0.0
372.243,24.44,1029.469,44.038,9.65,0.0,0.0,0.0,0.0,0.0
372.33,24.46,1029.446,44.04,9.49,0.0,0.0,0.0,0.0,0.0
372.484,24.4,1029.393,44.034,9.42,0.0,0.0,0.0,0.0,0.0
372.559,24.43,1029.446,44.025,9.6,0.0,0.0,0.0,0.0,0.0
372.648,24.45,1029.459,44.026,9.53,0.0,0.0,0.0,0.0,0.0
372.759,24.46,1029.46,44.006,9.49,0.0,0.0,0.0,0.0,0.0
372.825,24.46,1029.472,44.006,9.4,0.0,0.0,0.0,0.0,0.0
372.936,24.45,1029.445,44.039,9.38,0.0,0.0,0.0,0.0,0.0
373.096,24.47,1029.463,43.939,9.1,0.0,0.0,0.0,0.0,0.0
373.193,24.49,1029.444,43.885,9.26,0.0,0.0,0.0,0.0,0.0
373.294,24.39,1029.276,43.988,9.14,0.0,0.0,0.0,0.0,0.0
373.384,24.42,1029.352,44.092,8.87,0.0,0.0,0.0,0.0,0.0
373.509,24.39,1029.292,44.022,8.96,0.0,0.0,0.0,0.0,0.0
373.578,24.41,1029.349,44.069,8.81,0.0,0.0,0.0,0.0,0.0
373.689,24.41,1029.329,43.956,8.89,0.0,0.0,0.0,0.0,0.0
373.776,24.39,1029.32,43.988,8.86,0.0,0.0,0.0,0.0,0.0
373.937,24.4,1029.315,43.989,8.91,0.0,0.0,0.0,0.0,0.0
374.028,24.5,1029.482,43.988,9.25,0.0,0.0,0.0,0.0,0.0
374.188,24.47,1029.452,44.028,9.19,0.0,0.0,0.0,0.0,0.0
374.24,24.45,1029.403,43.993,9.4,0.0,0.0,0.0,0.0,0.0
374.336,24.44,1029.377,43.925,9.59,0.0,0.0,0.0,0.0,0.0
374.443,24.44,1029.385,44.094,9.63,0.0,0.0,0.0,0.0,0.0
374.527,24.43,1029.407,43.936,10.11,0.0,0.0,0.0,0.0,0.0
374.635,24.45,1029.458,43.982,9.59,0.0,0.0,0.0,0.0,0.0
374.777,24.42,1029.351,43.979,9.87,0.0,0.0,0.0,0.0,0.0
374.905,24.42,1029.393,43.935,9.31,0.0,0.0,0.0,0.0,0.0
375.02,24.51,1029.545,44.102,10.13,0.0,0.0,0.0,0.0,0.0
375.084,24.49,1029.549,43.975,10.0,0.0,0.0,0.0,0.0,0.0
375.211,24.51,1029.561,43.966,10.05,0.0,0.0,0.0,0.0,0.0
375.279,24.51,1029.571,43.921,9.73,0.0,0.0,0.0,0.0,0.0
375.414,24.52,1029.55,44.0,9.2,0.0,0.0,0.0,0.0,0.0
375.496,24.51,1029.551,44.011,9.44,0.0,0.0,0.0,0.0,0.0
375.632,24.49,1029.498,43.941,9.28,0.0,0.0,0.0,0.0,0.0
375.77,24.47,1029.42,43.962,9.4,0.0,0.0,0.0,0.0,0.0
375.874,24.45,1029.43,43.96,8.84,0.0,0.0,0.0,0.0,0.0
375.939,24.47,1029.452,43.973,9.06,0.0,0.0,0.0,0.0,0.0
376.027,24.47,1029.45,43.917,9.17,0.0,0.0,0.0,0.0,0.0
376.146,24.48,1029.443,43.907,9.38,0.0,0.0,0.0,0.0,0.0
376.229,24.49,1029.456,43.941,9.34,0.0,0.0,0.0,0.0,0.0
376.331,24.51,1029.5,44.012,9.2,0.0,0.0,0.0,0.0,0.0
376.477,24.52,1029.503,43.933,9.36,0.0,0.0,0.0,0.0,0.0
376.584,24.54,1029.457,43.912,8.89,0.0,0.0,0.0,0.0,0.0
376.688,24.44,1029.32,43.947,8.95,0.0,0.0,0.0,0.0,0.0
376.778,24.43,1029.33,43.913,9.08,0.0,0.0,0.0,0.0,0.0
376.888,24.43,1029.295,43.992,9.22,0.0,0.0,0.0,0.0,0.0
376.979,24.45,1029.354,43.915,8.97,0.0,0.0,0.0,0.0,0.0
377.083,24.45,1029.297,43.926,9.24,0.0,0.0,0.0,0.0,0.0
377.187,24.44,1029.322,43.914,9.26,0.0,0.0,0.0,0.0,0.0
377.378,24.45,1029.35,43.915,9.45,0.0,0.0,0.0,0.0,0.0
377.441,24.55,1029.455,43.868,9.45,0.0,0.0,0.0,0.0,0.0
377.528,24.5,1029.397,43.896,9.54,0.0,0.0,0.0,0.0,0.0
377.642,24.49,1029.388,43.896,9.12,0.0,0.0,0.0,0.0,0.0
377.747,24.46,1029.316,43.961,9.32,0.0,0.0,0.0,0.0,0.0
377.836,24.47,1029.34,43.928,9.54,0.0,0.0,0.0,0.0,0.0
377.978,24.48,1029.391,43.94,9.5,0.0,0.0,0.0,0.0,0.0
378.083,24.48,1029.366,43.941,9.69,0.0,0.0,0.0,0.0,0.0
378.194,24.54,1029.531,43.855,9.89,0.0,0.0,0.0,0.0,0.0
378.288,24.56,1029.545,43.779,9.7,0.0,0.0,0.0,0.0,0.0
378.445,24.56,1029.504,43.869,9.61,0.0,0.0,0.0,0.0,0.0
378.606,24.56,1029.436,43.824,9.84,0.0,0.0,0.0,0.0,0.0
378.702,24.46,1029.288,43.859,9.63,0.0,0.0,0.0,0.0,0.0
378.833,24.56,1029.437,43.903,9.55,0.0,0.0,0.0,0.0,0.0
378.928,24.53,1029.375,43.866,9.6,0.0,0.0,0.0,0.0,0.0
379.032,24.47,1029.348,43.871,9.44,0.0,0.0,0.0,0.0,0.0
379.139,24.49,1029.368,43.862,9.29,0.0,0.0,0.0,0.0,0.0
379.256,24.51,1029.38,43.864,9.23,0.0,0.0,0.0,0.0,0.0
379.34,24.51,1029.395,43.854,9.12,0.0,0.0,0.0,0.0,0.0
379.426,24.52,1029.351,43.854,8.96,0.0,0.0,0.0,0.0,0.0
379.59,24.54,1029.432,43.957,8.97,0.0,0.0,0.0,0.0,0.0
379.68,24.57,1029.37,43.814,8.97,0.0,0.0,0.0,0.0,0.0
379.784,24.51,1029.292,43.842,8.91,0.0,0.0,0.0,0.0,0.0
379.889,24.49,1029.273,43.84,9.05,0.0,0.0,0.0,0.0,0.0
379.979,24.49,1029.257,43.862,8.98,0.0,0.0,0.0,0.0,0.0
380.087,24.48,1029.234,43.84,9.16,0.0,0.0,0.0,0.0,0.0
380.202,24.48,1029.238,43.84,8.96,0.0,0.0,0.0,0.0,0.0
380.282,24.48,1029.284,43.805,9.48,0.0,0.0,0.0,0.0,0.0
380.394,24.51,1029.335,43.808,9.4,0.0,0.0,0.0,0.0,0.0
380.531,24.5,1029.321,43.808,9.22,0.0,0.0,0.0,0.0,0.0
380.642,24.51,1029.445,43.805,9.47,0.0,0.0,0.0,0.0,0.0
380.733,24.56,1029.392,43.801,9.78,0.0,0.0,0.0,0.0,0.0
380.841,24.53,1029.336,43.776,9.45,0.0,0.0,0.0,0.0,0.0
380.953,24.52,1029.314,43.843,9.6,0.0,0.0,0.0,0.0,0.0
381.043,24.54,1029.316,43.754,9.4,0.0,0.0,0.0,0.0,0.0
381.16,24.5,1029.269,43.785,9.43,0.0,0.0,0.0,0.0,0.0
381.235,24.51,1029.284,43.684,9.46,0.0,0.0,0.0,0.0,0.0
381.397,24.52,1029.317,43.696,9.84,0.0,0.0,0.0,0.0,0.0
381.484,24.51,1029.275,43.684,9.48,0.0,0.0,0.0,0.0,0.0
381.595,24.59,1029.508,43.839,9.33,0.0,0.0,0.0,0.0,0.0
381.679,24.6,1029.526,43.851,9.66,0.0,0.0,0.0,0.0,0.0
381.829,24.6,1029.502,43.839,9.06,0.0,0.0,0.0,0.0,0.0
381.898,24.6,1029.485,43.851,9.38,0.0,0.0,0.0,0.0,0.0
382.036,24.61,1029.516,43.738,9.37,0.0,0.0,0.0,0.0,0.0
382.13,24.59,1029.46,43.761,9.45,0.0,0.0,0.0,0.0,0.0
382.252,24.53,1029.4,43.775,9.28,0.0,0.0,0.0,0.0,0.0
382.344,24.52,1029.388,43.775,9.52,0.0,0.0,0.0,0.0,0.0
382.482,24.56,1029.449,43.756,9.43,0.0,0.0,0.0,0.0,0.0
382.627,24.62,1029.49,43.808,9.41,0.0,0.0,0.0,0.0,0.0
382.734,24.56,1029.37,43.745,9.14,0.0,0.0,0.0,0.0,0.0
382.895,24.58,1029.503,43.814,9.31,0.0,0.0,0.0,0.0,0.0
382.985,24.62,1029.491,43.921,9.17,0.0,0.0,0.0,0.0,0.0
383.097,24.53,1029.348,43.833,9.27,0.0,0.0,0.0,0.0,0.0
383.227,24.53,1029.347,43.799,9.31,0.0,0.0,0.0,0.0,0.0
383.289,24.52,1029.325,43.809,9.25,0.0,0.0,0.0,0.0,0.0
383.379,24.52,1029.347,43.629,9.13,0.0,0.0,0.0,0.0,0.0
383.503,24.52,1029.375,43.809,9.52,0.0,0.0,0.0,0.0,0.0
383.588,24.57,1029.5,43.679,9.36,0.0,0.0,0.0,0.0,0.0
383.733,24.53,1029.432,43.63,9.76,0.0,0.0,0.0,0.0,0.0
383.85,24.54,1029.453,43.8,9.77,0.0,0.0,0.0,0.0,0.0
384.025,24.6,1029.545,43.704,9.83,0.0,0.0,0.0,0.0,0.0
384.127,24.55,1029.448,43.722,9.97,0.0,0.0,0.0,0.0,0.0
384.252,24.64,1029.524,43.719,9.75,0.0,0.0,0.0,0.0,0.0
384.348,24.58,1029.448,43.646,9.97,0.0,0.0,0.0,0.0,0.0
384.433,24.58,1029.412,43.759,9.88,0.0,0.0,0.0,0.0,0.0
384.789,24.62,1029.527,43.684,9.77,0.0,0.0,0.0,0.0,0.0
384.879,24.64,1029.501,43.775,9.39,0.0,0.0,0.0,0.0,0.0
384.983,24.64,1029.529,43.764,9.21,0.0,0.0,0.0,0.0,0.0
385.094,24.65,1029.523,43.708,9.06,0.0,0.0,0.0,0.0,0.0
385.244,24.65,1029.492,43.596,9.48,0.0,0.0,0.0,0.0,0.0
385.36,24.65,1029.408,43.63,9.06,0.0,0.0,0.0,0.0,0.0
385.45,24.57,1029.316,43.713,9.26,0.0,0.0,0.0,0.0,0.0
385.54,24.58,1029.36,43.714,8.93,0.0,0.0,0.0,0.0,0.0
385.627,24.6,1029.366,43.682,8.71,0.0,0.0,0.0,0.0,0.0
385.747,24.56,1029.285,43.688,8.86,0.0,0.0,0.0,0.0,0.0
385.848,24.57,1029.305,43.679,8.78,0.0,0.0,0.0,0.0,0.0
385.996,24.6,1029.353,43.625,8.93,0.0,0.0,0.0,0.0,0.0
386.131,24.66,1029.394,43.619,9.13,0.0,0.0,0.0,0.0,0.0
386.407,24.66,1029.395,43.632,9.47,0.0,0.0,0.0,0.0,0.0
386.544,24.58,1029.311,43.714,9.43,0.0,0.0,0.0,0.0,0.0
386.689,24.67,1029.434,43.654,9.15,0.0,0.0,0.0,0.0,0.0
386.806,24.67,1029.405,43.688,9.21,0.0,0.0,0.0,0.0,0.0
386.935,24.57,1029.309,43.645,9.45,0.0,0.0,0.0,0.0,0.0
387.056,24.58,1029.306,43.68,9.48,0.0,0.0,0.0,0.0,0.0
387.157,24.67,1029.448,43.7,9.58,0.0,0.0,0.0,0.0,0.0
387.248,24.65,1029.434,43.573,9.4,0.0,0.0,0.0,0.0,0.0
387.329,24.63,1029.33,43.661,9.61,0.0,0.0,0.0,0.0,0.0
387.435,24.61,1029.353,43.638,9.35,0.0,0.0,0.0,0.0,0.0
387.579,24.63,1029.345,43.695,9.16,0.0,0.0,0.0,0.0,0.0
387.697,24.6,1029.332,43.614,9.29,0.0,0.0,0.0,0.0,0.0
387.83,24.66,1029.458,43.642,9.44,0.0,0.0,0.0,0.0,0.0
387.888,24.66,1029.474,43.664,9.32,0.0,0.0,0.0,0.0,0.0
387.998,24.66,1029.422,43.597,9.23,0.0,0.0,0.0,0.0,0.0
388.081,24.67,1029.476,43.586,9.21,0.0,0.0,0.0,0.0,0.0
388.188,24.68,1029.506,43.632,9.24,0.0,0.0,0.0,0.0,0.0
388.331,24.69,1029.513,43.655,9.36,0.0,0.0,0.0,0.0,0.0
388.461,24.68,1029.457,43.588,9.21,0.0,0.0,0.0,0.0,0.0
388.533,24.59,1029.348,43.567,9.23,0.0,0.0,0.0,0.0,0.0
388.639,24.59,1029.349,43.557,8.95,0.0,0.0,0.0,0.0,0.0
388.744,24.59,1029.356,43.624,9.04,0.0,0.0,0.0,0.0,0.0
388.853,24.59,1029.392,43.602,9.38,0.0,0.0,0.0,0.0,0.0
388.943,24.6,1029.389,43.603,9.28,0.0,0.0,0.0,0.0,0.0
389.048,24.59,1029.38,43.603,9.35,0.0,0.0,0.0,0.0,0.0
389.136,24.62,1029.455,43.593,9.4,0.0,0.0,0.0,0.0,0.0
389.282,24.63,1029.459,43.65,9.98,0.0,0.0,0.0,0.0,0.0
389.388,24.7,1029.521,43.713,9.57,0.0,0.0,0.0,0.0,0.0
389.496,24.64,1029.434,43.64,9.59,0.0,0.0,0.0,0.0,0.0
389.593,24.64,1029.457,43.674,9.52,0.0,0.0,0.0,0.0,0.0
389.697,24.62,1029.391,43.593,9.9,0.0,0.0,0.0,0.0,0.0
389.784,24.6,1029.379,43.603,9.69,0.0,0.0,0.0,0.0,0.0
389.889,24.62,1029.405,43.504,9.71,0.0,0.0,0.0,0.0,0.0
389.995,24.6,1029.376,43.67,9.82,0.0,0.0,0.0,0.0,0.0
390.157,24.6,1029.327,43.637,9.73,0.0,0.0,0.0,0.0,0.0
390.252,24.61,1029.361,43.626,9.56,0.0,0.0,0.0,0.0,0.0
390.334,24.71,1029.562,43.592,9.5,0.0,0.0,0.0,0.0,0.0
390.448,24.69,1029.498,43.51,9.65,0.0,0.0,0.0,0.0,0.0
390.532,24.7,1029.522,43.635,9.29,0.0,0.0,0.0,0.0,0.0
390.637,24.69,1029.454,43.542,9.45,0.0,0.0,0.0,0.0,0.0
390.747,24.67,1029.415,43.508,9.37,0.0,0.0,0.0,0.0,0.0
390.919,24.62,1029.353,43.537,9.4,0.0,0.0,0.0,0.0,0.0
391.0,24.68,1029.416,43.565,9.51,0.0,0.0,0.0,0.0,0.0
391.087,24.66,1029.411,43.484,9.38,0.0,0.0,0.0,0.0,0.0
391.191,24.67,1029.431,43.508,9.06,0.0,0.0,0.0,0.0,0.0
391.302,24.68,1029.463,43.633,9.05,0.0,0.0,0.0,0.0,0.0
391.433,24.69,1029.432,43.521,9.35,0.0,0.0,0.0,0.0,0.0
391.479,24.7,1029.443,43.511,9.26,0.0,0.0,0.0,0.0,0.0
391.642,24.72,1029.47,43.524,9.21,0.0,0.0,0.0,0.0,0.0
391.732,24.73,1029.446,43.469,9.31,0.0,0.0,0.0,0.0,0.0
391.838,24.64,1029.291,43.572,9.21,0.0,0.0,0.0,0.0,0.0
391.95,24.64,1029.312,43.527,9.49,0.0,0.0,0.0,0.0,0.0
392.034,24.63,1029.295,43.605,9.43,0.0,0.0,0.0,0.0,0.0
392.145,24.63,1029.302,43.561,9.17,0.0,0.0,0.0,0.0,0.0
392.273,24.64,1029.316,43.516,9.19,0.0,0.0,0.0,0.0,0.0
392.339,24.64,1029.289,43.527,9.47,0.0,0.0,0.0,0.0,0.0
392.481,24.66,1029.361,43.518,9.17,0.0,0.0,0.0,0.0,0.0
392.733,24.68,1029.352,43.6,9.2,0.0,0.0,0.0,0.0,0.0
392.894,24.71,1029.403,43.489,9.71,0.0,0.0,0.0,0.0,0.0
392.982,24.74,1029.431,43.492,10.23,0.0,0.0,0.0,0.0,0.0
393.089,24.65,1029.298,43.472,10.02,0.0,0.0,0.0,0.0,0.0
393.338,24.65,1029.297,43.539,9.29,0.0,0.0,0.0,0.0,0.0
393.457,24.66,1029.325,43.461,9.31,0.0,0.0,0.0,0.0,0.0
393.539,24.75,1029.509,43.459,9.61,0.0,0.0,0.0,0.0,0.0
393.645,24.75,1029.445,43.515,8.89,0.0,0.0,0.0,0.0,0.0
393.806,24.75,1029.477,43.538,9.52,0.0,0.0,0.0,0.0,0.0
393.954,24.75,1029.44,43.46,9.45,0.0,0.0,0.0,0.0,0.0
394.054,24.66,1029.333,43.494,9.38,0.0,0.0,0.0,0.0,0.0
394.181,24.7,1029.352,43.465,9.12,0.0,0.0,0.0,0.0,0.0
394.287,24.73,1029.38,43.49,9.18,0.0,0.0,0.0,0.0,0.0
394.43,24.71,1029.401,43.455,9.14,0.0,0.0,0.0,0.0,0.0
394.597,24.76,1029.437,43.427,9.27,0.0,0.0,0.0,0.0,0.0
394.68,24.69,1029.317,43.454,9.46,0.0,0.0,0.0,0.0,0.0
394.845,24.75,1029.445,43.401,9.41,0.0,0.0,0.0,0.0,0.0
394.931,24.76,1029.412,43.427,9.33,0.0,0.0,0.0,0.0,0.0
395.035,24.67,1029.278,43.439,9.48,0.0,0.0,0.0,0.0,0.0
395.143,24.66,1029.245,43.507,9.58,0.0,0.0,0.0,0.0,0.0
395.254,24.68,1029.284,43.475,9.86,0.0,0.0,0.0,0.0,0.0
395.362,24.66,1029.297,43.428,9.84,0.0,0.0,0.0,0.0,0.0
395.451,24.67,1029.291,43.462,9.55,0.0,0.0,0.0,0.0,0.0
395.589,24.67,1029.313,43.418,9.63,0.0,0.0,0.0,0.0,0.0
395.68,24.68,1029.342,43.42,9.4,0.0,0.0,0.0,0.0,0.0
395.811,24.78,1029.458,43.45,9.47,0.0,0.0,0.0,0.0,0.0
395.896,24.73,1029.375,43.434,9.43,0.0,0.0,0.0,0.0,0.0
396.032,24.7,1029.329,43.466,9.52,0.0,0.0,0.0,0.0,0.0
396.101,24.71,1029.335,43.364,9.41,0.0,0.0,0.0,0.0,0.0
396.217,24.69,1029.327,43.431,9.37,0.0,0.0,0.0,0.0,0.0
396.359,24.69,1029.309,43.295,8.93,0.0,0.0,0.0,0.0,0.0
396.431,24.7,1029.356,43.465,8.51,0.0,0.0,0.0,0.0,0.0
396.539,24.76,1029.475,43.483,8.8,0.0,0.0,0.0,0.0,0.0
396.737,24.78,1029.503,43.44,9.31,0.0,0.0,0.0,0.0,0.0
396.869,24.79,1029.518,43.474,9.27,0.0,0.0,0.0,0.0,0.0
396.931,24.79,1029.518,43.361,9.47,0.0,0.0,0.0,0.0,0.0
397.069,24.79,1029.51,43.463,9.45,0.0,0.0,0.0,0.0,0.0
397.148,24.78,1029.488,43.428,9.46,0.0,0.0,0.0,0.0,0.0
397.255,24.79,1029.512,43.451,9.61,0.0,0.0,0.0,0.0,0.0
397.38,24.78,1029.493,43.462,9.8,0.0,0.0,0.0,0.0,0.0
397.509,24.78,1029.49,43.395,9.61,0.0,0.0,0.0,0.0,0.0
397.593,24.71,1029.425,43.399,9.88,0.0,0.0,0.0,0.0,0.0
397.683,24.74,1029.476,43.391,9.68,0.0,0.0,0.0,0.0,0.0
397.812,24.73,1029.432,43.367,9.66,0.0,0.0,0.0,0.0,0.0
397.881,24.75,1029.494,43.393,9.65,0.0,0.0,0.0,0.0,0.0
398.045,24.77,1029.518,43.404,9.7,0.0,0.0,0.0,0.0,0.0
398.158,24.81,1029.499,43.432,9.73,0.0,0.0,0.0,0.0,0.0
398.289,24.72,1029.357,43.299,9.62,0.0,0.0,0.0,0.0,0.0
398.354,24.72,1029.36,43.378,9.72,0.0,0.0,0.0,0.0,0.0
398.456,24.71,1029.366,43.422,9.19,0.0,0.0,0.0,0.0,0.0
398.545,24.71,1029.371,43.444,9.27,0.0,0.0,0.0,0.0,0.0
398.63,24.72,1029.353,43.389,9.58,0.0,0.0,0.0,0.0,0.0
398.737,24.7,1029.336,43.354,9.33,0.0,0.0,0.0,0.0,0.0
398.881,24.72,1029.346,43.332,9.17,0.0,0.0,0.0,0.0,0.0
398.988,24.72,1029.345,43.265,9.31,0.0,0.0,0.0,0.0,0.0
399.102,24.82,1029.5,43.35,8.97,0.0,0.0,0.0,0.0,0.0
399.189,24.77,1029.386,43.371,8.94,0.0,0.0,0.0,0.0,0.0
399.349,24.77,1029.383,43.349,9.27,0.0,0.0,0.0,0.0,0.0
399.517,24.77,1029.42,43.303,9.41,0.0,0.0,0.0,0.0,0.0
399.62,24.82,1029.44,43.354,9.42,0.0,0.0,0.0,0.0,0.0
399.76,24.73,1029.281,43.277,9.59,0.0,0.0,0.0,0.0,0.0
399.854,24.73,1029.266,43.311,10.13,0.0,0.0,0.0,0.0,0.0
399.937,24.8,1029.452,43.306,9.84,0.0,0.0,0.0,0.0,0.0
400.067,24.83,1029.493,43.343,9.59,0.0,0.0,0.0,0.0,0.0
400.13,24.83,1029.517,43.208,9.63,0.0,0.0,0.0,0.0,0.0
400.281,24.83,1029.484,43.343,9.85,0.0,0.0,0.0,0.0,0.0
400.38,24.84,1029.535,43.332,9.21,0.0,0.0,0.0,0.0,0.0
400.506,24.83,1029.479,43.389,9.27,0.0,0.0,0.0,0.0,0.0
400.599,24.78,1029.399,43.315,9.48,0.0,0.0,0.0,0.0,0.0
400.705,24.79,1029.462,43.327,9.21,0.0,0.0,0.0,0.0,0.0
400.796,24.74,1029.33,43.323,9.0,0.0,0.0,0.0,0.0,0.0
400.882,24.75,1029.364,43.312,8.94,0.0,0.0,0.0,0.0,0.0
400.993,24.77,1029.407,43.315,8.51,0.0,0.0,0.0,0.0,0.0
401.08,24.78,1029.425,43.316,9.08,0.0,0.0,0.0,0.0,0.0
401.263,24.79,1029.422,43.282,9.28,0.0,0.0,0.0,0.0,0.0
401.333,24.84,1029.492,43.366,9.39,0.0,0.0,0.0,0.0,0.0
401.485,24.77,1029.364,43.292,9.7,0.0,0.0,0.0,0.0,0.0
401.631,24.77,1029.363,43.314,9.49,0.0,0.0,0.0,0.0,0.0
401.745,24.77,1029.355,43.349,9.78,0.0,0.0,0.0,0.0,0.0
401.831,24.76,1029.352,43.302,9.88,0.0,0.0,0.0,0.0,0.0
401.94,24.74,1029.313,43.267,9.75,0.0,0.0,0.0,0.0,0.0
402.098,24.75,1029.311,43.29,9.86,0.0,0.0,0.0,0.0,0.0
402.188,24.78,1029.37,43.225,9.61,0.0,0.0,0.0,0.0,0.0
402.292,24.86,1029.508,43.244,9.51,0.0,0.0,0.0,0.0,0.0
402.424,24.87,1029.475,43.335,9.34,0.0,0.0,0.0,0.0,0.0
402.493,24.85,1029.462,43.218,9.31,0.0,0.0,0.0,0.0,0.0
402.581,24.84,1029.425,43.32,9.31,0.0,0.0,0.0,0.0,0.0
402.741,24.83,1029.424,43.265,9.63,0.0,0.0,0.0,0.0,0.0
402.832,24.8,1029.313,43.306,9.31,0.0,0.0,0.0,0.0,0.0
402.939,24.81,1029.417,43.273,8.96,0.0,0.0,0.0,0.0,0.0
403.051,24.83,1029.408,43.23,8.61,0.0,0.0,0.0,0.0,0.0
403.136,24.83,1029.424,43.196,8.69,0.0,0.0,0.0,0.0,0.0
403.33,24.85,1029.439,43.289,9.27,0.0,0.0,0.0,0.0,0.0
403.44,24.88,1029.495,43.28,9.17,0.0,0.0,0.0,0.0,0.0
403.532,24.88,1029.486,43.325,9.22,0.0,0.0,0.0,0.0,0.0
403.714,24.86,1029.433,43.188,9.22,0.0,0.0,0.0,0.0,0.0
403.782,24.88,1029.417,43.212,9.16,0.0,0.0,0.0,0.0,0.0
403.915,24.78,1029.323,43.259,9.38,0.0,0.0,0.0,0.0,0.0
404.112,24.8,1029.35,43.239,9.46,0.0,0.0,0.0,0.0,0.0
404.198,24.78,1029.335,43.237,9.55,0.0,0.0,0.0,0.0,0.0
404.283,24.8,1029.39,43.228,9.66,0.0,0.0,0.0,0.0,0.0
404.443,24.83,1029.433,43.23,9.67,0.0,0.0,0.0,0.0,0.0
404.532,24.89,1029.466,43.247,9.5,0.0,0.0,0.0,0.0,0.0
404.639,24.81,1029.365,43.296,9.78,0.0,0.0,0.0,0.0,0.0
404.747,24.8,1029.356,43.104,9.86,0.0,0.0,0.0,0.0,0.0
404.832,24.8,1029.313,43.216,10.08,0.0,0.0,0.0,0.0,0.0
404.946,24.81,1029.371,43.273,9.53,0.0,0.0,0.0,0.0,0.0
405.032,24.81,1029.334,43.24,9.67,0.0,0.0,0.0,0.0,0.0
405.138,24.8,1029.323,43.193,9.9,0.0,0.0,0.0,0.0,0.0
405.282,24.78,1029.319,43.181,9.64,0.0,0.0,0.0,0.0,0.0
405.39,24.81,1029.356,43.172,9.81,0.0,0.0,0.0,0.0,0.0
405.528,24.9,1029.513,43.282,9.7,0.0,0.0,0.0,0.0,0.0
405.592,24.88,1029.488,43.291,9.57,0.0,0.0,0.0,0.0,0.0
405.698,24.88,1029.465,43.156,9.15,0.0,0.0,0.0,0.0,0.0
405.784,24.86,1029.457,43.118,9.36,0.0,0.0,0.0,0.0,0.0
405.911,24.84,1029.362,43.229,9.4,0.0,0.0,0.0,0.0,0.0
405.998,24.85,1029.383,43.209,9.27,0.0,0.0,0.0,0.0,0.0
406.137,24.87,1029.401,43.177,9.08,0.0,0.0,0.0,0.0,0.0
406.265,24.86,1029.391,43.177,9.23,0.0,0.0,0.0,0.0,0.0
406.412,24.89,1029.491,43.123,9.28,0.0,0.0,0.0,0.0,0.0
406.55,24.91,1029.457,43.204,8.94,0.0,0.0,0.0,0.0,0.0
406.646,24.82,1029.331,43.229,9.16,0.0,0.0,0.0,0.0,0.0
406.754,24.89,1029.498,43.248,9.1,0.0,0.0,0.0,0.0,0.0
406.852,24.91,1029.53,43.26,9.43,0.0,0.0,0.0,0.0,0.0
406.982,24.92,1029.525,43.16,9.4,0.0,0.0,0.0,0.0,0.0
407.108,24.89,1029.429,43.056,9.45,0.0,0.0,0.0,0.0,0.0
407.199,24.82,1029.35,43.15,9.54,0.0,0.0,0.0,0.0,0.0
407.284,24.82,1029.362,43.195,9.7,0.0,0.0,0.0,0.0,0.0
407.444,24.82,1029.382,43.173,9.99,0.0,0.0,0.0,0.0,0.0
407.588,24.92,1029.488,43.16,9.55,0.0,0.0,0.0,0.0,0.0
407.837,24.88,1029.438,43.134,9.85,0.0,0.0,0.0,0.0,0.0
407.969,24.93,1029.489,43.172,9.92,0.0,0.0,0.0,0.0,0.0
408.03,24.86,1029.389,43.188,9.8,0.0,0.0,0.0,0.0,0.0
408.148,24.85,1029.357,43.21,9.58,0.0,0.0,0.0,0.0,0.0
408.23,24.84,1029.342,43.187,9.53,0.0,0.0,0.0,0.0,0.0
408.337,24.83,1029.291,43.117,9.64,0.0,0.0,0.0,0.0,0.0
408.481,24.85,1029.347,43.153,9.5,0.0,0.0,0.0,0.0,0.0
408.591,24.85,1029.35,43.142,9.33,0.0,0.0,0.0,0.0,0.0
408.703,24.93,1029.506,43.06,9.04,0.0,0.0,0.0,0.0,0.0
408.793,24.94,1029.51,43.15,9.34,0.0,0.0,0.0,0.0,0.0
408.911,24.92,1029.429,43.069,9.26,0.0,0.0,0.0,0.0,0.0
408.983,24.94,1029.445,43.173,8.95,0.0,0.0,0.0,0.0,0.0
409.087,24.92,1029.41,43.081,8.93,0.0,0.0,0.0,0.0,0.0
409.234,24.88,1029.339,43.088,9.13,0.0,0.0,0.0,0.0,0.0
409.337,24.92,1029.368,43.127,9.08,0.0,0.0,0.0,0.0,0.0
409.452,24.87,1029.366,43.133,9.13,0.0,0.0,0.0,0.0,0.0
409.541,24.87,1029.336,43.144,8.97,0.0,0.0,0.0,0.0,0.0
409.65,24.9,1029.37,43.102,9.28,0.0,0.0,0.0,0.0,0.0
409.732,24.91,1029.391,43.147,9.2,0.0,0.0,0.0,0.0,0.0
409.84,24.92,1029.43,43.172,9.36,0.0,0.0,0.0,0.0,0.0
409.932,24.93,1029.453,43.149,9.3,0.0,0.0,0.0,0.0,0.0
410.04,24.93,1029.446,43.104,9.45,0.0,0.0,0.0,0.0,0.0
410.199,24.95,1029.497,43.096,9.26,0.0,0.0,0.0,0.0,0.0
410.309,24.95,1029.443,42.994,9.88,0.0,0.0,0.0,0.0,0.0
410.431,24.87,1029.326,43.12,9.53,0.0,0.0,0.0,0.0,0.0
410.595,24.96,1029.502,43.119,9.64,0.0,0.0,0.0,0.0,0.0
410.684,24.95,1029.434,43.05,9.57,0.0,0.0,0.0,0.0,0.0
410.789,24.86,1029.328,43.087,9.86,0.0,0.0,0.0,0.0,0.0
410.895,24.88,1029.352,43.088,9.58,0.0,0.0,0.0,0.0,0.0
411.041,24.88,1029.382,43.077,9.93,0.0,0.0,0.0,0.0,0.0
411.16,24.96,1029.427,43.063,9.75,0.0,0.0,0.0,0.0,0.0
411.231,24.9,1029.325,43.045,9.34,0.0,0.0,0.0,0.0,0.0
411.348,24.88,1029.315,43.032,9.09,0.0,0.0,0.0,0.0,0.0
411.433,24.91,1029.332,43.001,9.59,0.0,0.0,0.0,0.0,0.0
411.538,24.88,1029.282,43.088,9.36,0.0,0.0,0.0,0.0,0.0
411.671,24.89,1029.301,43.056,9.25,0.0,0.0,0.0,0.0,0.0
411.9,24.88,1029.322,43.156,8.79,0.0,0.0,0.0,0.0,0.0
411.99,24.9,1029.342,43.057,9.2,0.0,0.0,0.0,0.0,0.0
412.115,24.98,1029.51,43.02,8.97,0.0,0.0,0.0,0.0,0.0
412.201,24.98,1029.517,43.153,9.25,0.0,0.0,0.0,0.0,0.0
412.287,24.98,1029.478,43.064,9.14,0.0,0.0,0.0,0.0,0.0
412.387,24.98,1029.51,43.087,9.4,0.0,0.0,0.0,0.0,0.0
412.564,24.98,1029.491,43.074,9.25,0.0,0.0,0.0,0.0,0.0
412.655,24.91,1029.369,43.046,9.27,0.0,0.0,0.0,0.0,0.0
412.74,24.91,1029.412,43.046,9.53,0.0,0.0,0.0,0.0,0.0
412.848,24.93,1029.462,43.025,9.69,0.0,0.0,0.0,0.0,0.0
412.933,24.93,1029.435,43.059,9.47,0.0,0.0,0.0,0.0,0.0
413.053,24.95,1029.479,43.026,9.61,0.0,0.0,0.0,0.0,0.0
413.131,24.95,1029.493,42.994,9.75,0.0,0.0,0.0,0.0,0.0
413.241,24.97,1029.524,43.086,9.69,0.0,0.0,0.0,0.0,0.0
413.38,24.98,1029.539,43.029,9.63,0.0,0.0,0.0,0.0,0.0
413.49,24.99,1029.497,43.066,9.6,0.0,0.0,0.0,0.0,0.0
413.595,24.9,1029.36,42.955,9.69,0.0,0.0,0.0,0.0,0.0
413.683,24.92,1029.448,42.979,9.73,0.0,0.0,0.0,0.0,0.0
413.792,24.9,1029.374,43.0,9.73,0.0,0.0,0.0,0.0,0.0
413.883,24.89,1029.368,43.057,9.92,0.0,0.0,0.0,0.0,0.0
414.061,24.91,1029.44,43.091,9.75,0.0,0.0,0.0,0.0,0.0
414.153,24.92,1029.445,43.002,9.52,0.0,0.0,0.0,0.0,0.0
414.238,25.01,1029.557,43.031,9.6,0.0,0.0,0.0,0.0,0.0
414.345,24.99,1029.506,42.982,9.6,0.0,0.0,0.0,0.0,0.0
414.439,24.98,1029.508,43.019,9.64,0.0,0.0,0.0,0.0,0.0
414.545,24.95,1029.422,43.017,9.71,0.0,0.0,0.0,0.0,0.0
414.631,24.95,1029.44,43.027,9.73,0.0,0.0,0.0,0.0,0.0
414.763,24.95,1029.416,42.959,9.55,0.0,0.0,0.0,0.0,0.0
414.844,24.94,1029.407,42.981,9.7,0.0,0.0,0.0,0.0,0.0
414.938,24.93,1029.381,43.149,9.7,0.0,0.0,0.0,0.0,0.0
415.101,24.93,1029.381,42.912,9.61,0.0,0.0,0.0,0.0,0.0
415.19,24.92,1029.337,42.968,9.54,0.0,0.0,0.0,0.0,0.0
415.296,25.02,1029.528,42.989,9.35,0.0,0.0,0.0,0.0,0.0
415.406,25.02,1029.498,42.91,9.5,0.0,0.0,0.0,0.0,0.0
415.517,25.01,1029.529,42.955,9.42,0.0,0.0,0.0,0.0,0.0
415.601,25.02,1029.487,42.921,9.21,0.0,0.0,0.0,0.0,0.0
415.769,25.0,1029.428,42.965,9.49,0.0,0.0,0.0,0.0,0.0
415.834,25.01,1029.425,42.955,9.11,0.0,0.0,0.0,0.0,0.0
415.942,24.93,1029.284,42.958,9.5,0.0,0.0,0.0,0.0,0.0
416.273,24.96,1029.31,42.96,8.91,0.0,0.0,0.0,0.0,0.0
416.331,24.97,1029.337,42.962,8.87,0.0,0.0,0.0,0.0,0.0
416.438,24.99,1029.365,42.941,8.92,0.0,0.0,0.0,0.0,0.0
416.582,24.99,1029.354,42.998,9.09,0.0,0.0,0.0,0.0,0.0
416.695,25.03,1029.38,42.945,9.09,0.0,0.0,0.0,0.0,0.0
416.797,24.94,1029.278,42.993,8.94,0.0,0.0,0.0,0.0,0.0
416.927,24.95,1029.299,42.949,9.07,0.0,0.0,0.0,0.0,0.0
416.994,24.94,1029.269,42.981,9.08,0.0,0.0,0.0,0.0,0.0
417.084,24.94,1029.276,43.06,9.14,0.0,0.0,0.0,0.0,0.0
417.211,24.96,1029.324,42.961,9.07,0.0,0.0,0.0,0.0,0.0
417.296,24.95,1029.328,42.949,9.44,0.0,0.0,0.0,0.0,0.0
417.438,24.95,1029.317,43.017,9.3,0.0,0.0,0.0,0.0,0.0
417.546,24.95,1029.331,42.937,9.22,0.0,0.0,0.0,0.0,0.0
417.681,25.04,1029.505,42.92,9.5,0.0,0.0,0.0,0.0,0.0
417.751,25.01,1029.414,42.932,9.55,0.0,0.0,0.0,0.0,0.0
417.887,24.99,1029.398,42.919,9.75,0.0,0.0,0.0,0.0,0.0
418.049,24.99,1029.449,42.896,9.85,0.0,0.0,0.0,0.0,0.0
418.157,25.05,1029.455,42.867,9.95,0.0,0.0,0.0,0.0,0.0
418.319,24.98,1029.371,42.883,9.99,0.0,0.0,0.0,0.0,0.0
418.424,24.97,1029.35,42.917,9.46,0.0,0.0,0.0,0.0,0.0
418.495,25.03,1029.496,43.023,9.55,0.0,0.0,0.0,0.0,0.0
418.584,25.04,1029.524,42.991,9.73,0.0,0.0,0.0,0.0,0.0
418.715,25.05,1029.539,42.879,9.6,0.0,0.0,0.0,0.0,0.0
418.826,25.06,1029.546,42.936,9.61,0.0,0.0,0.0,0.0,0.0
418.911,25.06,1029.518,42.937,9.17,0.0,0.0,0.0,0.0,0.0
418.999,25.06,1029.506,42.881,9.6,0.0,0.0,0.0,0.0,0.0
419.138,25.04,1029.443,42.9,9.59,0.0,0.0,0.0,0.0,0.0
419.245,25.03,1029.425,42.9,9.23,0.0,0.0,0.0,0.0,0.0
419.351,24.96,1029.341,42.882,9.11,0.0,0.0,0.0,0.0,0.0
419.446,24.97,1029.349,42.883,9.37,0.0,0.0,0.0,0.0,0.0
419.558,24.98,1029.344,42.872,9.28,0.0,0.0,0.0,0.0,0.0
419.647,24.99,1029.393,42.874,9.29,0.0,0.0,0.0,0.0,0.0
419.782,25.04,1029.444,42.856,9.24,0.0,0.0,0.0,0.0,0.0
419.887,25.07,1029.449,42.824,9.15,0.0,0.0,0.0,0.0,0.0
419.996,24.99,1029.338,42.851,9.18,0.0,0.0,0.0,0.0,0.0
420.086,24.99,1029.297,42.873,9.27,0.0,0.0,0.0,0.0,0.0
420.212,25.0,1029.324,42.942,9.21,0.0,0.0,0.0,0.0,0.0
420.324,24.97,1029.293,42.871,9.43,0.0,0.0,0.0,0.0,0.0
420.392,24.97,1029.287,42.747,9.32,0.0,0.0,0.0,0.0,0.0
420.519,24.98,1029.316,42.838,9.39,0.0,0.0,0.0,0.0,0.0
420.66,24.97,1029.285,42.815,9.53,0.0,0.0,0.0,0.0,0.0
420.747,24.97,1029.301,42.86,9.46,0.0,0.0,0.0,0.0,0.0
420.83,25.08,1029.468,42.973,9.52,0.0,0.0,0.0,0.0,0.0
420.946,25.06,1029.443,42.926,9.47,0.0,0.0,0.0,0.0,0.0
421.033,25.07,1029.426,42.926,9.74,0.0,0.0,0.0,0.0,0.0
421.138,25.05,1029.409,42.912,9.65,0.0,0.0,0.0,0.0,0.0
421.338,25.03,1029.401,42.799,9.91,0.0,0.0,0.0,0.0,0.0
421.522,25.01,1029.361,42.774,9.65,0.0,0.0,0.0,0.0,0.0
421.594,25.01,1029.356,42.854,9.61,0.0,0.0,0.0,0.0,0.0
421.704,25.06,1029.48,42.857,9.49,0.0,0.0,0.0,0.0,0.0
421.811,25.07,1029.496,42.733,9.44,0.0,0.0,0.0,0.0,0.0
421.909,25.07,1029.486,42.835,9.4,0.0,0.0,0.0,0.0,0.0
422.004,25.08,1029.487,42.825,9.62,0.0,0.0,0.0,0.0,0.0
422.088,25.09,1029.509,42.883,9.4,0.0,0.0,0.0,0.0,0.0
422.196,25.08,1029.501,42.734,9.6,0.0,0.0,0.0,0.0,0.0
422.357,25.09,1029.506,42.748,9.52,0.0,0.0,0.0,0.0,0.0
422.462,25.1,1029.458,42.827,9.38,0.0,0.0,0.0,0.0,0.0
422.534,25.0,1029.333,42.807,9.5,0.0,0.0,0.0,0.0,0.0
422.664,24.99,1029.33,42.807,9.2,0.0,0.0,0.0,0.0,0.0
422.733,25.02,1029.41,42.809,9.54,0.0,0.0,0.0,0.0,0.0
422.859,25.02,1029.371,42.809,9.29,0.0,0.0,0.0,0.0,0.0
422.984,25.05,1029.424,42.8,9.43,0.0,0.0,0.0,0.0,0.0
423.194,25.03,1029.337,42.866,9.38,0.0,0.0,0.0,0.0,0.0
423.285,25.03,1029.311,42.889,9.62,0.0,0.0,0.0,0.0,0.0
423.442,25.03,1029.342,42.81,9.31,0.0,0.0,0.0,0.0,0.0
423.591,25.09,1029.479,42.748,9.57,0.0,0.0,0.0,0.0,0.0
423.694,25.11,1029.446,42.772,9.53,0.0,0.0,0.0,0.0,0.0
423.889,25.0,1029.29,42.784,9.5,0.0,0.0,0.0,0.0,0.0
423.98,25.03,1029.298,42.753,9.44,0.0,0.0,0.0,0.0,0.0
424.055,25.12,1029.471,42.772,9.32,0.0,0.0,0.0,0.0,0.0
424.148,25.11,1029.434,42.703,9.39,0.0,0.0,0.0,0.0,0.0
424.232,25.09,1029.432,42.859,9.34,0.0,0.0,0.0,0.0,0.0
424.368,25.12,1029.452,42.671,9.43,0.0,0.0,0.0,0.0,0.0
424.471,25.1,1029.452,42.804,9.27,0.0,0.0,0.0,0.0,0.0
424.538,25.08,1029.383,42.746,9.25,0.0,0.0,0.0,0.0,0.0
424.73,25.08,1029.355,42.804,9.18,0.0,0.0,0.0,0.0,0.0
424.791,25.06,1029.345,42.768,9.52,0.0,0.0,0.0,0.0,0.0
424.931,25.08,1029.401,42.747,9.22,0.0,0.0,0.0,0.0,0.0
424.982,25.09,1029.409,42.714,9.29,0.0,0.0,0.0,0.0,0.0
425.115,25.09,1029.408,42.736,9.19,0.0,0.0,0.0,0.0,0.0
425.203,25.09,1029.415,42.714,9.27,0.0,0.0,0.0,0.0,0.0
425.306,25.11,1029.472,42.749,9.06,0.0,0.0,0.0,0.0,0.0
425.432,25.13,1029.513,42.865,9.27,0.0,0.0,0.0,0.0,0.0
425.585,25.13,1029.43,42.785,9.45,0.0,0.0,0.0,0.0,0.0
425.644,25.03,1029.308,42.629,9.16,0.0,0.0,0.0,0.0,0.0
425.832,25.04,1029.318,42.708,9.43,0.0,0.0,0.0,0.0,0.0
425.932,25.13,1029.461,42.718,9.28,0.0,0.0,0.0,0.0,0.0
426.088,25.11,1029.393,42.738,9.29,0.0,0.0,0.0,0.0,0.0
426.185,25.06,1029.345,42.732,9.51,0.0,0.0,0.0,0.0,0.0
426.291,25.14,1029.479,42.707,9.62,0.0,0.0,0.0,0.0,0.0
426.431,25.09,1029.338,42.771,9.61,0.0,0.0,0.0,0.0,0.0
426.619,25.09,1029.347,42.702,9.75,0.0,0.0,0.0,0.0,0.0
426.686,25.15,1029.409,42.718,9.64,0.0,0.0,0.0,0.0,0.0
426.847,25.06,1029.294,42.756,9.55,0.0,0.0,0.0,0.0,0.0
426.934,25.05,1029.264,42.698,9.62,0.0,0.0,0.0,0.0,0.0
427.042,25.13,1029.439,42.672,9.56,0.0,0.0,0.0,0.0,0.0
427.153,25.15,1029.476,42.775,9.57,0.0,0.0,0.0,0.0,0.0
427.241,25.15,1029.461,42.663,9.18,0.0,0.0,0.0,0.0,0.0
427.346,25.15,1029.461,42.696,9.19,0.0,0.0,0.0,0.0,0.0
427.432,25.15,1029.436,42.651,9.26,0.0,0.0,0.0,0.0,0.0
427.54,25.13,1029.416,42.729,9.1,0.0,0.0,0.0,0.0,0.0
427.652,25.14,1029.42,42.774,8.97,0.0,0.0,0.0,0.0,0.0
427.738,25.13,1029.4,42.649,9.13,0.0,0.0,0.0,0.0,0.0
427.917,25.12,1029.358,42.694,9.31,0.0,0.0,0.0,0.0,0.0
427.992,25.1,1029.315,42.692,9.19,0.0,0.0,0.0,0.0,0.0
428.115,25.08,1029.369,42.69,9.19,0.0,0.0,0.0,0.0,0.0
428.186,25.11,1029.391,42.692,9.33,0.0,0.0,0.0,0.0,0.0
428.298,25.11,1029.389,42.671,9.31,0.0,0.0,0.0,0.0,0.0
428.402,25.12,1029.424,42.683,9.27,0.0,0.0,0.0,0.0,0.0
428.539,25.14,1029.462,42.628,9.49,0.0,0.0,0.0,0.0,0.0
428.632,25.16,1029.475,42.652,8.98,0.0,0.0,0.0,0.0,0.0
428.78,25.07,1029.323,42.688,9.39,0.0,0.0,0.0,0.0,0.0
428.874,25.08,1029.358,42.645,9.25,0.0,0.0,0.0,0.0,0.0
428.948,25.09,1029.408,42.691,9.55,0.0,0.0,0.0,0.0,0.0
429.047,25.08,1029.345,42.633,9.13,0.0,0.0,0.0,0.0,0.0
429.151,25.07,1029.347,42.678,9.28,0.0,0.0,0.0,0.0,0.0
429.242,25.1,1029.43,42.702,9.68,0.0,0.0,0.0,0.0,0.0
429.343,25.07,1029.356,42.654,9.43,0.0,0.0,0.0,0.0,0.0
429.431,25.08,1029.413,42.656,9.62,0.0,0.0,0.0,0.0,0.0
429.598,25.08,1029.408,42.656,10.04,0.0,0.0,0.0,0.0,0.0
429.695,25.18,1029.53,42.632,9.76,0.0,0.0,0.0,0.0,0.0
429.793,25.12,1029.42,42.717,9.79,0.0,0.0,0.0,0.0,0.0
429.883,25.1,1029.381,42.67,9.91,0.0,0.0,0.0,0.0,0.0
429.987,25.12,1029.462,42.592,9.69,0.0,0.0,0.0,0.0,0.0
430.097,25.11,1029.425,42.659,9.82,0.0,0.0,0.0,0.0,0.0
430.237,25.1,1029.38,42.794,9.55,0.0,0.0,0.0,0.0,0.0
430.353,25.09,1029.354,42.646,9.74,0.0,0.0,0.0,0.0,0.0
430.439,25.17,1029.518,42.675,9.74,0.0,0.0,0.0,0.0,0.0
430.546,25.19,1029.578,42.587,9.69,0.0,0.0,0.0,0.0,0.0
430.631,25.19,1029.554,42.644,9.63,0.0,0.0,0.0,0.0,0.0
430.741,25.19,1029.526,42.678,9.57,0.0,0.0,0.0,0.0,0.0
430.882,25.19,1029.485,42.701,9.49,0.0,0.0,0.0,0.0,0.0
430.989,25.17,1029.4,42.654,9.45,0.0,0.0,0.0,0.0,0.0
431.098,25.11,1029.334,42.625,9.48,0.0,0.0,0.0,0.0,0.0
431.19,25.12,1029.364,42.625,9.37,0.0,0.0,0.0,0.0,0.0
431.314,25.1,1029.285,42.623,9.24,0.0,0.0,0.0,0.0,0.0
431.425,25.12,1029.293,42.614,9.35,0.0,0.0,0.0,0.0,0.0
431.514,25.12,1029.328,42.614,9.13,0.0,0.0,0.0,0.0,0.0
431.582,25.13,1029.34,42.628,9.35,0.0,0.0,0.0,0.0,0.0
431.686,25.15,1029.362,42.695,9.15,0.0,0.0,0.0,0.0,0.0
431.973,25.17,1029.394,42.619,9.01,0.0,0.0,0.0,0.0,0.0
432.049,25.21,1029.377,42.589,8.94,0.0,0.0,0.0,0.0,0.0
432.161,25.11,1029.218,42.625,9.2,0.0,0.0,0.0,0.0,0.0
432.25,25.13,1029.264,42.559,8.99,0.0,0.0,0.0,0.0,0.0
432.356,25.11,1029.222,42.568,9.16,0.0,0.0,0.0,0.0,0.0
432.469,25.11,1029.249,42.659,9.77,0.0,0.0,0.0,0.0,0.0
432.542,25.12,1029.274,42.546,9.48,0.0,0.0,0.0,0.0,0.0
432.632,25.14,1029.339,42.583,9.5,0.0,0.0,0.0,0.0,0.0
432.793,25.12,1029.267,42.592,9.23,0.0,0.0,0.0,0.0,0.0
432.892,25.12,1029.268,42.569,9.39,0.0,0.0,0.0,0.0,0.0
432.998,25.23,1029.448,42.589,9.4,0.0,0.0,0.0,0.0,0.0
433.085,25.18,1029.372,42.587,9.45,0.0,0.0,0.0,0.0,0.0
433.232,25.17,1029.331,42.585,9.08,0.0,0.0,0.0,0.0,0.0
433.305,25.15,1029.311,42.55,9.09,0.0,0.0,0.0,0.0,0.0
433.391,25.16,1029.349,42.482,9.27,0.0,0.0,0.0,0.0,0.0
433.535,25.14,1029.266,42.561,9.1,0.0,0.0,0.0,0.0,0.0
433.657,25.14,1029.289,42.549,9.2,0.0,0.0,0.0,0.0,0.0
433.748,25.13,1029.259,42.626,9.12,0.0,0.0,0.0,0.0,0.0
433.831,25.21,1029.457,42.521,9.56,0.0,0.0,0.0,0.0,0.0
433.941,25.23,1029.515,42.411,9.16,0.0,0.0,0.0,0.0,0.0
434.072,25.23,1029.527,42.648,9.12,0.0,0.0,0.0,0.0,0.0
434.175,25.23,1029.498,42.569,9.32,0.0,0.0,0.0,0.0,0.0
434.306,25.24,1029.538,42.49,9.76,0.0,0.0,0.0,0.0,0.0
434.392,25.24,1029.488,42.547,9.63,0.0,0.0,0.0,0.0,0.0
434.501,25.15,1029.39,42.562,9.59,0.0,0.0,0.0,0.0,0.0
434.585,25.16,1029.4,42.562,9.81,0.0,0.0,0.0,0.0,0.0
434.688,25.16,1029.406,42.551,9.69,0.0,0.0,0.0,0.0,0.0
434.784,25.19,1029.463,42.542,9.77,0.0,0.0,0.0,0.0,0.0
434.907,25.16,1029.374,42.539,9.7,0.0,0.0,0.0,0.0,0.0
435.034,25.19,1029.442,42.52,9.26,0.0,0.0,0.0,0.0,0.0
435.16,25.25,1029.472,42.469,9.77,0.0,0.0,0.0,0.0,0.0
435.264,25.17,1029.362,42.586,9.46,0.0,0.0,0.0,0.0,0.0
435.331,25.15,1029.33,42.585,9.64,0.0,0.0,0.0,0.0,0.0
435.468,25.16,1029.337,42.539,9.17,0.0,0.0,0.0,0.0,0.0
435.532,25.15,1029.319,42.516,9.23,0.0,0.0,0.0,0.0,0.0
435.681,25.15,1029.31,42.471,9.31,0.0,0.0,0.0,0.0,0.0
435.743,25.15,1029.318,42.482,9.37,0.0,0.0,0.0,0.0,0.0
435.832,25.15,1029.31,42.492,9.39,0.0,0.0,0.0,0.0,0.0
435.994,25.16,1029.355,42.449,9.01,0.0,0.0,0.0,0.0,0.0
436.084,25.16,1029.334,42.46,9.44,0.0,0.0,0.0,0.0,0.0
436.196,25.26,1029.517,42.583,9.43,0.0,0.0,0.0,0.0,0.0
436.284,25.23,1029.479,42.444,9.55,0.0,0.0,0.0,0.0,0.0
436.387,25.22,1029.463,42.478,9.73,0.0,0.0,0.0,0.0,0.0
436.506,25.21,1029.404,42.499,9.39,0.0,0.0,0.0,0.0,0.0
436.694,25.22,1029.436,42.578,10.04,0.0,0.0,0.0,0.0,0.0
436.838,25.21,1029.371,42.465,9.51,0.0,0.0,0.0,0.0,0.0
436.948,25.21,1029.378,42.521,9.61,0.0,0.0,0.0,0.0,0.0
437.031,25.23,1029.5,42.535,9.69,0.0,0.0,0.0,0.0,0.0
437.139,25.25,1029.478,42.525,9.45,0.0,0.0,0.0,0.0,0.0
437.275,25.26,1029.475,42.458,9.34,0.0,0.0,0.0,0.0,0.0
437.336,25.27,1029.506,42.425,9.26,0.0,0.0,0.0,0.0,0.0
437.501,25.28,1029.504,42.449,9.09,0.0,0.0,0.0,0.0,0.0
437.591,25.28,1029.471,42.472,8.94,0.0,0.0,0.0,0.0,0.0
437.694,25.19,1029.327,42.531,8.95,0.0,0.0,0.0,0.0,0.0
437.785,25.17,1029.289,42.496,8.58,0.0,0.0,0.0,0.0,0.0
437.886,25.2,1029.365,42.464,8.88,0.0,0.0,0.0,0.0,0.0
437.985,25.18,1029.297,42.474,9.16,0.0,0.0,0.0,0.0,0.0
438.089,25.18,1029.307,42.475,9.32,0.0,0.0,0.0,0.0,0.0
438.195,25.2,1029.366,42.476,9.28,0.0,0.0,0.0,0.0,0.0
438.338,25.2,1029.386,42.465,9.17,0.0,0.0,0.0,0.0,0.0
438.447,25.29,1029.446,42.394,9.17,0.0,0.0,0.0,0.0,0.0
438.531,25.23,1029.357,42.58,9.72,0.0,0.0,0.0,0.0,0.0
438.645,25.24,1029.394,42.558,9.63,0.0,0.0,0.0,0.0,0.0
438.733,25.21,1029.293,42.521,9.72,0.0,0.0,0.0,0.0,0.0
438.89,25.21,1029.35,42.409,9.68,0.0,0.0,0.0,0.0,0.0
438.97,25.21,1029.332,42.442,9.53,0.0,0.0,0.0,0.0,0.0
439.034,25.21,1029.347,42.431,9.7,0.0,0.0,0.0,0.0,0.0
439.195,25.19,1029.306,42.497,9.43,0.0,0.0,0.0,0.0,0.0
439.292,25.2,1029.346,42.565,9.86,0.0,0.0,0.0,0.0,0.0
439.396,25.3,1029.503,42.474,9.76,0.0,0.0,0.0,0.0,0.0
439.485,25.29,1029.475,42.359,9.77,0.0,0.0,0.0,0.0,0.0
439.59,25.3,1029.505,42.484,9.78,0.0,0.0,0.0,0.0,0.0
439.791,25.26,1029.419,42.515,9.36,0.0,0.0,0.0,0.0,0.0
439.901,25.25,1029.375,42.436,9.74,0.0,0.0,0.0,0.0,0.0
440.04,25.26,1029.408,42.391,9.33,0.0,0.0,0.0,0.0,0.0
440.148,25.21,1029.295,42.431,9.51,0.0,0.0,0.0,0.0,0.0
440.334,25.26,1029.412,42.459,9.5,0.0,0.0,0.0,0.0,0.0
440.453,25.31,1029.459,42.361,9.27,0.0,0.0,0.0,0.0,0.0
440.541,25.23,1029.337,42.49,9.34,0.0,0.0,0.0,0.0,0.0
440.682,25.3,1029.446,42.395,9.46,0.0,0.0,0.0,0.0,0.0
440.809,25.31,1029.414,42.351,9.42,0.0,0.0,0.0,0.0,0.0
440.894,25.21,1029.293,42.421,9.21,0.0,0.0,0.0,0.0,0.0
440.984,25.21,1029.275,42.364,9.42,0.0,0.0,0.0,0.0,0.0
441.096,25.22,1029.301,42.432,9.4,0.0,0.0,0.0,0.0,0.0
441.184,25.21,1029.242,42.454,9.42,0.0,0.0,0.0,0.0,0.0
441.324,25.21,1029.256,42.375,9.31,0.0,0.0,0.0,0.0,0.0
441.395,25.21,1029.259,42.386,9.29,0.0,0.0,0.0,0.0,0.0
441.537,25.21,1029.264,42.388,9.32,0.0,0.0,0.0,0.0,0.0
441.789,25.26,1029.276,42.357,9.41,0.0,0.0,0.0,0.0,0.0
441.952,25.27,1029.363,42.381,9.29,0.0,0.0,0.0,0.0,0.0
442.043,25.33,1029.405,42.307,9.43,0.0,0.0,0.0,0.0,0.0
442.147,25.25,1029.287,42.367,9.49,0.0,0.0,0.0,0.0,0.0
442.26,25.23,1029.229,42.399,9.2,0.0,0.0,0.0,0.0,0.0
442.4,25.23,1029.219,42.468,9.6,0.0,0.0,0.0,0.0,0.0
442.492,25.23,1029.243,42.32,9.51,0.0,0.0,0.0,0.0,0.0
442.596,25.34,1029.445,42.432,8.6,0.0,0.0,0.0,0.0,0.0
442.684,25.33,1029.445,42.409,9.37,0.0,0.0,0.0,0.0,0.0
442.841,25.34,1029.456,42.194,9.01,0.0,0.0,0.0,0.0,0.0
442.904,25.34,1029.463,42.273,9.48,0.0,0.0,0.0,0.0,0.0
442.994,25.34,1029.466,42.343,9.56,0.0,0.0,0.0,0.0,0.0
443.102,25.32,1029.422,42.351,9.64,0.0,0.0,0.0,0.0,0.0
443.257,25.31,1029.367,42.315,9.45,0.0,0.0,0.0,0.0,0.0
443.346,25.3,1029.347,42.35,9.38,0.0,0.0,0.0,0.0,0.0
443.432,25.26,1029.344,42.346,9.28,0.0,0.0,0.0,0.0,0.0
443.591,25.27,1029.348,42.335,9.47,0.0,0.0,0.0,0.0,0.0
443.652,25.28,1029.33,42.313,9.5,0.0,0.0,0.0,0.0,0.0
443.821,25.31,1029.415,42.351,9.55,0.0,0.0,0.0,0.0,0.0
443.882,25.35,1029.402,42.365,9.36,0.0,0.0,0.0,0.0,0.0
443.993,25.27,1029.288,42.414,9.4,0.0,0.0,0.0,0.0,0.0
444.099,25.26,1029.239,42.379,9.36,0.0,0.0,0.0,0.0,0.0
444.186,25.29,1029.318,42.393,9.46,0.0,0.0,0.0,0.0,0.0
444.346,25.24,1029.237,42.412,9.2,0.0,0.0,0.0,0.0,0.0
444.488,25.36,1029.459,42.31,9.25,0.0,0.0,0.0,0.0,0.0
444.6,25.36,1029.418,42.354,9.1,0.0,0.0,0.0,0.0,0.0
444.742,25.26,1029.281,42.335,9.16,0.0,0.0,0.0,0.0,0.0
444.848,25.27,1029.291,42.211,9.24,0.0,0.0,0.0,0.0,0.0
444.986,25.36,1029.434,42.329,9.12,0.0,0.0,0.0,0.0,0.0
445.048,25.33,1029.402,42.272,9.29,0.0,0.0,0.0,0.0,0.0
445.157,25.31,1029.315,42.338,9.31,0.0,0.0,0.0,0.0,0.0
445.257,25.31,1029.346,42.35,9.52,0.0,0.0,0.0,0.0,0.0
445.344,25.3,1029.358,42.315,9.43,0.0,0.0,0.0,0.0,0.0
445.493,25.27,1029.334,42.268,9.47,0.0,0.0,0.0,0.0,0.0
445.634,25.35,1029.474,42.365,9.54,0.0,0.0,0.0,0.0,0.0
445.798,25.37,1029.475,42.3,9.56,0.0,0.0,0.0,0.0,0.0
445.884,25.28,1029.313,42.269,9.57,0.0,0.0,0.0,0.0,0.0
445.989,25.37,1029.511,42.22,9.68,0.0,0.0,0.0,0.0,0.0
446.103,25.37,1029.521,42.255,9.55,0.0,0.0,0.0,0.0,0.0
446.371,25.38,1029.516,42.288,9.38,0.0,0.0,0.0,0.0,0.0
446.46,25.38,1029.457,42.312,9.64,0.0,0.0,0.0,0.0,0.0
446.553,25.27,1029.295,42.29,9.5,0.0,0.0,0.0,0.0,0.0
446.709,25.28,1029.342,42.281,9.69,0.0,0.0,0.0,0.0,0.0
446.836,25.38,1029.483,42.256,9.32,0.0,0.0,0.0,0.0,0.0
446.997,25.33,1029.435,42.272,9.35,0.0,0.0,0.0,0.0,0.0
447.102,25.38,1029.476,42.199,9.29,0.0,0.0,0.0,0.0,0.0
447.192,25.31,1029.35,42.305,9.16,0.0,0.0,0.0,0.0,0.0
447.304,25.31,1029.342,42.305,9.16,0.0,0.0,0.0,0.0,0.0
447.385,25.3,1029.333,42.281,9.25,0.0,0.0,0.0,0.0,0.0
447.512,25.29,1029.314,42.349,9.27,0.0,0.0,0.0,0.0,0.0
447.586,25.3,1029.323,42.395,9.29,0.0,0.0,0.0,0.0,0.0
447.689,25.29,1029.313,42.314,9.32,0.0,0.0,0.0,0.0,0.0
447.796,25.28,1029.316,42.291,9.64,0.0,0.0,0.0,0.0,0.0
447.94,25.29,1029.33,42.326,9.62,0.0,0.0,0.0,0.0,0.0
448.048,25.3,1029.343,42.191,9.6,0.0,0.0,0.0,0.0,0.0
448.133,25.4,1029.542,42.369,9.52,0.0,0.0,0.0,0.0,0.0
448.271,25.39,1029.518,42.257,9.76,0.0,0.0,0.0,0.0,0.0
448.334,25.37,1029.479,42.221,9.58,0.0,0.0,0.0,0.0,0.0
448.483,25.37,1029.456,42.241,10.04,0.0,0.0,0.0,0.0,0.0
448.544,25.37,1029.476,42.243,9.87,0.0,0.0,0.0,0.0,0.0
448.666,25.37,1029.454,42.255,9.91,0.0,0.0,0.0,0.0,0.0
448.795,25.36,1029.428,42.242,9.38,0.0,0.0,0.0,0.0,0.0
448.937,25.33,1029.332,42.228,10.02,0.0,0.0,0.0,0.0,0.0
448.994,25.36,1029.442,42.209,9.87,0.0,0.0,0.0,0.0,0.0
449.085,25.39,1029.47,42.155,9.82,0.0,0.0,0.0,0.0,0.0
449.248,25.4,1029.486,42.268,9.47,0.0,0.0,0.0,0.0,0.0
449.498,25.33,1029.263,42.183,9.38,0.0,0.0,0.0,0.0,0.0
449.66,25.42,1029.455,42.248,9.18,0.0,0.0,0.0,0.0,0.0
449.747,25.41,1029.377,42.225,8.91,0.0,0.0,0.0,0.0,0.0
449.888,25.33,1029.248,42.239,8.99,0.0,0.0,0.0,0.0,0.0
450.035,25.42,1029.392,42.248,8.84,0.0,0.0,0.0,0.0,0.0
450.14,25.39,1029.317,42.211,8.79,0.0,0.0,0.0,0.0,0.0
450.246,25.33,1029.261,42.206,8.84,0.0,0.0,0.0,0.0,0.0
450.334,25.34,1029.271,42.207,8.84,0.0,0.0,0.0,0.0,0.0
450.614,25.42,1029.304,42.146,8.99,0.0,0.0,0.0,0.0,0.0
450.719,25.35,1029.245,42.174,9.22,0.0,0.0,0.0,0.0,0.0
450.804,25.33,1029.237,42.161,9.25,0.0,0.0,0.0,0.0,0.0
450.889,25.35,1029.252,42.298,9.23,0.0,0.0,0.0,0.0,0.0
451.0,25.34,1029.182,42.172,9.11,0.0,0.0,0.0,0.0,0.0
451.143,25.34,1029.227,42.218,9.34,0.0,0.0,0.0,0.0,0.0
451.25,25.34,1029.264,42.149,9.38,0.0,0.0,0.0,0.0,0.0
451.359,25.43,1029.418,42.215,9.42,0.0,0.0,0.0,0.0,0.0
451.45,25.43,1029.433,42.147,9.61,0.0,0.0,0.0,0.0,0.0
451.618,25.43,1029.421,42.181,9.54,0.0,0.0,0.0,0.0,0.0
451.757,25.43,1029.41,42.203,9.71,0.0,0.0,0.0,0.0,0.0
451.839,25.37,1029.335,42.216,9.73,0.0,0.0,0.0,0.0,0.0
451.995,25.4,1029.39,42.179,9.67,0.0,0.0,0.0,0.0,0.0
452.088,25.39,1029.347,42.177,9.62,0.0,0.0,0.0,0.0,0.0
452.219,25.37,1029.357,42.187,9.66,0.0,0.0,0.0,0.0,0.0
452.285,25.38,1029.394,42.177,9.62,0.0,0.0,0.0,0.0,0.0
452.588,25.45,1029.464,42.217,9.35,0.0,0.0,0.0,0.0,0.0
452.778,25.43,1029.47,42.136,9.43,0.0,0.0,0.0,0.0,0.0
452.914,25.45,1029.454,42.194,9.32,0.0,0.0,0.0,0.0,0.0
453.054,25.45,1029.49,42.194,9.17,0.0,0.0,0.0,0.0,0.0
453.191,25.45,1029.455,42.115,9.16,0.0,0.0,0.0,0.0,0.0
453.251,25.35,1029.327,42.15,9.34,0.0,0.0,0.0,0.0,0.0
453.343,25.37,1029.364,42.176,9.42,0.0,0.0,0.0,0.0,0.0
453.447,25.36,1029.32,42.174,9.5,0.0,0.0,0.0,0.0,0.0
453.722,25.36,1029.388,42.119,9.61,0.0,0.0,0.0,0.0,0.0
453.828,25.46,1029.503,42.184,9.71,0.0,0.0,0.0,0.0,0.0
453.896,25.41,1029.42,42.089,9.77,0.0,0.0,0.0,0.0,0.0
453.99,25.4,1029.38,42.179,9.79,0.0,0.0,0.0,0.0,0.0
454.089,25.4,1029.372,42.212,9.84,0.0,0.0,0.0,0.0,0.0
454.196,25.37,1029.326,42.232,9.76,0.0,0.0,0.0,0.0,0.0
454.34,25.38,1029.337,42.153,9.61,0.0,0.0,0.0,0.0,0.0
454.453,25.37,1029.307,42.141,9.53,0.0,0.0,0.0,0.0,0.0
454.571,25.44,1029.461,42.182,9.48,0.0,0.0,0.0,0.0,0.0
454.647,25.46,1029.5,42.128,9.45,0.0,0.0,0.0,0.0,0.0
454.793,25.47,1029.502,42.049,9.36,0.0,0.0,0.0,0.0,0.0
454.841,25.47,1029.486,42.116,9.28,0.0,0.0,0.0,0.0,0.0
454.944,25.45,1029.456,42.126,9.34,0.0,0.0,0.0,0.0,0.0
455.083,25.43,1029.456,42.091,9.26,0.0,0.0,0.0,0.0,0.0
455.204,25.47,1029.502,42.128,9.31,0.0,0.0,0.0,0.0,0.0
455.289,25.44,1029.383,42.114,9.27,0.0,0.0,0.0,0.0,0.0
455.395,25.37,1029.278,42.107,9.35,0.0,0.0,0.0,0.0,0.0
455.503,25.38,1029.295,42.107,9.25,0.0,0.0,0.0,0.0,0.0
455.589,25.4,1029.307,42.109,9.24,0.0,0.0,0.0,0.0,0.0
455.795,25.42,1029.329,42.09,9.18,0.0,0.0,0.0,0.0,0.0
455.912,25.44,1029.381,42.114,9.34,0.0,0.0,0.0,0.0,0.0
456.039,25.46,1029.401,42.082,9.15,0.0,0.0,0.0,0.0,0.0
456.169,25.49,1029.402,42.017,9.07,0.0,0.0,0.0,0.0,0.0
456.342,25.39,1029.276,42.099,9.24,0.0,0.0,0.0,0.0,0.0
456.434,25.39,1029.288,42.121,9.24,0.0,0.0,0.0,0.0,0.0
456.544,25.39,1029.26,42.076,9.25,0.0,0.0,0.0,0.0,0.0
456.669,25.39,1029.291,42.121,9.19,0.0,0.0,0.0,0.0,0.0
456.761,25.41,1029.293,42.066,9.24,0.0,0.0,0.0,0.0,0.0
456.896,25.4,1029.307,41.974,9.4,0.0,0.0,0.0,0.0,0.0
457.013,25.4,1029.322,42.088,9.34,0.0,0.0,0.0,0.0,0.0
457.101,25.49,1029.452,42.127,9.5,0.0,0.0,0.0,0.0,0.0
457.204,25.45,1029.387,42.048,9.48,35.178,23592.102,0.0,0.0,0.0
457.289,25.43,1029.336,42.057,9.5,0.0,0.0,0.0,0.0,0.0
457.397,25.44,1029.353,42.08,9.48,0.0,0.0,0.0,0.0,0.0
457.559,25.44,1029.352,42.103,9.64,0.0,0.0,0.0,0.0,0.0
457.65,25.43,1029.337,42.022,9.91,0.0,0.0,0.0,0.0,0.0
457.735,25.47,1029.455,42.083,9.85,0.0,0.0,0.0,0.0,0.0
457.852,25.48,1029.464,42.017,9.75,0.0,0.0,0.0,0.0,0.0
458.175,25.5,1029.415,41.905,9.64,0.0,0.0,0.0,0.0,0.0
458.24,25.43,1029.324,42.158,9.55,0.0,0.0,0.0,0.0,0.0
458.42,25.51,1029.479,41.951,9.56,0.0,0.0,0.0,0.0,0.0
458.491,25.51,1029.428,42.064,9.42,0.0,0.0,0.0,0.0,0.0
458.597,25.42,1029.277,42.011,9.36,0.0,0.0,0.0,0.0,0.0
458.686,25.42,1029.29,41.988,9.16,0.0,0.0,0.0,0.0,0.0
458.791,25.42,1029.289,42.033,9.1,0.0,0.0,0.0,0.0,0.0
458.923,25.44,1029.332,42.023,9.1,0.0,0.0,0.0,0.0,0.0
458.99,25.42,1029.299,42.033,9.11,0.0,0.0,0.0,0.0,0.0
459.095,25.45,1029.351,42.014,9.04,0.0,0.0,0.0,0.0,0.0
459.242,25.47,1029.385,42.004,9.28,0.0,0.0,0.0,0.0,0.0
459.349,25.52,1029.403,41.986,9.22,0.0,0.0,0.0,0.0,0.0
459.651,25.43,1029.294,41.989,9.27,0.0,0.0,0.0,0.0,0.0
459.742,25.45,1029.308,42.024,9.46,0.0,0.0,0.0,0.0,0.0
459.846,25.43,1029.255,42.057,9.34,0.0,0.0,0.0,0.0,0.0
459.959,25.44,1029.293,42.068,9.44,0.0,0.0,0.0,0.0,0.0
460.101,25.43,1029.267,41.989,9.57,0.0,0.0,0.0,0.0,0.0
460.218,25.42,1029.288,42.021,9.59,0.0,0.0,0.0,0.0,0.0
460.298,25.53,1029.441,42.055,9.52,0.0,0.0,0.0,0.0,0.0
460.384,25.52,1029.432,42.064,9.5,0.0,0.0,0.0,0.0,0.0
460.489,25.47,1029.38,42.049,9.66,0.0,0.0,0.0,0.0,0.0
460.601,25.52,1029.456,41.996,9.61,0.0,0.0,0.0,0.0,0.0
460.738,25.52,1029.416,41.985,9.57,0.0,0.0,0.0,0.0,0.0
460.943,25.46,1029.365,41.991,9.49,0.0,0.0,0.0,0.0,0.0
461.065,25.48,1029.383,41.972,9.45,0.0,0.0,0.0,0.0,0.0
461.132,25.5,1029.437,41.984,9.44,0.0,0.0,0.0,0.0,0.0
461.243,25.5,1029.45,41.984,9.48,0.0,0.0,0.0,0.0,0.0
461.352,25.51,1029.434,41.951,9.53,0.0,0.0,0.0,0.0,0.0
461.443,25.53,1029.454,41.886,9.55,0.0,0.0,0.0,0.0,0.0
461.603,25.55,1029.498,42.022,9.47,0.0,0.0,0.0,0.0,0.0
461.69,25.55,1029.418,41.933,9.5,0.0,0.0,0.0,0.0,0.0
461.853,25.46,1029.303,41.946,9.61,0.0,0.0,0.0,0.0,0.0
461.99,25.55,1029.492,41.934,9.45,0.0,0.0,0.0,0.0,0.0
462.193,25.45,1029.32,41.98,9.42,0.0,0.0,0.0,0.0,0.0
462.294,25.45,1029.333,41.945,9.4,0.0,0.0,0.0,0.0,0.0
462.441,25.46,1029.334,41.946,9.49,0.0,0.0,0.0,0.0,0.0
462.551,25.56,1029.483,41.956,9.36,0.0,0.0,0.0,0.0,0.0
462.664,25.51,1029.405,41.849,9.35,0.0,0.0,0.0,0.0,0.0
462.748,25.49,1029.351,41.926,9.44,0.0,0.0,0.0,0.0,0.0
462.834,25.49,1029.351,41.881,9.48,0.0,0.0,0.0,0.0,0.0
463.051,25.47,1029.31,41.925,9.45,0.0,0.0,0.0,0.0,0.0
463.181,25.48,1029.318,41.937,9.45,0.0,0.0,0.0,0.0,0.0
463.325,25.47,1029.322,41.891,9.48,0.0,0.0,0.0,0.0,0.0
463.386,25.48,1029.336,41.835,9.45,0.0,0.0,0.0,0.0,0.0
463.495,25.56,1029.517,41.967,9.44,0.0,0.0,0.0,0.0,0.0
463.587,25.57,1029.506,41.968,9.54,0.0,0.0,0.0,0.0,0.0
463.69,25.57,1029.496,41.99,9.57,0.0,0.0,0.0,0.0,0.0
463.802,25.57,1029.489,41.957,9.67,0.0,0.0,0.0,0.0,0.0
463.973,25.57,1029.45,41.832,9.67,0.0,0.0,0.0,0.0,0.0
464.05,25.54,1029.38,41.908,9.64,0.0,0.0,0.0,0.0,0.0
464.143,25.49,1029.331,41.915,9.6,0.0,0.0,0.0,0.0,0.0
464.246,25.5,1029.348,41.905,9.57,0.0,0.0,0.0,0.0,0.0
464.333,25.5,1029.36,41.905,9.59,0.0,0.0,0.0,0.0,0.0
464.44,25.52,1029.37,41.906,9.52,0.0,0.0,0.0,0.0,0.0
464.557,25.52,1029.348,41.896,9.45,0.0,0.0,0.0,0.0,0.0
464.66,25.52,1029.347,41.851,9.26,0.0,0.0,0.0,0.0,0.0
464.821,25.55,1029.372,41.841,9.23,0.0,0.0,0.0,0.0,0.0
464.893,25.58,1029.331,41.924,9.28,0.0,0.0,0.0,0.0,0.0
464.995,25.49,1029.212,41.972,9.15,0.0,0.0,0.0,0.0,0.0
465.086,25.48,1029.189,41.835,9.06,0.0,0.0,0.0,0.0,0.0
465.223,25.49,1029.202,41.903,9.03,0.0,0.0,0.0,0.0,0.0
465.285,25.49,1029.194,41.926,9.25,0.0,0.0,0.0,0.0,0.0
465.425,25.51,1029.226,41.963,9.17,0.0,0.0,0.0,0.0,0.0
465.68,25.48,1029.169,41.948,9.08,0.0,0.0,0.0,0.0,0.0
465.748,25.51,1029.253,41.781,9.16,0.0,0.0,0.0,0.0,0.0
465.851,25.59,1029.372,41.899,9.16,0.0,0.0,0.0,0.0,0.0
465.947,25.55,1029.353,41.877,9.23,0.0,0.0,0.0,0.0,0.0
466.034,25.55,1029.315,41.854,9.24,0.0,0.0,0.0,0.0,0.0
466.141,25.54,1029.295,41.852,9.3,0.0,0.0,0.0,0.0,0.0
466.247,25.54,1029.257,41.817,9.31,0.0,0.0,0.0,0.0,0.0
466.36,25.52,1029.266,41.805,9.25,0.0,0.0,0.0,0.0,0.0
466.501,25.52,1029.28,41.828,9.43,0.0,0.0,0.0,0.0,0.0
466.584,25.51,1029.259,41.85,9.45,0.0,0.0,0.0,0.0,0.0
466.713,25.58,1029.409,41.89,9.39,0.0,0.0,0.0,0.0,0.0
466.81,25.58,1029.427,41.901,9.27,0.0,0.0,0.0,0.0,0.0
466.89,25.58,1029.467,41.924,9.39,0.0,0.0,0.0,0.0,0.0
466.998,25.6,1029.458,41.869,9.5,0.0,0.0,0.0,0.0,0.0
467.14,25.6,1029.484,41.858,9.44,0.0,0.0,0.0,0.0,0.0
467.246,25.61,1029.453,41.847,9.61,0.0,0.0,0.0,0.0,0.0
467.339,25.51,1029.343,41.839,9.44,0.0,0.0,0.0,0.0,0.0
467.448,25.52,1029.387,41.806,9.6,0.0,0.0,0.0,0.0,0.0
467.609,25.53,1029.39,41.829,9.6,0.0,0.0,0.0,0.0,0.0
467.861,25.58,1029.447,41.833,9.73,0.0,0.0,0.0,0.0,0.0
468.022,25.56,1029.451,41.82,9.71,0.0,0.0,0.0,0.0,0.0
468.199,25.55,1029.379,41.819,9.52,0.0,0.0,0.0,0.0,0.0
468.284,25.52,1029.326,41.896,9.64,0.0,0.0,0.0,0.0,0.0
468.389,25.53,1029.344,41.851,9.26,0.0,0.0,0.0,0.0,0.0
468.509,25.54,1029.373,41.773,9.72,0.0,0.0,0.0,0.0,0.0
468.595,25.54,1029.376,41.773,9.52,0.0,0.0,0.0,0.0,0.0
468.842,25.55,1029.373,41.842,9.6,0.0,0.0,0.0,0.0,0.0
468.947,25.53,1029.336,41.828,9.63,0.0,0.0,0.0,0.0,0.0
469.063,25.63,1029.517,41.77,9.46,0.0,0.0,0.0,0.0,0.0
469.152,25.63,1029.527,41.849,9.27,0.0,0.0,0.0,0.0,0.0
469.234,25.61,1029.464,41.779,9.39,0.0,0.0,0.0,0.0,0.0
469.363,25.62,1029.46,41.78,9.3,0.0,0.0,0.0,0.0,0.0
469.559,25.58,1029.359,41.788,9.3,0.0,0.0,0.0,0.0,0.0
469.7,25.58,1029.369,41.822,9.33,0.0,0.0,0.0,0.0,0.0
469.787,25.58,1029.357,41.788,9.4,0.0,0.0,0.0,0.0,0.0
469.913,25.59,1029.405,41.756,9.33,0.0,0.0,0.0,0.0,0.0
469.986,25.6,1029.423,41.768,9.25,0.0,0.0,0.0,0.0,0.0
470.091,25.59,1029.423,41.856,9.25,0.0,0.0,0.0,0.0,0.0
470.34,25.62,1029.459,41.712,9.0,0.0,0.0,0.0,0.0,0.0
470.458,25.64,1029.448,41.794,9.77,0.0,0.0,0.0,0.0,0.0
470.732,25.64,1029.479,41.851,9.85,0.0,0.0,0.0,0.0,0.0
470.872,25.64,1029.415,41.727,9.35,0.0,0.0,0.0,0.0,0.0
470.951,25.56,1029.347,41.764,9.54,0.0,0.0,0.0,0.0,0.0
471.092,25.55,1029.315,41.775,9.76,0.0,0.0,0.0,0.0,0.0
471.221,25.54,1029.233,41.806,9.43,0.0,0.0,0.0,0.0,0.0
471.292,25.61,1029.355,41.745,9.38,0.0,0.0,0.0,0.0,0.0
471.413,25.61,1029.352,41.745,9.46,0.0,0.0,0.0,0.0,0.0
471.614,25.59,1029.292,41.733,9.3,0.0,0.0,0.0,0.0,0.0
471.686,25.58,1029.273,41.652,9.05,0.0,0.0,0.0,0.0,0.0
471.81,25.58,1029.234,41.799,9.02,0.0,0.0,0.0,0.0,0.0
471.937,25.57,1029.209,41.628,9.16,0.0,0.0,0.0,0.0,0.0
472.061,25.56,1029.168,41.764,9.1,0.0,0.0,0.0,0.0,0.0
472.148,25.66,1029.394,41.795,9.25,0.0,0.0,0.0,0.0,0.0
472.233,25.62,1029.357,41.746,9.45,0.0,0.0,0.0,0.0,0.0
472.352,25.66,1029.416,41.829,9.36,0.0,0.0,0.0,0.0,0.0
472.453,25.66,1029.427,41.716,9.3,0.0,0.0,0.0,0.0,0.0
472.541,25.66,1029.391,41.795,9.3,0.0,0.0,0.0,0.0,0.0
472.65,25.65,1029.385,41.738,9.46,0.0,0.0,0.0,0.0,0.0
472.906,25.63,1029.347,41.656,9.47,0.0,0.0,0.0,0.0,0.0
472.987,25.65,1029.33,41.716,9.49,0.0,0.0,0.0,0.0,0.0
473.096,25.61,1029.334,41.723,9.47,0.0,0.0,0.0,0.0,0.0
473.206,25.61,1029.337,41.712,9.42,0.0,0.0,0.0,0.0,0.0
473.302,25.59,1029.287,41.721,9.34,0.0,0.0,0.0,0.0,0.0
473.4,25.62,1029.354,41.735,9.38,0.0,0.0,0.0,0.0,0.0
473.494,25.65,1029.395,41.795,9.38,0.0,0.0,0.0,0.0,0.0
473.596,25.64,1029.363,41.748,9.34,0.0,0.0,0.0,0.0,0.0
473.739,25.65,1029.368,41.637,9.27,0.0,0.0,0.0,0.0,0.0
473.934,25.57,1029.226,41.675,9.11,0.0,0.0,0.0,0.0,0.0
474.071,25.57,1029.226,41.72,9.02,0.0,0.0,0.0,0.0,0.0
474.175,25.58,1029.263,41.743,9.47,0.0,0.0,0.0,0.0,0.0
474.239,25.6,1029.319,41.733,9.12,0.0,0.0,0.0,0.0,0.0
474.402,25.58,1029.267,41.596,9.36,0.0,0.0,0.0,0.0,0.0
474.494,25.6,1029.32,41.644,9.39,0.0,0.0,0.0,0.0,0.0
474.655,25.65,1029.374,41.659,9.75,0.0,0.0,0.0,0.0,0.0
474.789,25.61,1029.358,41.678,9.77,0.0,0.0,0.0,0.0,0.0
474.887,25.69,1029.475,41.65,9.66,0.0,0.0,0.0,0.0,0.0
474.988,25.65,1029.39,41.693,9.73,0.0,0.0,0.0,0.0,0.0
475.1,25.61,1029.339,41.564,9.73,0.0,0.0,0.0,0.0,0.0
475.348,25.6,1029.33,41.677,9.62,0.0,0.0,0.0,0.0,0.0
475.434,25.67,1029.464,41.649,9.61,0.0,0.0,0.0,0.0,0.0
475.548,25.67,1029.492,41.639,9.59,0.0,0.0,0.0,0.0,0.0
475.683,25.7,1029.533,41.663,9.71,0.0,0.0,0.0,0.0,0.0
475.847,25.7,1029.464,41.596,9.6,0.0,0.0,0.0,0.0,0.0
476.123,25.68,1029.464,41.662,9.39,0.0,0.0,0.0,0.0,0.0
476.233,25.65,1029.358,41.659,9.47,0.0,0.0,0.0,0.0,0.0
476.295,25.61,1029.321,41.644,9.41,0.0,0.0,0.0,0.0,0.0
476.408,25.6,1029.329,41.644,9.24,0.0,0.0,0.0,0.0,0.0
476.489,25.6,1029.303,41.644,9.32,0.0,0.0,0.0,0.0,0.0
476.597,25.64,1029.393,41.646,9.32,0.0,0.0,0.0,0.0,0.0
476.729,25.63,1029.324,41.634,9.2,0.0,0.0,0.0,0.0,0.0
476.795,25.64,1029.362,41.624,9.19,0.0,0.0,0.0,0.0,0.0
477.048,25.71,1029.403,41.506,9.27,0.0,0.0,0.0,0.0,0.0
477.133,25.64,1029.294,41.578,9.27,0.0,0.0,0.0,0.0,0.0
477.242,25.62,1029.26,41.668,9.28,0.0,0.0,0.0,0.0,0.0
477.371,25.62,1029.262,41.566,9.32,0.0,0.0,0.0,0.0,0.0
477.603,25.61,1029.223,41.485,9.48,0.0,0.0,0.0,0.0,0.0
477.714,25.61,1029.269,41.61,9.47,0.0,0.0,0.0,0.0,0.0
477.796,25.71,1029.456,41.653,9.55,0.0,0.0,0.0,0.0,0.0
477.887,25.71,1029.465,41.597,9.5,0.0,0.0,0.0,0.0,0.0
477.989,25.7,1029.416,41.618,9.52,0.0,0.0,0.0,0.0,0.0
478.085,25.68,1029.351,41.65,9.47,0.0,0.0,0.0,0.0,0.0
478.209,25.68,1029.36,41.66,9.39,0.0,0.0,0.0,0.0,0.0
478.295,25.69,1029.363,41.616,9.39,0.0,0.0,0.0,0.0,0.0
478.439,25.66,1029.333,41.581,9.32,0.0,0.0,0.0,0.0,0.0
478.548,25.67,1029.342,41.627,9.33,0.0,0.0,0.0,0.0,0.0
478.659,25.66,1029.36,41.625,9.32,0.0,0.0,0.0,0.0,0.0
478.747,25.69,1029.394,41.605,9.3,0.0,0.0,0.0,0.0,0.0
478.834,25.69,1029.389,41.651,9.38,0.0,0.0,0.0,0.0,0.0
478.945,25.7,1029.42,41.585,9.17,0.0,0.0,0.0,0.0,0.0
479.07,25.7,1029.412,41.663,9.3,0.0,0.0,0.0,0.0,0.0
479.181,25.73,1029.475,41.688,9.2,0.0,0.0,0.0,0.0,0.0
479.301,25.73,1029.454,41.508,9.28,0.0,0.0,0.0,0.0,0.0
479.387,25.73,1029.428,41.564,9.38,0.0,0.0,0.0,0.0,0.0
479.497,25.63,1029.269,41.521,9.42,0.0,0.0,0.0,0.0,0.0
479.586,25.63,1029.269,41.646,9.53,0.0,0.0,0.0,0.0,0.0
479.691,25.64,1029.312,41.59,9.58,0.0,0.0,0.0,0.0,0.0
479.805,25.65,1029.302,41.569,9.58,0.0,0.0,0.0,0.0,0.0
479.891,25.64,1029.315,41.567,9.54,0.0,0.0,0.0,0.0,0.0
480.033,25.66,1029.345,41.569,9.63,0.0,0.0,0.0,0.0,0.0
480.141,25.66,1029.325,41.569,9.74,0.0,0.0,0.0,0.0,0.0
480.249,25.74,1029.447,41.566,9.76,0.0,0.0,0.0,0.0,0.0
480.335,25.65,1029.277,41.592,9.69,0.0,0.0,0.0,0.0,0.0
480.442,25.66,1029.272,41.524,9.71,0.0,0.0,0.0,0.0,0.0
480.667,25.67,1029.292,41.525,9.56,0.0,0.0,0.0,0.0,0.0
480.821,25.66,1029.283,41.434,9.42,0.0,0.0,0.0,0.0,0.0
480.891,25.66,1029.296,41.444,9.27,0.0,0.0,0.0,0.0,0.0
481.2,25.76,1029.435,41.511,9.32,0.0,0.0,0.0,0.0,0.0
481.331,25.75,1029.44,41.533,9.26,0.0,0.0,0.0,0.0,0.0
481.443,25.74,1029.391,41.385,9.28,0.0,0.0,0.0,0.0,0.0
481.509,25.74,1029.396,41.396,9.36,0.0,0.0,0.0,0.0,0.0
481.643,25.72,1029.349,41.473,9.22,0.0,0.0,0.0,0.0,0.0
481.747,25.69,1029.293,41.537,9.17,0.0,0.0,0.0,0.0,0.0
482.036,25.76,1029.398,41.512,9.38,0.0,0.0,0.0,0.0,0.0
482.141,25.7,1029.273,41.505,9.3,0.0,0.0,0.0,0.0,0.0
482.335,25.73,1029.381,41.564,9.28,0.0,0.0,0.0,0.0,0.0
482.495,25.75,1029.401,41.476,9.35,0.0,0.0,0.0,0.0,0.0
482.595,25.77,1029.391,41.488,9.31,0.0,0.0,0.0,0.0,0.0
482.747,25.67,1029.216,41.457,9.47,0.0,0.0,0.0,0.0,0.0
482.89,25.78,1029.447,41.422,9.44,0.0,0.0,0.0,0.0,0.0
483.007,25.77,1029.407,41.568,9.46,0.0,0.0,0.0,0.0,0.0
483.196,25.68,1029.27,41.515,9.57,0.0,0.0,0.0,0.0,0.0
483.341,25.69,1029.307,41.459,9.44,0.0,0.0,0.0,0.0,0.0
483.451,25.68,1029.27,41.456,9.46,0.0,0.0,0.0,0.0,0.0
483.534,25.75,1029.368,41.498,9.54,0.0,0.0,0.0,0.0,0.0
483.647,25.73,1029.308,41.473,9.53,0.0,0.0,0.0,0.0,0.0
483.841,25.71,1029.251,41.494,9.41,0.0,0.0,0.0,0.0,0.0
484.001,25.7,1029.262,41.482,9.45,0.0,0.0,0.0,0.0,0.0
484.092,25.71,1029.286,41.416,9.48,0.0,0.0,0.0,0.0,0.0
484.202,25.75,1029.402,41.476,9.42,0.0,0.0,0.0,0.0,0.0
484.286,25.77,1029.426,41.478,9.43,0.0,0.0,0.0,0.0,0.0
484.39,25.77,1029.441,41.501,9.56,0.0,0.0,0.0,0.0,0.0
484.486,25.79,1029.453,41.513,9.55,0.0,0.0,0.0,0.0,0.0
484.593,25.79,1029.445,41.39,9.48,0.0,0.0,0.0,0.0,0.0
484.696,25.79,1029.435,41.446,9.49,0.0,0.0,0.0,0.0,0.0
484.86,25.79,1029.427,41.457,9.47,0.0,0.0,0.0,0.0,0.0
485.034,25.71,1029.269,41.46,9.49,0.0,0.0,0.0,0.0,0.0
485.149,25.7,1029.258,41.472,9.47,0.0,0.0,0.0,0.0,0.0
485.235,25.71,1029.301,41.461,9.5,0.0,0.0,0.0,0.0,0.0
485.347,25.72,1029.292,41.462,9.37,0.0,0.0,0.0,0.0,0.0
485.448,25.73,1029.3,41.462,9.36,0.0,0.0,0.0,0.0,0.0
485.535,25.76,1029.347,41.454,9.42,0.0,0.0,0.0,0.0,0.0
485.703,25.75,1029.316,41.464,9.43,0.0,0.0,0.0,0.0,0.0
485.946,25.72,1029.254,41.473,9.25,0.0,0.0,0.0,0.0,0.0
486.094,25.79,1029.383,41.503,9.27,0.0,0.0,0.0,0.0,0.0
486.209,25.81,1029.346,41.493,9.14,0.0,0.0,0.0,0.0,0.0
486.344,25.71,1029.218,41.359,9.13,0.0,0.0,0.0,0.0,0.0
486.463,25.72,1029.256,41.417,9.18,0.0,0.0,0.0,0.0,0.0
486.593,25.81,1029.393,41.425,9.44,0.0,0.0,0.0,0.0,0.0
486.735,25.78,1029.317,41.444,9.37,0.0,0.0,0.0,0.0,0.0
486.871,25.74,1029.295,41.487,9.4,0.0,0.0,0.0,0.0,0.0
486.972,25.82,1029.414,41.368,9.57,0.0,0.0,0.0,0.0,0.0
487.139,25.77,1029.328,41.443,9.73,0.0,0.0,0.0,0.0,0.0
487.185,25.78,1029.338,41.434,9.77,0.0,0.0,0.0,0.0,0.0
487.314,25.76,1029.357,41.432,9.65,0.0,0.0,0.0,0.0,0.0
487.395,25.77,1029.344,41.421,9.75,0.0,0.0,0.0,0.0,0.0
487.485,25.78,1029.376,41.423,9.74,0.0,0.0,0.0,0.0,0.0
487.598,25.78,1029.348,41.444,9.56,0.0,0.0,0.0,0.0,0.0
487.686,25.8,1029.401,41.367,9.44,0.0,0.0,0.0,0.0,0.0
487.829,25.78,1029.381,41.434,9.52,0.0,0.0,0.0,0.0,0.0
487.901,25.81,1029.424,41.459,9.39,0.0,0.0,0.0,0.0,0.0
488.04,25.83,1029.462,41.404,9.16,0.0,0.0,0.0,0.0,0.0
488.151,25.84,1029.379,41.428,9.1,0.0,0.0,0.0,0.0,0.0
488.234,25.72,1029.23,41.462,9.06,0.0,0.0,0.0,0.0,0.0
488.349,25.75,1029.279,41.385,9.19,0.0,0.0,0.0,0.0,0.0
488.475,25.73,1029.241,41.474,9.39,0.0,0.0,0.0,0.0,0.0
488.541,25.73,1029.239,41.429,9.29,0.0,0.0,0.0,0.0,0.0
488.646,25.75,1029.28,41.408,9.3,0.0,0.0,0.0,0.0,0.0
488.734,25.76,1029.288,41.398,9.42,0.0,0.0,0.0,0.0,0.0
488.907,25.76,1029.309,41.397,9.51,0.0,0.0,0.0,0.0,0.0
488.993,25.84,1029.417,41.371,9.5,0.0,0.0,0.0,0.0,0.0
489.096,25.79,1029.319,41.446,9.52,0.0,0.0,0.0,0.0,0.0
489.185,25.77,1029.287,41.433,9.37,0.0,0.0,0.0,0.0,0.0
489.311,25.79,1029.304,41.468,9.42,0.0,0.0,0.0,0.0,0.0
489.407,25.76,1029.251,41.354,9.27,0.0,0.0,0.0,0.0,0.0
489.493,25.76,1029.249,41.386,9.39,0.0,0.0,0.0,0.0,0.0
489.601,25.76,1029.251,41.364,9.42,0.0,0.0,0.0,0.0,0.0
489.744,25.76,1029.279,41.364,9.3,0.0,0.0,0.0,0.0,0.0
489.849,25.76,1029.275,41.353,9.27,0.0,0.0,0.0,0.0,0.0
489.936,25.85,1029.457,41.429,9.35,0.0,0.0,0.0,0.0,0.0
490.046,25.85,1029.466,41.418,9.32,0.0,0.0,0.0,0.0,0.0
490.136,25.85,1029.466,41.396,9.28,0.0,0.0,0.0,0.0,0.0
490.24,25.85,1029.441,41.395,9.26,0.0,0.0,0.0,0.0,0.0
490.384,25.85,1029.478,41.351,9.38,0.0,0.0,0.0,0.0,0.0
490.493,25.85,1029.436,41.384,9.46,0.0,0.0,0.0,0.0,0.0
490.597,25.78,1029.383,41.377,9.48,0.0,0.0,0.0,0.0,0.0
490.687,25.78,1029.372,41.377,9.48,0.0,0.0,0.0,0.0,0.0
490.822,25.78,1029.352,41.366,9.56,0.0,0.0,0.0,0.0,0.0
490.887,25.81,1029.413,41.368,9.58,0.0,0.0,0.0,0.0,0.0
491.009,25.8,1029.397,41.345,9.66,0.0,0.0,0.0,0.0,0.0
491.103,25.82,1029.431,41.347,9.63,0.0,0.0,0.0,0.0,0.0
491.241,25.84,1029.463,41.428,9.7,0.0,0.0,0.0,0.0,0.0
491.377,25.87,1029.455,41.328,9.75,0.0,0.0,0.0,0.0,0.0
491.436,25.77,1029.287,41.241,9.7,0.0,0.0,0.0,0.0,0.0
491.589,25.76,1029.298,41.398,9.62,0.0,0.0,0.0,0.0,0.0
491.635,25.78,1029.295,41.286,9.62,0.0,0.0,0.0,0.0,0.0
491.746,25.76,1029.305,41.421,9.61,0.0,0.0,0.0,0.0,0.0
491.848,25.77,1029.285,41.297,9.62,0.0,0.0,0.0,0.0,0.0
491.945,25.79,1029.356,41.412,9.51,0.0,0.0,0.0,0.0,0.0
492.096,25.79,1029.337,41.39,9.34,0.0,0.0,0.0,0.0,0.0
492.324,25.87,1029.456,41.349,8.98,0.0,0.0,0.0,0.0,0.0
492.52,25.81,1029.323,41.357,9.17,0.0,0.0,0.0,0.0,0.0
492.607,25.82,1029.351,41.381,9.1,0.0,0.0,0.0,0.0,0.0
492.695,25.81,1029.323,41.255,9.15,0.0,0.0,0.0,0.0,0.0
492.879,25.81,1029.319,41.458,9.31,0.0,0.0,0.0,0.0,0.0
492.942,25.8,1029.322,41.255,9.39,0.0,0.0,0.0,0.0,0.0
493.137,25.86,1029.421,41.328,9.57,0.0,0.0,0.0,0.0,0.0
493.269,25.88,1029.491,41.296,9.66,0.0,0.0,0.0,0.0,0.0
493.352,25.88,1029.512,41.285,9.78,0.0,0.0,0.0,0.0,0.0
493.464,25.88,1029.475,41.319,9.79,0.0,0.0,0.0,0.0,0.0
493.586,25.89,1029.474,41.342,9.87,0.0,0.0,0.0,0.0,0.0
493.693,25.89,1029.424,41.296,9.95,0.0,0.0,0.0,0.0,0.0
493.8,25.8,1029.31,41.312,9.87,0.0,0.0,0.0,0.0,0.0
493.886,25.79,1029.276,41.275,9.78,0.0,0.0,0.0,0.0,0.0
493.998,25.79,1029.259,41.31,9.73,0.0,0.0,0.0,0.0,0.0
494.124,25.81,1029.305,41.312,9.63,0.0,0.0,0.0,0.0,0.0
494.196,25.8,1029.294,41.3,9.65,0.0,0.0,0.0,0.0,0.0
494.305,25.83,1029.32,41.291,9.38,0.0,0.0,0.0,0.0,0.0
494.44,25.86,1029.323,41.294,9.23,0.0,0.0,0.0,0.0,0.0
494.549,25.9,1029.375,41.286,9.2,0.0,0.0,0.0,0.0,0.0
494.636,25.82,1029.24,41.302,9.08,0.0,0.0,0.0,0.0,0.0
494.764,25.81,1029.174,41.345,8.94,0.0,0.0,0.0,0.0,0.0
494.836,25.81,1029.197,41.232,9.01,0.0,0.0,0.0,0.0,0.0
494.948,25.81,1029.15,41.38,8.95,0.0,0.0,0.0,0.0,0.0
495.086,25.81,1029.187,41.346,8.73,0.0,0.0,0.0,0.0,0.0
495.194,25.81,1029.189,41.255,8.76,0.0,0.0,0.0,0.0,0.0
495.307,25.9,1029.366,41.31,8.86,0.0,0.0,0.0,0.0,0.0
495.394,25.9,1029.384,41.274,8.92,0.0,0.0,0.0,0.0,0.0
495.497,25.88,1029.312,41.272,8.8,0.0,0.0,0.0,0.0,0.0
495.605,25.85,1029.267,41.304,8.83,0.0,0.0,0.0,0.0,0.0
495.716,25.9,1029.398,41.275,9.08,0.0,0.0,0.0,0.0,0.0
495.805,25.91,1029.364,41.284,9.18,0.0,0.0,0.0,0.0,0.0
495.914,25.87,1029.334,41.272,9.3,0.0,0.0,0.0,0.0,0.0
495.998,25.88,1029.339,41.262,9.51,0.0,0.0,0.0,0.0,0.0
496.141,25.85,1029.299,41.293,9.79,0.0,0.0,0.0,0.0,0.0
496.359,25.86,1029.372,41.282,10.01,0.0,0.0,0.0,0.0,0.0
496.458,25.88,1029.385,41.272,10.08,0.0,0.0,0.0,0.0,0.0
496.535,25.9,1029.451,41.309,9.97,0.0,0.0,0.0,0.0,0.0
496.66,25.89,1029.415,41.273,10.07,0.0,0.0,0.0,0.0,0.0
496.786,25.91,1029.442,41.219,9.83,0.0,0.0,0.0,0.0,0.0
496.892,25.92,1029.434,41.277,9.74,0.0,0.0,0.0,0.0,0.0
496.997,25.81,1029.278,41.267,9.68,0.0,0.0,0.0,0.0,0.0
497.087,25.84,1029.301,41.19,9.68,0.0,0.0,0.0,0.0,0.0
497.218,25.82,1029.267,41.29,9.57,0.0,0.0,0.0,0.0,0.0
497.327,25.83,1029.305,41.235,9.24,0.0,0.0,0.0,0.0,0.0
497.413,25.83,1029.279,41.257,9.1,0.0,0.0,0.0,0.0,0.0
497.658,25.84,1029.342,41.225,9.09,0.0,0.0,0.0,0.0,0.0
497.753,25.93,1029.44,41.232,9.03,0.0,0.0,0.0,0.0,0.0
497.835,25.9,1029.366,41.128,9.09,0.0,0.0,0.0,0.0,0.0
497.951,25.86,1029.292,41.215,9.09,0.0,0.0,0.0,0.0,0.0
498.035,25.87,1029.306,41.148,9.1,0.0,0.0,0.0,0.0,0.0
498.167,25.86,1029.285,41.102,9.12,0.0,0.0,0.0,0.0,0.0
498.251,25.86,1029.299,41.226,9.27,0.0,0.0,0.0,0.0,0.0
498.338,25.86,1029.326,41.271,9.35,0.0,0.0,0.0,0.0,0.0
498.516,25.84,1029.245,41.213,9.41,0.0,0.0,0.0,0.0,0.0
498.601,25.85,1029.301,41.236,9.46,0.0,0.0,0.0,0.0,0.0
498.701,25.94,1029.413,41.177,9.53,0.0,0.0,0.0,0.0,0.0
498.789,25.94,1029.451,41.199,9.57,0.0,0.0,0.0,0.0,0.0
498.885,25.94,1029.455,41.075,9.62,0.0,0.0,0.0,0.0,0.0
499.093,25.88,1029.353,41.239,9.64,0.0,0.0,0.0,0.0,0.0
499.222,25.95,1029.431,41.177,9.67,0.0,0.0,0.0,0.0,0.0
499.342,25.91,1029.392,41.241,9.54,0.0,0.0,0.0,0.0,0.0
499.535,25.87,1029.327,41.192,9.45,0.0,0.0,0.0,0.0,0.0
499.642,25.89,1029.374,41.184,9.51,0.0,0.0,0.0,0.0,0.0
499.737,25.9,1029.355,41.161,9.39,0.0,0.0,0.0,0.0,0.0
499.857,25.91,1029.377,41.105,9.4,0.0,0.0,0.0,0.0,0.0
499.986,25.91,1029.362,41.162,9.32,0.0,0.0,0.0,0.0,0.0
500.136,25.96,1029.396,41.223,9.34,0.0,0.0,0.0,0.0,0.0
500.197,25.86,1029.245,41.169,9.32,0.0,0.0,0.0,0.0,0.0
500.313,25.88,1029.29,41.171,9.37,0.0,0.0,0.0,0.0,0.0
500.397,25.87,1029.3,41.16,9.48,0.0,0.0,0.0,0.0,0.0
500.489,25.86,1029.276,41.237,9.48,0.0,0.0,0.0,0.0,0.0
500.595,25.86,1029.252,41.169,9.46,0.0,0.0,0.0,0.0,0.0
500.702,25.86,1029.274,41.26,9.44,0.0,0.0,0.0,0.0,0.0
500.86,25.86,1029.276,41.226,9.6,0.0,0.0,0.0,0.0,0.0
500.949,25.86,1029.285,41.124,9.69,0.0,0.0,0.0,0.0,0.0
501.092,25.88,1029.286,41.217,9.57,0.0,0.0,0.0,0.0,0.0
501.237,25.88,1029.297,41.172,9.54,0.0,0.0,0.0,0.0,0.0
501.351,25.97,1029.398,41.19,9.52,0.0,0.0,0.0,0.0,0.0
501.445,25.91,1029.29,41.207,9.45,0.0,0.0,0.0,0.0,0.0
501.541,25.88,1029.235,41.184,9.26,0.0,0.0,0.0,0.0,0.0
501.711,25.88,1029.218,41.093,9.2,0.0,0.0,0.0,0.0,0.0
501.811,25.89,1029.205,41.194,9.13,0.0,0.0,0.0,0.0,0.0
502.092,25.97,1029.349,41.237,9.08,0.0,0.0,0.0,0.0,0.0
502.222,25.87,1029.188,41.148,9.2,0.0,0.0,0.0,0.0,0.0
502.294,25.98,1029.421,40.954,9.23,0.0,0.0,0.0,0.0,0.0
502.396,25.98,1029.426,41.033,9.19,0.0,0.0,0.0,0.0,0.0
502.647,25.98,1029.392,41.09,9.38,0.0,0.0,0.0,0.0,0.0
502.842,25.88,1029.236,41.138,9.48,0.0,0.0,0.0,0.0,0.0
502.934,25.89,1029.292,41.127,9.56,0.0,0.0,0.0,0.0,0.0
503.04,25.91,1029.343,41.117,9.4,0.0,0.0,0.0,0.0,0.0
503.185,25.93,1029.347,41.143,9.48,0.0,0.0,0.0,0.0,0.0
503.291,25.99,1029.386,41.192,9.53,0.0,0.0,0.0,0.0,0.0
503.398,25.91,1029.28,41.095,9.56,0.0,0.0,0.0,0.0,0.0
503.489,25.91,1029.284,41.049,9.58,0.0,0.0,0.0,0.0,0.0
503.6,25.91,1029.306,41.038,9.63,0.0,0.0,0.0,0.0,0.0
503.689,25.91,1029.302,41.128,9.49,0.0,0.0,0.0,0.0,0.0
503.795,25.93,1029.32,41.085,9.53,0.0,0.0,0.0,0.0,0.0
503.932,25.92,1029.328,41.129,9.53,0.0,0.0,0.0,0.0,0.0
504.061,25.92,1029.373,41.106,9.59,0.0,0.0,0.0,0.0,0.0
504.147,25.92,1029.307,41.151,9.52,0.0,0.0,0.0,0.0,0.0
504.288,26.0,1029.442,41.205,9.5,0.0,0.0,0.0,0.0,0.0
504.425,25.98,1029.368,41.078,9.54,0.0,0.0,0.0,0.0,0.0
504.563,25.91,1029.288,41.095,9.4,0.0,0.0,0.0,0.0,0.0
504.656,26.0,1029.406,41.077,9.37,0.0,0.0,0.0,0.0,0.0
504.742,25.96,1029.343,41.1,9.41,0.0,0.0,0.0,0.0,0.0
504.992,25.93,1029.282,41.086,9.45,0.0,0.0,0.0,0.0,0.0
505.096,25.95,1029.371,41.063,9.47,0.0,0.0,0.0,0.0,0.0
505.187,25.96,1029.38,41.11,9.51,0.0,0.0,0.0,0.0,0.0
505.292,25.97,1029.387,41.054,9.39,0.0,0.0,0.0,0.0,0.0
505.406,25.98,1029.403,41.067,9.39,0.0,0.0,0.0,0.0,0.0
505.564,26.0,1029.435,41.125,9.32,0.0,0.0,0.0,0.0,0.0
505.736,25.93,1029.294,41.152,9.26,0.0,0.0,0.0,0.0,0.0
505.886,25.92,1029.264,40.983,9.19,0.0,0.0,0.0,0.0,0.0
505.936,25.89,1029.2,41.036,9.24,0.0,0.0,0.0,0.0,0.0
506.046,25.96,1029.361,41.076,9.29,0.0,0.0,0.0,0.0,0.0
506.152,25.91,1029.26,41.038,9.3,0.0,0.0,0.0,0.0,0.0
506.249,25.96,1029.34,41.054,9.37,0.0,0.0,0.0,0.0,0.0
506.386,25.91,1029.246,41.095,9.35,0.0,0.0,0.0,0.0,0.0
506.486,26.02,1029.433,41.06,9.47,0.0,0.0,0.0,0.0,0.0
506.622,25.99,1029.372,41.033,9.63,0.0,0.0,0.0,0.0,0.0
506.672,25.96,1029.333,41.077,9.66,0.0,0.0,0.0,0.0,0.0
506.8,25.97,1029.318,41.088,9.6,0.0,0.0,0.0,0.0,0.0
506.905,25.94,1029.248,41.12,9.66,0.0,0.0,0.0,0.0,0.0
506.997,25.94,1029.283,41.018,9.65,0.0,0.0,0.0,0.0,0.0
507.136,25.94,1029.263,41.04,9.73,0.0,0.0,0.0,0.0,0.0
507.24,25.92,1029.212,41.017,9.82,0.0,0.0,0.0,0.0,0.0
507.349,26.0,1029.419,41.001,9.86,0.0,0.0,0.0,0.0,0.0
507.441,26.01,1029.401,41.047,9.81,0.0,0.0,0.0,0.0,0.0
507.55,26.03,1029.456,41.083,9.64,0.0,0.0,0.0,0.0,0.0
507.681,26.03,1029.405,41.049,9.5,0.0,0.0,0.0,0.0,0.0
507.85,26.03,1029.333,41.026,9.34,0.0,0.0,0.0,0.0,0.0
507.984,26.03,1029.391,41.037,9.19,0.0,0.0,0.0,0.0,0.0
508.131,26.03,1029.335,40.951,8.98,0.0,0.0,0.0,0.0,0.0
508.296,26.03,1029.343,41.016,8.9,0.0,0.0,0.0,0.0,0.0
508.408,26.0,1029.261,41.023,9.06,0.0,0.0,0.0,0.0,0.0
508.597,25.98,1029.278,41.033,9.13,0.0,0.0,0.0,0.0,0.0
508.689,25.98,1029.235,41.056,9.13,0.0,0.0,0.0,0.0,0.0
508.793,26.01,1029.35,40.991,9.2,0.0,0.0,0.0,0.0,0.0
508.941,26.01,1029.337,40.99,9.28,0.0,0.0,0.0,0.0,0.0
509.048,26.04,1029.283,41.005,9.24,0.0,0.0,0.0,0.0,0.0
509.128,25.94,1029.168,41.019,9.36,0.0,0.0,0.0,0.0,0.0
509.249,25.95,1029.188,41.042,9.37,0.0,0.0,0.0,0.0,0.0
509.381,25.95,1029.185,40.951,9.35,0.0,0.0,0.0,0.0,0.0
509.504,25.97,1029.255,40.886,9.42,0.0,0.0,0.0,0.0,0.0
509.583,26.05,1029.376,41.005,9.41,0.0,0.0,0.0,0.0,0.0
509.709,26.04,1029.375,40.915,9.35,0.0,0.0,0.0,0.0,0.0
509.799,26.02,1029.344,40.97,9.46,0.0,0.0,0.0,0.0,0.0
509.881,26.03,1029.372,40.992,9.3,0.0,0.0,0.0,0.0,0.0
510.019,26.02,1029.355,40.967,9.19,0.0,0.0,0.0,0.0,0.0
510.105,26.02,1029.329,40.946,9.27,0.0,0.0,0.0,0.0,0.0
510.2,26.01,1029.31,40.989,9.25,0.0,0.0,0.0,0.0,0.0
510.328,26.0,1029.307,41.001,9.45,0.0,0.0,0.0,0.0,0.0
510.463,25.99,1029.264,40.944,9.4,0.0,0.0,0.0,0.0,0.0
510.555,25.98,1029.268,40.988,9.49,0.0,0.0,0.0,0.0,0.0
510.634,26.02,1029.386,40.969,9.57,0.0,0.0,0.0,0.0,0.0
510.75,26.03,1029.437,41.027,9.54,0.0,0.0,0.0,0.0,0.0
510.905,26.04,1029.463,41.072,9.62,0.0,0.0,0.0,0.0,0.0
511.143,25.96,1029.338,40.975,9.7,0.0,0.0,0.0,0.0,0.0
511.302,26.06,1029.513,41.007,9.74,0.0,0.0,0.0,0.0,0.0
511.421,26.06,1029.479,40.905,9.72,0.0,0.0,0.0,0.0,0.0
511.514,25.99,1029.384,40.954,9.66,0.0,0.0,0.0,0.0,0.0
511.588,25.98,1029.375,40.954,9.54,0.0,0.0,0.0,0.0,0.0
511.689,25.96,1029.312,40.952,9.52,0.0,0.0,0.0,0.0,0.0
511.806,25.97,1029.327,40.954,9.64,0.0,0.0,0.0,0.0,0.0
512.054,26.01,1029.399,40.969,9.24,0.0,0.0,0.0,0.0,0.0
514.951,26.01,1029.324,40.934,9.25,0.0,0.0,0.0,0.0,0.0
514.953,25.99,1029.262,40.843,9.35,0.0,0.0,0.0,0.0,0.0
514.955,26.0,1029.282,41.013,9.4,0.0,0.0,0.0,0.0,0.0
514.955,25.98,1029.239,40.909,9.4,0.0,0.0,0.0,0.0,0.0
514.957,25.98,1029.262,40.875,9.42,0.0,0.0,0.0,0.0,0.0
514.957,25.98,1029.248,40.863,9.48,0.0,0.0,0.0,0.0,0.0
514.957,25.98,1029.251,40.954,9.53,0.0,0.0,0.0,0.0,0.0
514.959,26.08,1029.459,40.94,9.54,0.0,0.0,0.0,0.0,0.0
514.959,26.06,1029.404,40.905,9.68,0.0,0.0,0.0,0.0,0.0
514.961,26.07,1029.394,40.906,9.66,0.0,0.0,0.0,0.0,0.0
514.961,26.05,1029.318,40.903,9.59,0.0,0.0,0.0,0.0,0.0
514.961,26.03,1029.354,40.913,9.6,0.0,0.0,0.0,0.0,0.0
514.963,26.02,1029.298,40.9,9.58,0.0,0.0,0.0,0.0,0.0
514.963,26.01,1029.286,40.91,9.4,0.0,0.0,0.0,0.0,0.0
514.965,26.03,1029.311,40.901,9.36,0.0,0.0,0.0,0.0,0.0
514.965,26.03,1029.312,40.902,9.27,0.0,0.0,0.0,0.0,0.0
514.965,26.05,1029.358,40.926,9.3,0.0,0.0,0.0,0.0,0.0
514.967,26.06,1029.312,40.859,9.2,0.0,0.0,0.0,0.0,0.0
514.971,26.07,1029.344,40.85,9.16,0.0,0.0,0.0,0.0,0.0
514.973,26.07,1029.338,40.951,9.26,0.0,0.0,0.0,0.0,0.0
514.975,26.09,1029.332,40.852,9.14,0.0,0.0,0.0,0.0,0.0
514.977,26.0,1029.214,40.899,9.17,0.0,0.0,0.0,0.0,0.0
514.981,26.0,1029.188,40.854,9.17,0.0,0.0,0.0,0.0,0.0
514.982,26.0,1029.175,40.899,9.17,0.0,0.0,0.0,0.0,0.0
514.985,26.0,1029.201,40.967,9.11,0.0,0.0,0.0,0.0,0.0
515.141,26.0,1029.204,40.91,9.2,0.0,0.0,0.0,0.0,0.0
515.241,26.01,1029.209,40.821,9.2,0.0,0.0,0.0,0.0,0.0
515.378,26.1,1029.34,40.904,9.25,0.0,0.0,0.0,0.0,0.0
515.453,26.03,1029.245,40.879,9.24,0.0,0.0,0.0,0.0,0.0
515.568,26.07,1029.274,40.838,9.3,0.0,0.0,0.0,0.0,0.0
515.649,26.05,1029.268,40.836,9.2,0.0,0.0,0.0,0.0,0.0
515.754,26.03,1029.244,40.868,9.26,0.0,0.0,0.0,0.0,0.0
515.901,26.04,1029.234,40.937,9.38,0.0,0.0,0.0,0.0,0.0
515.984,26.03,1029.228,40.868,9.41,0.0,0.0,0.0,0.0,0.0
516.094,26.08,1029.358,40.85,9.5,0.0,0.0,0.0,0.0,0.0
516.192,26.08,1029.37,40.873,9.53,0.0,0.0,0.0,0.0,0.0
516.288,26.1,1029.415,40.829,9.6,0.0,0.0,0.0,0.0,0.0
516.637,26.11,1029.384,40.842,9.73,0.0,0.0,0.0,0.0,0.0
516.699,26.03,1029.286,40.925,9.78,0.0,0.0,0.0,0.0,0.0
516.84,26.11,1029.426,40.818,9.55,0.0,0.0,0.0,0.0,0.0
516.94,26.12,1029.417,40.809,9.6,0.0,0.0,0.0,0.0,0.0
517.045,26.02,1029.292,40.845,9.51,0.0,0.0,0.0,0.0,0.0
517.151,26.03,1029.319,40.846,9.58,0.0,0.0,0.0,0.0,0.0
517.332,26.06,1029.384,40.848,9.42,0.0,0.0,0.0,0.0,0.0
517.471,26.13,1029.45,40.854,9.47,0.0,0.0,0.0,0.0,0.0
517.546,26.07,1029.322,40.86,9.39,0.0,0.0,0.0,0.0,0.0
517.702,26.09,1029.419,40.863,9.32,0.0,0.0,0.0,0.0,0.0
517.79,26.13,1029.445,40.763,9.39,0.0,0.0,0.0,0.0,0.0
517.894,26.04,1029.278,40.868,9.51,0.0,0.0,0.0,0.0,0.0
517.986,26.03,1029.294,40.856,9.55,0.0,0.0,0.0,0.0,0.0
518.146,26.02,1029.249,40.812,9.53,0.0,0.0,0.0,0.0,0.0
518.309,26.13,1029.484,40.798,9.64,0.0,0.0,0.0,0.0,0.0
518.647,26.02,1029.274,40.856,9.61,0.0,0.0,0.0,0.0,0.0
518.731,26.13,1029.477,40.81,9.62,0.0,0.0,0.0,0.0,0.0
518.848,26.07,1029.344,40.827,9.45,0.0,0.0,0.0,0.0,0.0
518.955,26.06,1029.323,40.804,9.35,0.0,0.0,0.0,0.0,0.0
519.058,26.08,1029.319,40.782,9.43,0.0,0.0,0.0,0.0,0.0
519.18,26.08,1029.305,40.76,9.33,0.0,0.0,0.0,0.0,0.0
519.295,26.1,1029.341,40.807,9.43,0.0,0.0,0.0,0.0,0.0
519.431,26.1,1029.361,40.784,9.46,0.0,0.0,0.0,0.0,0.0
519.597,26.14,1029.349,40.73,9.4,0.0,0.0,0.0,0.0,0.0
519.73,26.06,1029.266,40.679,9.34,0.0,0.0,0.0,0.0,0.0
519.798,26.12,1029.41,40.854,9.39,0.0,0.0,0.0,0.0,0.0
519.921,26.14,1029.439,40.822,9.33,0.0,0.0,0.0,0.0,0.0
520.043,26.15,1029.393,40.766,9.35,0.0,0.0,0.0,0.0,0.0
520.179,26.13,1029.36,40.798,9.35,0.0,0.0,0.0,0.0,0.0
520.243,26.04,1029.207,40.79,9.36,0.0,0.0,0.0,0.0,0.0
520.349,26.06,1029.267,40.804,9.25,0.0,0.0,0.0,0.0,0.0
520.428,26.05,1029.23,40.779,9.22,0.0,0.0,0.0,0.0,0.0
520.542,26.05,1029.213,40.802,9.32,0.0,0.0,0.0,0.0,0.0
520.738,26.06,1029.247,40.791,9.39,0.0,0.0,0.0,0.0,0.0
520.896,26.08,1029.259,40.771,9.43,0.0,0.0,0.0,0.0,0.0
520.992,26.17,1029.368,40.778,9.5,0.0,0.0,0.0,0.0,0.0
521.092,26.1,1029.268,40.818,9.52,0.0,0.0,0.0,0.0,0.0
521.206,26.09,1029.24,40.817,9.39,0.0,0.0,0.0,0.0,0.0
521.292,26.08,1029.206,40.646,9.52,0.0,0.0,0.0,0.0,0.0
521.387,26.07,1029.23,40.86,9.56,0.0,0.0,0.0,0.0,0.0
521.492,26.08,1029.187,40.781,9.61,0.0,0.0,0.0,0.0,0.0
521.597,26.08,1029.23,40.715,9.55,0.0,0.0,0.0,0.0,0.0
521.788,26.09,1029.209,40.692,9.45,0.0,0.0,0.0,0.0,0.0
521.848,26.08,1029.227,40.805,9.39,0.0,0.0,0.0,0.0,0.0
521.932,26.17,1029.41,40.79,9.21,0.0,0.0,0.0,0.0,0.0
522.099,26.17,1029.416,40.768,9.29,0.0,0.0,0.0,0.0,0.0
522.243,26.16,1029.37,40.824,9.16,0.0,0.0,0.0,0.0,0.0
522.397,26.14,1029.351,40.765,8.98,0.0,0.0,0.0,0.0,0.0
522.497,26.14,1029.328,40.754,8.95,0.0,0.0,0.0,0.0,0.0
522.683,26.11,1029.331,40.751,9.1,0.0,0.0,0.0,0.0,0.0
522.819,26.1,1029.303,40.75,9.22,0.0,0.0,0.0,0.0,0.0
522.883,26.11,1029.337,40.739,9.34,0.0,0.0,0.0,0.0,0.0
523.0,26.13,1029.35,40.763,9.42,0.0,0.0,0.0,0.0,0.0
523.095,26.13,1029.369,40.764,9.46,0.0,0.0,0.0,0.0,0.0
523.254,26.15,1029.372,40.709,9.84,0.0,0.0,0.0,0.0,0.0
523.457,26.1,1029.298,40.716,10.07,0.0,0.0,0.0,0.0,0.0
523.546,26.08,1029.273,40.736,9.91,0.0,0.0,0.0,0.0,0.0
523.636,26.09,1029.285,40.75,9.91,0.0,0.0,0.0,0.0,0.0
523.738,26.09,1029.282,40.715,9.87,0.0,0.0,0.0,0.0,0.0
523.873,26.08,1029.235,40.747,9.76,0.0,0.0,0.0,0.0,0.0
523.995,26.09,1029.268,40.828,9.63,0.0,0.0,0.0,0.0,0.0
524.299,26.17,1029.383,40.703,8.94,0.0,0.0,0.0,0.0,0.0
524.385,26.19,1029.392,40.702,9.0,0.0,0.0,0.0,0.0,0.0
524.48,26.15,1029.335,40.721,9.0,0.0,0.0,0.0,0.0,0.0
524.588,26.14,1029.334,40.72,9.22,0.0,0.0,0.0,0.0,0.0
524.695,26.13,1029.264,40.696,9.38,0.0,0.0,0.0,0.0,0.0
524.931,26.12,1029.259,40.718,9.39,0.0,0.0,0.0,0.0,0.0
525.136,26.17,1029.406,40.744,9.62,0.0,0.0,0.0,0.0,0.0
525.284,26.18,1029.437,40.724,9.66,0.0,0.0,0.0,0.0,0.0
525.342,26.19,1029.416,40.6,9.53,0.0,0.0,0.0,0.0,0.0
525.44,26.2,1029.455,40.669,9.53,0.0,0.0,0.0,0.0,0.0
525.547,26.2,1029.447,40.736,9.42,0.0,0.0,0.0,0.0,0.0
525.692,26.21,1029.448,40.613,9.43,0.0,0.0,0.0,0.0,0.0
525.798,26.2,1029.379,40.669,9.35,0.0,0.0,0.0,0.0,0.0
525.945,26.11,1029.246,40.717,9.37,0.0,0.0,0.0,0.0,0.0
526.016,26.09,1029.245,40.692,9.36,0.0,0.0,0.0,0.0,0.0
526.085,26.11,1029.233,40.694,9.32,0.0,0.0,0.0,0.0,0.0
526.193,26.11,1029.305,40.683,9.28,0.0,0.0,0.0,0.0,0.0
526.298,26.13,1029.323,40.685,9.34,0.0,0.0,0.0,0.0,0.0
526.441,26.15,1029.335,40.709,9.34,0.0,0.0,0.0,0.0,0.0
526.557,26.21,1029.395,40.613,9.36,0.0,0.0,0.0,0.0,0.0
526.639,26.15,1029.292,40.607,9.33,0.0,0.0,0.0,0.0,0.0
526.835,26.13,1029.258,40.718,9.46,0.0,0.0,0.0,0.0,0.0
526.945,26.14,1029.286,40.595,9.54,0.0,0.0,0.0,0.0,0.0
527.077,26.13,1029.229,40.662,9.39,0.0,0.0,0.0,0.0,0.0
527.143,26.13,1029.251,40.661,9.39,0.0,0.0,0.0,0.0,0.0
527.31,26.14,1029.296,40.731,9.35,0.0,0.0,0.0,0.0,0.0
527.396,26.12,1029.238,40.695,9.34,0.0,0.0,0.0,0.0,0.0
527.5,26.22,1029.422,40.728,9.39,0.0,0.0,0.0,0.0,0.0
527.604,26.2,1029.411,40.748,9.57,0.0,0.0,0.0,0.0,0.0
527.694,26.2,1029.389,40.669,9.44,0.0,0.0,0.0,0.0,0.0
527.787,26.22,1029.398,40.637,9.39,0.0,0.0,0.0,0.0,0.0
527.913,26.19,1029.374,40.68,9.44,0.0,0.0,0.0,0.0,0.0
528.029,26.18,1029.342,40.655,9.43,0.0,0.0,0.0,0.0,0.0
528.139,26.17,1029.307,40.654,9.5,0.0,0.0,0.0,0.0,0.0
528.245,26.17,1029.314,40.677,9.4,0.0,0.0,0.0,0.0,0.0
528.338,26.17,1029.354,40.654,9.59,0.0,0.0,0.0,0.0,0.0
528.452,26.19,1029.415,40.646,9.55,0.0,0.0,0.0,0.0,0.0
528.537,26.2,1029.401,40.69,9.4,0.0,0.0,0.0,0.0,0.0
528.641,26.21,1029.462,40.602,9.35,0.0,0.0,0.0,0.0,0.0
528.754,26.21,1029.435,40.68,9.33,0.0,0.0,0.0,0.0,0.0
528.835,26.22,1029.471,40.636,9.48,0.0,0.0,0.0,0.0,0.0
528.999,26.24,1029.464,40.604,9.24,0.0,0.0,0.0,0.0,0.0
529.085,26.24,1029.415,40.694,9.33,0.0,0.0,0.0,0.0,0.0
529.2,26.15,1029.302,40.664,9.42,0.0,0.0,0.0,0.0,0.0
529.303,26.14,1029.313,40.617,9.44,0.0,0.0,0.0,0.0,0.0
529.388,26.17,1029.376,40.598,9.45,0.0,0.0,0.0,0.0,0.0
529.51,26.18,1029.369,40.587,9.49,0.0,0.0,0.0,0.0,0.0
529.631,26.13,1029.268,40.629,9.55,0.0,0.0,0.0,0.0,0.0
529.752,26.14,1029.302,40.673,9.56,0.0,0.0,0.0,0.0,0.0
529.836,26.21,1029.372,40.613,9.49,0.0,0.0,0.0,0.0,0.0
529.938,26.21,1029.381,40.544,9.57,0.0,0.0,0.0,0.0,0.0
530.081,26.2,1029.35,40.6,9.63,0.0,0.0,0.0,0.0,0.0
530.146,26.19,1029.332,40.566,9.66,0.0,0.0,0.0,0.0,0.0
530.251,26.17,1029.274,40.598,9.41,0.0,0.0,0.0,0.0,0.0
530.345,26.17,1029.291,40.586,9.42,0.0,0.0,0.0,0.0,0.0
530.597,26.18,1029.284,40.621,9.46,0.0,0.0,0.0,0.0,0.0
530.697,26.23,1029.412,40.705,9.34,0.0,0.0,0.0,0.0,0.0
530.807,26.25,1029.49,40.549,9.44,0.0,0.0,0.0,0.0,0.0
530.904,26.25,1029.469,40.651,9.41,0.0,0.0,0.0,0.0,0.0
530.988,26.26,1029.437,40.662,9.41,0.0,0.0,0.0,0.0,0.0
531.091,26.26,1029.46,40.742,9.45,0.0,0.0,0.0,0.0,0.0
531.203,26.24,1029.425,40.615,9.51,0.0,0.0,0.0,0.0,0.0
531.343,26.26,1029.444,40.617,9.66,0.0,0.0,0.0,0.0,0.0
531.45,26.22,1029.377,40.603,9.58,0.0,0.0,0.0,0.0,0.0
531.536,26.16,1029.278,40.598,9.5,0.0,0.0,0.0,0.0,0.0
531.65,26.17,1029.278,40.598,9.45,0.0,0.0,0.0,0.0,0.0
531.819,26.2,1029.329,40.611,9.49,0.0,0.0,0.0,0.0,0.0
531.928,26.26,1029.37,40.526,9.52,0.0,0.0,0.0,0.0,0.0
531.988,26.18,1029.223,40.644,9.38,0.0,0.0,0.0,0.0,0.0
532.095,26.18,1029.23,40.576,9.32,0.0,0.0,0.0,0.0,0.0
532.199,26.19,1029.223,40.577,9.28,0.0,0.0,0.0,0.0,0.0
532.459,26.17,1029.233,40.632,9.2,0.0,0.0,0.0,0.0,0.0
532.6,26.27,1029.407,40.55,9.35,0.0,0.0,0.0,0.0,0.0
532.709,26.27,1029.376,40.494,9.34,0.0,0.0,0.0,0.0,0.0
532.845,26.17,1029.207,40.586,9.22,0.0,0.0,0.0,0.0,0.0
532.959,26.17,1029.203,40.552,9.31,0.0,0.0,0.0,0.0,0.0
533.043,26.28,1029.397,40.54,9.36,0.0,0.0,0.0,0.0,0.0
533.178,26.26,1029.356,40.64,9.37,0.0,0.0,0.0,0.0,0.0
533.238,26.24,1029.307,40.559,9.39,0.0,0.0,0.0,0.0,0.0
533.373,26.26,1029.324,40.558,9.38,0.0,0.0,0.0,0.0,0.0
533.545,26.22,1029.25,40.545,9.29,0.0,0.0,0.0,0.0,0.0
533.688,26.22,1029.267,40.614,9.32,0.0,0.0,0.0,0.0,0.0
533.832,26.21,1029.235,40.545,9.37,0.0,0.0,0.0,0.0,0.0
533.898,26.24,1029.327,40.604,9.29,0.0,0.0,0.0,0.0,0.0
533.986,26.25,1029.312,40.604,9.39,0.0,0.0,0.0,0.0,0.0
534.117,26.24,1029.307,40.514,9.32,0.0,0.0,0.0,0.0,0.0
534.19,26.26,1029.361,40.492,9.41,0.0,0.0,0.0,0.0,0.0
534.348,26.28,1029.386,40.518,9.55,0.0,0.0,0.0,0.0,0.0
534.437,26.28,1029.357,40.45,9.54,0.0,0.0,0.0,0.0,0.0
534.854,26.25,1029.277,40.515,9.61,0.0,0.0,0.0,0.0,0.0
535.101,26.2,1029.238,40.518,9.31,0.0,0.0,0.0,0.0,0.0
535.188,26.26,1029.289,40.492,9.36,0.0,0.0,0.0,0.0,0.0
535.397,26.26,1029.282,40.526,8.99,0.0,0.0,0.0,0.0,0.0
535.495,26.24,1029.228,40.593,8.9,0.0,0.0,0.0,0.0,0.0
535.626,26.24,1029.237,40.514,8.93,0.0,0.0,0.0,0.0,0.0
535.706,26.23,1029.252,40.547,9.02,0.0,0.0,0.0,0.0,0.0
535.867,26.21,1029.199,40.521,9.11,0.0,0.0,0.0,0.0,0.0
536.069,26.28,1029.419,40.574,9.3,0.0,0.0,0.0,0.0,0.0
536.266,26.31,1029.451,40.53,9.47,0.0,0.0,0.0,0.0,0.0
536.352,26.3,1029.432,40.542,9.6,0.0,0.0,0.0,0.0,0.0
536.439,26.3,1029.444,40.599,9.58,0.0,0.0,0.0,0.0,0.0
536.572,26.31,1029.446,40.53,9.57,0.0,0.0,0.0,0.0,0.0
536.709,26.28,1029.4,40.46,9.61,0.0,0.0,0.0,0.0,0.0
536.797,26.27,1029.342,40.539,9.63,0.0,0.0,0.0,0.0,0.0
536.91,26.22,1029.334,40.512,9.81,0.0,0.0,0.0,0.0,0.0
537.019,26.24,1029.366,40.502,9.83,0.0,0.0,0.0,0.0,0.0
537.099,26.24,1029.4,40.514,9.83,0.0,0.0,0.0,0.0,0.0
537.186,26.26,1029.392,40.516,9.85,0.0,0.0,0.0,0.0,0.0
537.298,26.25,1029.384,40.503,9.83,0.0,0.0,0.0,0.0,0.0
537.391,26.26,1029.406,40.526,9.8,0.0,0.0,0.0,0.0,0.0
537.512,26.26,1029.43,40.504,9.81,0.0,0.0,0.0,0.0,0.0
537.762,26.3,1029.447,40.417,9.57,0.0,0.0,0.0,0.0,0.0
537.963,26.22,1029.259,40.5,9.44,0.0,0.0,0.0,0.0,0.0
538.069,26.22,1029.252,40.501,9.44,0.0,0.0,0.0,0.0,0.0
538.155,26.21,1029.226,40.534,9.34,0.0,0.0,0.0,0.0,0.0
538.242,26.22,1029.249,40.522,9.19,0.0,0.0,0.0,0.0,0.0
538.388,26.21,1029.236,40.511,9.32,0.0,0.0,0.0,0.0,0.0
538.544,26.22,1029.26,40.454,9.3,0.0,0.0,0.0,0.0,0.0
538.598,26.32,1029.43,40.441,9.4,0.0,0.0,0.0,0.0,0.0
538.696,26.3,1029.378,40.54,9.41,0.0,0.0,0.0,0.0,0.0
538.843,26.28,1029.315,40.507,9.47,0.0,0.0,0.0,0.0,0.0
538.888,26.26,1029.283,40.47,9.45,0.0,0.0,0.0,0.0,0.0
539.056,26.27,1029.297,40.459,9.58,0.0,0.0,0.0,0.0,0.0
539.139,26.26,1029.275,40.481,9.71,0.0,0.0,0.0,0.0,0.0
539.257,26.28,1029.359,40.416,9.71,0.0,0.0,0.0,0.0,0.0
539.358,26.31,1029.385,40.451,9.57,0.0,0.0,0.0,0.0,0.0
539.443,26.31,1029.369,40.451,9.57,0.0,0.0,0.0,0.0,0.0
539.551,26.3,1029.339,40.542,9.65,0.0,0.0,0.0,0.0,0.0
539.638,26.31,1029.348,40.44,9.47,0.0,0.0,0.0,0.0,0.0
539.775,26.33,1029.387,40.409,9.32,0.0,0.0,0.0,0.0,0.0
539.839,26.34,1029.403,40.534,9.23,0.0,0.0,0.0,0.0,0.0
539.974,26.34,1029.359,40.454,9.29,0.0,0.0,0.0,0.0,0.0
540.105,26.34,1029.384,40.363,9.1,0.0,0.0,0.0,0.0,0.0
540.196,26.32,1029.321,40.465,8.9,0.0,0.0,0.0,0.0,0.0
540.299,26.24,1029.219,40.445,8.98,0.0,0.0,0.0,0.0,0.0
540.419,26.24,1029.201,40.435,9.04,0.0,0.0,0.0,0.0,0.0
540.549,26.24,1029.204,40.516,8.98,0.0,0.0,0.0,0.0,0.0
540.697,26.34,1029.349,40.443,9.11,0.0,0.0,0.0,0.0,0.0
540.859,26.29,1029.256,40.438,9.23,0.0,0.0,0.0,0.0,0.0
541.004,26.34,1029.295,40.443,9.32,0.0,0.0,0.0,0.0,0.0
541.138,26.32,1029.339,40.441,9.42,0.0,0.0,0.0,0.0,0.0
541.249,26.35,1029.33,40.409,9.44,0.0,0.0,0.0,0.0,0.0
541.337,26.26,1029.219,40.492,9.28,0.0,0.0,0.0,0.0,0.0
541.442,26.25,1029.211,40.459,9.39,0.0,0.0,0.0,0.0,0.0
541.588,26.26,1029.223,40.368,9.34,0.0,0.0,0.0,0.0,0.0
541.694,26.26,1029.183,40.391,9.46,0.0,0.0,0.0,0.0,0.0
541.798,26.36,1029.426,40.433,9.36,0.0,0.0,0.0,0.0,0.0
541.895,26.35,1029.386,40.388,9.39,0.0,0.0,0.0,0.0,0.0
542.024,26.36,1029.428,40.422,9.46,0.0,0.0,0.0,0.0,0.0
542.196,26.34,1029.363,40.409,9.45,0.0,0.0,0.0,0.0,0.0
542.441,26.27,1029.233,40.403,9.55,0.0,0.0,0.0,0.0,0.0
542.557,26.33,1029.32,40.397,9.54,0.0,0.0,0.0,0.0,0.0
542.75,26.31,1029.369,40.418,9.61,0.0,0.0,0.0,0.0,0.0
542.882,26.31,1029.35,40.372,9.58,0.0,0.0,0.0,0.0,0.0
542.947,26.32,1029.391,40.361,9.6,0.0,0.0,0.0,0.0,0.0
543.055,26.33,1029.372,40.419,9.49,0.0,0.0,0.0,0.0,0.0
543.145,26.35,1029.437,40.399,9.52,0.0,0.0,0.0,0.0,0.0
543.287,26.36,1029.438,40.343,9.42,0.0,0.0,0.0,0.0,0.0
543.394,26.37,1029.397,40.355,9.45,0.0,0.0,0.0,0.0,0.0
543.558,26.26,1029.22,40.402,9.47,0.0,0.0,0.0,0.0,0.0
543.702,26.38,1029.438,40.413,9.38,0.0,0.0,0.0,0.0,0.0
543.79,26.38,1029.368,40.391,9.37,0.0,0.0,0.0,0.0,0.0
543.896,26.28,1029.26,40.404,9.25,0.0,0.0,0.0,0.0,0.0
544.023,26.28,1029.277,40.325,9.41,0.0,0.0,0.0,0.0,0.0
544.146,26.29,1029.278,40.358,9.37,0.0,0.0,0.0,0.0,0.0
544.25,26.38,1029.371,40.367,9.44,0.0,0.0,0.0,0.0,0.0
544.337,26.32,1029.277,40.361,9.37,0.0,0.0,0.0,0.0,0.0
544.451,26.29,1029.255,40.348,9.33,0.0,0.0,0.0,0.0,0.0
544.579,26.32,1029.287,40.317,9.39,0.0,0.0,0.0,0.0,0.0
544.703,26.3,1029.258,40.315,9.27,0.0,0.0,0.0,0.0,0.0
544.788,26.31,1029.278,40.35,9.28,0.0,0.0,0.0,0.0,0.0
544.898,26.35,1029.375,40.274,9.27,0.0,0.0,0.0,0.0,0.0
545.008,26.35,1029.405,40.297,9.21,0.0,0.0,0.0,0.0,0.0
545.094,26.37,1029.387,40.344,9.28,0.0,0.0,0.0,0.0,0.0
545.26,26.39,1029.436,40.334,9.38,0.0,0.0,0.0,0.0,0.0
545.444,26.39,1029.389,40.414,9.47,0.0,0.0,0.0,0.0,0.0
545.531,26.3,1029.283,40.395,9.37,0.0,0.0,0.0,0.0,0.0
545.645,26.37,1029.368,40.355,9.48,0.0,0.0,0.0,0.0,0.0
545.76,26.37,1029.35,40.355,9.58,0.0,0.0,0.0,0.0,0.0
545.865,26.3,1029.278,40.338,9.54,0.0,0.0,0.0,0.0,0.0
545.95,26.32,1029.318,40.339,9.57,0.0,0.0,0.0,0.0,0.0
546.056,26.32,1029.33,40.328,9.61,0.0,0.0,0.0,0.0,0.0
546.145,26.32,1029.334,40.328,9.63,0.0,0.0,0.0,0.0,0.0
546.254,26.32,1029.309,40.328,9.73,0.0,0.0,0.0,0.0,0.0
546.363,26.34,1029.361,40.319,9.67,0.0,0.0,0.0,0.0,0.0
546.509,26.36,1029.389,40.298,9.7,0.0,0.0,0.0,0.0,0.0
546.597,26.4,1029.412,40.233,9.68,0.0,0.0,0.0,0.0,0.0
546.736,26.34,1029.293,40.33,9.52,0.0,0.0,0.0,0.0,0.0
546.898,26.39,1029.404,40.311,9.61,0.0,0.0,0.0,0.0,0.0
547.005,26.4,1029.361,40.244,9.5,0.0,0.0,0.0,0.0,0.0
547.152,26.32,1029.25,40.283,9.42,0.0,0.0,0.0,0.0,0.0
547.238,26.32,1029.234,40.294,9.26,0.0,0.0,0.0,0.0,0.0
547.344,26.41,1029.415,40.245,9.21,0.0,0.0,0.0,0.0,0.0
547.455,26.41,1029.422,40.279,9.2,0.0,0.0,0.0,0.0,0.0
547.549,26.41,1029.408,40.358,9.09,0.0,0.0,0.0,0.0,0.0
547.661,26.41,1029.358,40.279,9.18,0.0,0.0,0.0,0.0,0.0
547.771,26.39,1029.35,40.266,9.17,0.0,0.0,0.0,0.0,0.0
548.006,26.33,1029.218,40.283,9.3,0.0,0.0,0.0,0.0,0.0
548.098,26.38,1029.329,40.288,9.32,0.0,0.0,0.0,0.0,0.0
548.209,26.36,1029.33,40.264,9.41,0.0,0.0,0.0,0.0,0.0
548.294,26.38,1029.329,40.311,9.49,0.0,0.0,0.0,0.0,0.0
548.42,26.38,1029.353,40.334,9.55,0.0,0.0,0.0,0.0,0.0
548.488,26.38,1029.375,40.277,9.57,0.0,0.0,0.0,0.0,0.0
548.596,26.39,1029.378,40.324,9.6,0.0,0.0,0.0,0.0,0.0
548.703,26.4,1029.401,40.165,9.6,0.0,0.0,0.0,0.0,0.0
548.893,26.41,1029.419,40.245,9.57,0.0,0.0,0.0,0.0,0.0
548.959,26.42,1029.374,40.269,9.53,0.0,0.0,0.0,0.0,0.0
549.041,26.34,1029.25,40.273,9.51,0.0,0.0,0.0,0.0,0.0
549.15,26.32,1029.217,40.295,9.5,0.0,0.0,0.0,0.0,0.0
549.253,26.32,1029.221,40.272,9.46,0.0,0.0,0.0,0.0,0.0
549.35,26.34,1029.254,40.263,9.49,0.0,0.0,0.0,0.0,0.0
549.506,26.33,1029.25,40.262,9.5,0.0,0.0,0.0,0.0,0.0
549.603,26.43,1029.397,40.27,9.55,0.0,0.0,0.0,0.0,0.0
549.687,26.39,1029.335,40.222,9.59,0.0,0.0,0.0,0.0,0.0
549.845,26.38,1029.278,40.221,9.57,0.0,0.0,0.0,0.0,0.0
549.901,26.36,1029.26,40.309,9.46,0.0,0.0,0.0,0.0,0.0
549.988,26.35,1029.222,40.206,9.55,0.0,0.0,0.0,0.0,0.0
550.101,26.36,1029.229,40.287,9.46,0.0,0.0,0.0,0.0,0.0
550.189,26.36,1029.227,40.24,9.54,0.0,0.0,0.0,0.0,0.0
550.296,26.36,1029.227,40.309,9.46,0.0,0.0,0.0,0.0,0.0
550.4,26.34,1029.174,40.239,9.38,0.0,0.0,0.0,0.0,0.0
550.545,26.35,1029.222,40.24,9.33,0.0,0.0,0.0,0.0,0.0
550.678,26.35,1029.2,40.194,9.33,0.0,0.0,0.0,0.0,0.0
550.737,26.44,1029.392,40.271,9.24,0.0,0.0,0.0,0.0,0.0
550.877,26.44,1029.368,40.236,9.17,0.0,0.0,0.0,0.0,0.0
551.01,26.44,1029.374,40.215,9.25,0.0,0.0,0.0,0.0,0.0
551.101,26.43,1029.298,40.225,9.26,0.0,0.0,0.0,0.0,0.0
551.186,26.35,1029.212,40.229,9.21,0.0,0.0,0.0,0.0,0.0
551.294,26.35,1029.233,40.229,9.23,0.0,0.0,0.0,0.0,0.0
551.409,26.36,1029.208,40.229,9.32,0.0,0.0,0.0,0.0,0.0
551.497,26.37,1029.262,40.229,9.38,0.0,0.0,0.0,0.0,0.0
551.599,26.37,1029.238,40.23,9.28,0.0,0.0,0.0,0.0,0.0
551.71,26.38,1029.282,40.231,9.35,0.0,0.0,0.0,0.0,0.0
551.794,26.39,1029.257,40.243,9.34,0.0,0.0,0.0,0.0,0.0
551.904,26.41,1029.302,40.279,9.34,0.0,0.0,0.0,0.0,0.0
552.105,26.41,1029.341,40.155,9.3,0.0,0.0,0.0,0.0,0.0
552.139,26.45,1029.345,40.181,9.28,0.0,0.0,0.0,0.0,0.0
552.262,26.36,1029.201,40.24,9.42,0.0,0.0,0.0,0.0,0.0
552.35,26.35,1029.198,40.206,9.39,0.0,0.0,0.0,0.0,0.0
552.436,26.36,1029.22,40.185,9.33,0.0,0.0,0.0,0.0,0.0
552.55,26.35,1029.19,40.195,9.51,0.0,0.0,0.0,0.0,0.0
552.654,26.36,1029.215,40.173,9.54,0.0,0.0,0.0,0.0,0.0
552.773,26.38,1029.259,40.187,9.47,0.0,0.0,0.0,0.0,0.0
552.886,26.36,1029.204,40.219,9.56,0.0,0.0,0.0,0.0,0.0
553.032,26.4,1029.311,40.199,9.65,0.0,0.0,0.0,0.0,0.0
553.126,26.46,1029.389,40.182,9.75,0.0,0.0,0.0,0.0,0.0
553.214,26.46,1029.38,40.158,9.72,0.0,0.0,0.0,0.0,0.0
553.299,26.43,1029.334,40.202,9.62,0.0,0.0,0.0,0.0,0.0
553.389,26.42,1029.327,40.212,9.66,0.0,0.0,0.0,0.0,0.0
553.601,26.41,1029.268,40.154,9.79,0.0,0.0,0.0,0.0,0.0
553.79,26.41,1029.263,40.154,9.76,0.0,0.0,0.0,0.0,0.0
553.864,26.39,1029.25,40.188,9.61,0.0,0.0,0.0,0.0,0.0
553.937,26.43,1029.36,40.179,9.35,0.0,0.0,0.0,0.0,0.0
554.069,26.47,1029.412,40.194,9.44,0.0,0.0,0.0,0.0,0.0
554.138,26.45,1029.363,40.192,9.37,0.0,0.0,0.0,0.0,0.0
554.305,26.47,1029.429,40.194,9.09,0.0,0.0,0.0,0.0,0.0
554.388,26.47,1029.353,40.104,8.92,0.0,0.0,0.0,0.0,0.0
554.494,26.39,1029.25,40.188,9.04,0.0,0.0,0.0,0.0,0.0
554.641,26.37,1029.206,40.186,9.1,0.0,0.0,0.0,0.0,0.0
554.798,26.47,1029.318,40.172,9.26,0.0,0.0,0.0,0.0,0.0
554.888,26.44,1029.274,40.17,9.22,0.0,0.0,0.0,0.0,0.0
555.182,26.48,1029.371,40.138,9.4,0.0,0.0,0.0,0.0,0.0
555.243,26.43,1029.273,40.168,9.61,0.0,0.0,0.0,0.0,0.0
555.339,26.43,1029.256,40.168,9.73,0.0,0.0,0.0,0.0,0.0
555.441,26.41,1029.212,40.132,9.68,0.0,0.0,0.0,0.0,0.0
555.55,26.41,1029.229,40.088,9.71,0.0,0.0,0.0,0.0,0.0
555.657,26.41,1029.251,40.088,9.77,0.0,0.0,0.0,0.0,0.0
555.75,26.39,1029.187,40.244,9.67,0.0,0.0,0.0,0.0,0.0
555.877,26.39,1029.173,40.176,9.49,0.0,0.0,0.0,0.0,0.0
556.002,26.41,1029.22,40.132,9.39,0.0,0.0,0.0,0.0,0.0
556.087,26.39,1029.189,40.222,9.42,0.0,0.0,0.0,0.0,0.0
556.245,26.49,1029.415,40.162,9.45,0.0,0.0,0.0,0.0,0.0
556.301,26.49,1029.394,40.253,9.19,0.0,0.0,0.0,0.0,0.0
556.391,26.49,1029.381,40.265,9.1,0.0,0.0,0.0,0.0,0.0
556.578,26.48,1029.367,40.185,9.1,0.0,0.0,0.0,0.0,0.0
556.696,26.47,1029.281,40.172,9.18,0.0,0.0,0.0,0.0,0.0
556.83,26.41,1029.244,40.117,9.02,0.0,0.0,0.0,0.0,0.0
556.985,26.46,1029.297,40.092,9.21,0.0,0.0,0.0,0.0,0.0
557.052,26.44,1029.264,40.136,9.23,0.0,0.0,0.0,0.0,0.0
557.139,26.42,1029.255,40.122,9.24,0.0,0.0,0.0,0.0,0.0
557.276,26.44,1029.283,40.136,9.25,0.0,0.0,0.0,0.0,0.0
557.355,26.45,1029.325,40.113,9.36,0.0,0.0,0.0,0.0,0.0
557.474,26.47,1029.383,40.127,9.49,0.0,0.0,0.0,0.0,0.0
557.556,26.47,1029.375,40.138,9.52,0.0,0.0,0.0,0.0,0.0
557.666,26.49,1029.421,40.208,9.53,0.0,0.0,0.0,0.0,0.0
557.807,26.49,1029.391,40.151,9.56,0.0,0.0,0.0,0.0,0.0
557.894,26.51,1029.423,40.085,9.64,0.0,0.0,0.0,0.0,0.0
557.999,26.39,1029.224,40.086,9.65,0.0,0.0,0.0,0.0,0.0
558.109,26.41,1029.268,40.132,9.59,0.0,0.0,0.0,0.0,0.0
558.2,26.42,1029.288,40.133,9.67,0.0,0.0,0.0,0.0,0.0
558.313,26.41,1029.296,40.166,9.61,0.0,0.0,0.0,0.0,0.0
558.468,26.43,1029.333,40.101,9.66,0.0,0.0,0.0,0.0,0.0
558.54,26.44,1029.358,40.101,9.68,0.0,0.0,0.0,0.0,0.0
558.693,26.5,1029.374,40.061,9.8,0.0,0.0,0.0,0.0,0.0
558.836,26.45,1029.379,40.102,9.93,0.0,0.0,0.0,0.0,0.0
558.968,26.52,1029.418,40.131,9.73,0.0,0.0,0.0,0.0,0.0
559.038,26.47,1029.335,40.081,9.64,0.0,0.0,0.0,0.0,0.0
559.143,26.46,1029.305,40.125,9.74,0.0,0.0,0.0,0.0,0.0
559.287,26.44,1029.283,40.079,9.77,0.0,0.0,0.0,0.0,0.0
559.395,26.45,1029.285,40.057,9.59,0.0,0.0,0.0,0.0,0.0
559.503,26.5,1029.4,40.062,9.52,0.0,0.0,0.0,0.0,0.0
559.616,26.52,1029.401,40.074,9.46,0.0,0.0,0.0,0.0,0.0
559.702,26.52,1029.391,40.097,9.35,0.0,0.0,0.0,0.0,0.0
559.79,26.53,1029.423,40.223,9.27,0.0,0.0,0.0,0.0,0.0
559.951,26.54,1029.393,40.087,9.25,0.0,0.0,0.0,0.0,0.0
560.039,26.51,1029.333,40.188,9.12,0.0,0.0,0.0,0.0,0.0
560.144,26.44,1029.247,40.09,9.23,0.0,0.0,0.0,0.0,0.0
560.251,26.44,1029.229,40.021,9.26,0.0,0.0,0.0,0.0,0.0
560.35,26.43,1029.199,40.089,9.26,0.0,0.0,0.0,0.0,0.0
560.538,26.45,1029.229,40.09,9.27,0.0,0.0,0.0,0.0,0.0
560.643,26.48,1029.258,40.081,9.28,0.0,0.0,0.0,0.0,0.0
560.758,26.45,1029.218,40.08,9.23,0.0,0.0,0.0,0.0,0.0
560.847,26.46,1029.225,40.08,9.19,0.0,0.0,0.0,0.0,0.0
561.006,26.5,1029.296,40.061,9.18,0.0,0.0,0.0,0.0,0.0
561.119,26.54,1029.312,40.109,9.29,0.0,0.0,0.0,0.0,0.0
561.22,26.46,1029.178,40.092,9.21,0.0,0.0,0.0,0.0,0.0
561.308,26.44,1029.181,40.124,9.12,0.0,0.0,0.0,0.0,0.0
561.441,26.43,1029.159,40.135,9.2,0.0,0.0,0.0,0.0,0.0
561.488,26.44,1029.188,40.033,9.24,0.0,0.0,0.0,0.0,0.0
561.643,26.46,1029.219,40.16,9.32,0.0,0.0,0.0,0.0,0.0
561.758,26.44,1029.179,40.135,9.42,0.0,0.0,0.0,0.0,0.0
561.846,26.55,1029.385,40.054,9.42,0.0,0.0,0.0,0.0,0.0
561.952,26.55,1029.388,40.134,9.49,0.0,0.0,0.0,0.0,0.0
562.039,26.55,1029.359,40.042,9.61,0.0,0.0,0.0,0.0,0.0
562.2,26.51,1029.318,40.107,9.68,0.0,0.0,0.0,0.0,0.0
562.239,26.51,1029.341,40.074,9.73,0.0,0.0,0.0,0.0,0.0
562.347,26.5,1029.29,40.038,9.76,0.0,0.0,0.0,0.0,0.0
562.517,26.53,1029.358,40.04,9.7,0.0,0.0,0.0,0.0,0.0
562.627,26.51,1029.317,40.063,9.87,0.0,0.0,0.0,0.0,0.0
562.718,26.51,1029.319,40.029,9.83,0.0,0.0,0.0,0.0,0.0
562.791,26.54,1029.39,40.053,9.72,0.0,0.0,0.0,0.0,0.0
562.924,26.54,1029.375,40.133,9.67,0.0,0.0,0.0,0.0,0.0
562.991,26.53,1029.348,40.04,9.66,0.0,0.0,0.0,0.0,0.0
563.096,26.53,1029.324,40.075,9.57,0.0,0.0,0.0,0.0,0.0
563.2,26.55,1029.338,40.109,9.44,0.0,0.0,0.0,0.0,0.0
563.362,26.56,1029.352,40.157,9.17,0.0,0.0,0.0,0.0,0.0
563.457,26.57,1029.33,39.999,9.15,0.0,0.0,0.0,0.0,0.0
563.543,26.47,1029.215,40.115,9.02,0.0,0.0,0.0,0.0,0.0
563.672,26.46,1029.18,39.967,8.93,0.0,0.0,0.0,0.0,0.0
563.738,26.45,1029.172,40.012,8.9,0.0,0.0,0.0,0.0,0.0
563.846,26.47,1029.2,40.07,8.85,0.0,0.0,0.0,0.0,0.0
563.989,26.48,1029.236,40.025,8.89,0.0,0.0,0.0,0.0,0.0
564.123,26.47,1029.207,40.021,8.96,0.0,0.0,0.0,0.0,0.0
564.208,26.54,1029.274,40.042,9.03,0.0,0.0,0.0,0.0,0.0
564.296,26.52,1029.252,40.018,9.19,0.0,0.0,0.0,0.0,0.0
564.399,26.52,1029.248,40.063,9.28,0.0,0.0,0.0,0.0,0.0
564.489,26.5,1029.259,40.038,9.27,0.0,0.0,0.0,0.0,0.0
564.597,26.51,1029.253,40.097,9.4,0.0,0.0,0.0,0.0,0.0
564.729,26.5,1029.209,40.004,9.43,0.0,0.0,0.0,0.0,0.0
564.867,26.48,1029.193,39.991,9.68,0.0,0.0,0.0,0.0,0.0
564.939,26.47,1029.194,40.048,9.68,0.0,0.0,0.0,0.0,0.0
565.064,26.56,1029.378,40.066,9.8,0.0,0.0,0.0,0.0,0.0
565.173,26.57,1029.422,40.011,9.74,0.0,0.0,0.0,0.0,0.0
565.238,26.58,1029.428,39.967,9.82,0.0,0.0,0.0,0.0,0.0
565.354,26.58,1029.42,39.978,9.69,0.0,0.0,0.0,0.0,0.0
565.438,26.58,1029.433,40.012,9.73,0.0,0.0,0.0,0.0,0.0
565.543,26.57,1029.401,39.954,9.7,0.0,0.0,0.0,0.0,0.0
565.69,26.56,1029.367,39.92,9.6,0.0,0.0,0.0,0.0,0.0
565.799,26.58,1029.412,40.001,9.52,0.0,0.0,0.0,0.0,0.0
565.937,26.48,1029.256,39.971,9.47,0.0,0.0,0.0,0.0,0.0
566.099,26.58,1029.4,40.023,9.42,0.0,0.0,0.0,0.0,0.0
566.189,26.55,1029.309,39.997,9.39,0.0,0.0,0.0,0.0,0.0
566.312,26.51,1029.313,39.994,9.33,0.0,0.0,0.0,0.0,0.0
566.402,26.53,1029.364,39.984,9.39,0.0,0.0,0.0,0.0,0.0
566.564,26.55,1029.354,39.997,9.25,0.0,0.0,0.0,0.0,0.0
566.661,26.59,1029.37,39.967,9.3,0.0,0.0,0.0,0.0,0.0
566.747,26.49,1029.243,39.913,9.32,0.0,0.0,0.0,0.0,0.0
566.853,26.49,1029.25,39.97,9.42,0.0,0.0,0.0,0.0,0.0
566.957,26.49,1029.24,39.958,9.49,0.0,0.0,0.0,0.0,0.0
567.047,26.49,1029.234,40.083,9.41,0.0,0.0,0.0,0.0,0.0
567.156,26.49,1029.231,39.947,9.53,0.0,0.0,0.0,0.0,0.0
567.245,26.51,1029.306,39.972,9.65,0.0,0.0,0.0,0.0,0.0
567.429,26.49,1029.21,40.026,9.72,0.0,0.0,0.0,0.0,0.0
567.496,26.51,1029.294,39.982,9.62,0.0,0.0,0.0,0.0,0.0
567.601,26.6,1029.403,39.979,9.73,0.0,0.0,0.0,0.0,0.0
567.69,26.58,1029.344,39.989,9.73,0.0,0.0,0.0,0.0,0.0
567.795,26.56,1029.317,39.996,9.77,0.0,0.0,0.0,0.0,0.0
567.907,26.55,1029.264,39.939,9.68,0.0,0.0,0.0,0.0,0.0
568.05,26.5,1029.19,39.937,9.6,0.0,0.0,0.0,0.0,0.0
568.14,26.55,1029.248,39.963,9.5,0.0,0.0,0.0,0.0,0.0
568.243,26.55,1029.291,39.974,9.4,0.0,0.0,0.0,0.0,0.0
568.353,26.57,1029.291,39.908,9.46,0.0,0.0,0.0,0.0,0.0
568.437,26.56,1029.315,39.954,9.32,0.0,0.0,0.0,0.0,0.0
568.553,26.58,1029.332,39.955,9.26,0.0,0.0,0.0,0.0,0.0
568.64,26.58,1029.312,39.967,9.19,0.0,0.0,0.0,0.0,0.0
568.749,26.6,1029.36,39.969,9.01,0.0,0.0,0.0,0.0,0.0
568.888,26.61,1029.331,39.936,8.9,0.0,0.0,0.0,0.0,0.0
568.997,26.61,1029.323,39.924,8.94,0.0,0.0,0.0,0.0,0.0
569.1,26.53,1029.185,40.007,8.97,0.0,0.0,0.0,0.0,0.0
569.19,26.51,1029.149,39.916,9.05,0.0,0.0,0.0,0.0,0.0
569.35,26.51,1029.17,39.949,9.08,0.0,0.0,0.0,0.0,0.0
569.497,26.61,1029.301,39.958,8.95,0.0,0.0,0.0,0.0,0.0
569.61,26.6,1029.259,39.944,9.17,0.0,0.0,0.0,0.0,0.0
569.745,26.54,1029.228,39.929,9.25,0.0,0.0,0.0,0.0,0.0
569.859,26.62,1029.332,39.913,9.34,0.0,0.0,0.0,0.0,0.0
569.944,26.52,1029.18,39.904,9.36,0.0,0.0,0.0,0.0,0.0
570.053,26.55,1029.227,39.975,9.34,0.0,0.0,0.0,0.0,0.0
570.155,26.55,1029.253,39.986,9.45,0.0,0.0,0.0,0.0,0.0
570.249,26.53,1029.209,40.007,9.41,0.0,0.0,0.0,0.0,0.0
570.357,26.55,1029.241,40.02,9.56,0.0,0.0,0.0,0.0,0.0
570.47,26.52,1029.191,39.949,9.55,0.0,0.0,0.0,0.0,0.0
570.608,26.54,1029.265,39.826,9.61,0.0,0.0,0.0,0.0,0.0
570.696,26.52,1029.211,39.802,9.6,0.0,0.0,0.0,0.0,0.0
570.911,26.63,1029.443,40.039,9.68,0.0,0.0,0.0,0.0,0.0
571.006,26.63,1029.413,39.879,9.75,0.0,0.0,0.0,0.0,0.0
571.124,26.63,1029.442,39.982,9.66,0.0,0.0,0.0,0.0,0.0
571.252,26.59,1029.353,39.989,9.76,0.0,0.0,0.0,0.0,0.0
571.339,26.56,1029.271,39.907,9.82,0.0,0.0,0.0,0.0,0.0
571.443,26.55,1029.287,39.906,9.69,0.0,0.0,0.0,0.0,0.0
571.552,26.55,1029.288,39.906,9.71,0.0,0.0,0.0,0.0,0.0
571.665,26.55,1029.307,39.906,9.7,0.0,0.0,0.0,0.0,0.0
571.787,26.57,1029.345,39.908,9.78,0.0,0.0,0.0,0.0,0.0
571.837,26.58,1029.356,39.91,9.6,0.0,0.0,0.0,0.0,0.0
571.948,26.58,1029.325,39.888,9.47,0.0,0.0,0.0,0.0,0.0
572.089,26.61,1029.365,39.936,9.39,0.0,0.0,0.0,0.0,0.0
572.214,26.64,1029.353,39.926,9.33,0.0,0.0,0.0,0.0,0.0
572.303,26.55,1029.218,39.906,9.39,0.0,0.0,0.0,0.0,0.0
572.414,26.55,1029.236,39.85,9.28,0.0,0.0,0.0,0.0,0.0
572.51,26.56,1029.26,39.828,9.18,0.0,0.0,0.0,0.0,0.0
572.592,26.54,1029.214,39.895,9.3,0.0,0.0,0.0,0.0,0.0
572.699,26.55,1029.255,39.896,9.49,0.0,0.0,0.0,0.0,0.0
572.809,26.54,1029.224,39.85,9.49,0.0,0.0,0.0,0.0,0.0
572.945,26.54,1029.23,39.883,9.45,0.0,0.0,0.0,0.0,0.0
573.059,26.55,1029.242,39.918,9.49,0.0,0.0,0.0,0.0,0.0
573.152,26.65,1029.386,39.825,9.63,0.0,0.0,0.0,0.0,0.0
573.262,26.63,1029.352,39.88,9.64,0.0,0.0,0.0,0.0,0.0
573.339,26.59,1029.278,39.842,9.61,0.0,0.0,0.0,0.0,0.0
573.559,26.55,1029.203,39.884,9.42,0.0,0.0,0.0,0.0,0.0
573.67,26.57,1029.202,39.874,9.29,0.0,0.0,0.0,0.0,0.0
573.808,26.59,1029.19,39.854,9.37,0.0,0.0,0.0,0.0,0.0
573.898,26.57,1029.151,39.852,9.27,0.0,0.0,0.0,0.0,0.0
574.023,26.62,1029.319,39.846,9.16,0.0,0.0,0.0,0.0,0.0
574.091,26.63,1029.339,39.823,9.08,0.0,0.0,0.0,0.0,0.0
574.226,26.64,1029.315,39.857,9.08,0.0,0.0,0.0,0.0,0.0
574.291,26.66,1029.363,39.78,9.04,0.0,0.0,0.0,0.0,0.0
574.416,26.66,1029.374,39.849,9.15,0.0,0.0,0.0,0.0,0.0
574.502,26.66,1029.369,39.86,9.26,0.0,0.0,0.0,0.0,0.0
574.663,26.66,1029.353,39.894,9.11,0.0,0.0,0.0,0.0,0.0
574.756,26.66,1029.319,39.883,9.22,0.0,0.0,0.0,0.0,0.0
574.839,26.56,1029.168,39.84,9.29,0.0,0.0,0.0,0.0,0.0
574.958,26.56,1029.176,39.829,9.41,0.0,0.0,0.0,0.0,0.0
575.117,26.56,1029.19,39.798,9.46,0.0,0.0,0.0,0.0,0.0
575.206,26.66,1029.309,39.86,9.62,0.0,0.0,0.0,0.0,0.0
575.312,26.62,1029.277,39.811,9.58,0.0,0.0,0.0,0.0,0.0
575.446,26.6,1029.202,39.844,9.44,0.0,0.0,0.0,0.0,0.0
575.504,26.59,1029.223,39.91,9.55,0.0,0.0,0.0,0.0,0.0
575.596,26.58,1029.201,39.864,9.51,0.0,0.0,0.0,0.0,0.0
575.699,26.59,1029.211,39.842,9.5,0.0,0.0,0.0,0.0,0.0
575.79,26.58,1029.197,39.785,9.39,0.0,0.0,0.0,0.0,0.0
575.916,26.59,1029.235,39.921,9.35,0.0,0.0,0.0,0.0,0.0
576.029,26.57,1029.191,39.852,9.36,0.0,0.0,0.0,0.0,0.0
576.146,26.61,1029.256,39.946,9.38,0.0,0.0,0.0,0.0,0.0
576.256,26.58,1029.204,39.853,9.42,0.0,0.0,0.0,0.0,0.0
576.346,26.67,1029.42,39.782,9.37,0.0,0.0,0.0,0.0,0.0
576.49,26.68,1029.403,39.794,9.34,0.0,0.0,0.0,0.0,0.0
576.617,26.68,1029.405,39.827,9.46,0.0,0.0,0.0,0.0,0.0
576.76,26.67,1029.341,39.747,9.39,0.0,0.0,0.0,0.0,0.0
576.847,26.6,1029.259,39.786,9.5,0.0,0.0,0.0,0.0,0.0
576.988,26.63,1029.29,39.823,9.64,0.0,0.0,0.0,0.0,0.0
577.098,26.63,1029.309,39.823,9.59,0.0,0.0,0.0,0.0,0.0
577.202,26.61,1029.297,39.811,9.61,0.0,0.0,0.0,0.0,0.0
577.29,26.62,1029.345,39.812,9.73,0.0,0.0,0.0,0.0,0.0
577.4,26.62,1029.34,39.822,9.7,0.0,0.0,0.0,0.0,0.0
577.488,26.63,1029.339,39.789,9.73,0.0,0.0,0.0,0.0,0.0
577.594,26.64,1029.344,39.881,9.68,0.0,0.0,0.0,0.0,0.0
577.7,26.66,1029.351,39.849,9.57,0.0,0.0,0.0,0.0,0.0
577.844,26.67,1029.377,39.86,9.46,0.0,0.0,0.0,0.0,0.0
577.952,26.69,1029.308,39.851,9.44,0.0,0.0,0.0,0.0,0.0
578.038,26.61,1029.227,39.72,9.35,0.0,0.0,0.0,0.0,0.0
578.154,26.59,1029.251,39.854,9.44,0.0,0.0,0.0,0.0,0.0
578.239,26.61,1029.26,39.675,9.29,0.0,0.0,0.0,0.0,0.0
578.346,26.59,1029.233,39.785,9.22,0.0,0.0,0.0,0.0,0.0
578.489,26.63,1029.285,39.766,9.11,0.0,0.0,0.0,0.0,0.0
578.599,26.63,1029.277,39.857,9.21,0.0,0.0,0.0,0.0,0.0
578.704,26.69,1029.358,39.784,9.24,0.0,0.0,0.0,0.0,0.0
578.822,26.67,1029.382,39.781,9.26,0.0,0.0,0.0,0.0,0.0
578.94,26.65,1029.219,39.826,9.24,0.0,0.0,0.0,0.0,0.0
578.992,26.62,1029.193,39.788,9.38,0.0,0.0,0.0,0.0,0.0
579.147,26.65,1029.241,39.79,9.46,0.0,0.0,0.0,0.0,0.0
579.21,26.62,1029.162,39.788,9.42,0.0,0.0,0.0,0.0,0.0
579.346,26.62,1029.199,39.812,9.58,0.0,0.0,0.0,0.0,0.0
579.46,26.62,1029.204,39.8,9.59,0.0,0.0,0.0,0.0,0.0
579.583,26.67,1029.32,39.793,9.61,0.0,0.0,0.0,0.0,0.0
579.653,26.68,1029.35,39.76,9.61,0.0,0.0,0.0,0.0,0.0
579.762,26.68,1029.357,39.771,9.62,0.0,0.0,0.0,0.0,0.0
579.851,26.7,1029.41,39.671,9.69,0.0,0.0,0.0,0.0,0.0
579.94,26.7,1029.406,39.705,9.64,0.0,0.0,0.0,0.0,0.0
580.066,26.71,1029.393,39.83,9.62,0.0,0.0,0.0,0.0,0.0
580.232,26.71,1029.405,39.648,9.6,0.0,0.0,0.0,0.0,0.0
580.295,26.71,1029.313,39.751,9.5,0.0,0.0,0.0,0.0,0.0
580.401,26.63,1029.254,39.801,9.38,0.0,0.0,0.0,0.0,0.0
580.488,26.62,1029.229,39.777,9.39,0.0,0.0,0.0,0.0,0.0
580.6,26.63,1029.254,39.755,9.38,0.0,0.0,0.0,0.0,0.0
580.71,26.63,1029.236,39.755,9.35,0.0,0.0,0.0,0.0,0.0
580.855,26.65,1029.251,39.746,9.3,0.0,0.0,0.0,0.0,0.0
580.943,26.71,1029.33,39.694,9.19,0.0,0.0,0.0,0.0,0.0
581.092,26.66,1029.237,39.77,9.19,0.0,0.0,0.0,0.0,0.0
581.153,26.63,1029.184,39.676,9.24,0.0,0.0,0.0,0.0,0.0
581.24,26.64,1029.186,39.802,9.16,0.0,0.0,0.0,0.0,0.0
581.351,26.64,1029.191,39.654,9.2,0.0,0.0,0.0,0.0,0.0
581.439,26.62,1029.149,39.698,9.3,0.0,0.0,0.0,0.0,0.0
581.545,26.63,1029.148,39.755,9.28,0.0,0.0,0.0,0.0,0.0
581.688,26.62,1029.149,39.776,9.44,0.0,0.0,0.0,0.0,0.0
581.837,26.62,1029.161,39.754,9.44,0.0,0.0,0.0,0.0,0.0
581.906,26.72,1029.391,39.707,9.41,0.0,0.0,0.0,0.0,0.0
581.997,26.72,1029.377,39.695,9.48,0.0,0.0,0.0,0.0,0.0
582.105,26.72,1029.374,39.809,9.61,0.0,0.0,0.0,0.0,0.0
582.191,26.72,1029.376,39.74,9.6,0.0,0.0,0.0,0.0,0.0
582.342,26.72,1029.391,39.764,9.55,0.0,0.0,0.0,0.0,0.0
582.424,26.71,1029.315,39.671,9.56,0.0,0.0,0.0,0.0,0.0
582.578,26.7,1029.302,39.728,9.46,0.0,0.0,0.0,0.0,0.0
582.66,26.7,1029.264,39.728,9.57,0.0,0.0,0.0,0.0,0.0
582.854,26.67,1029.284,39.726,9.5,0.0,0.0,0.0,0.0,0.0
582.959,26.68,1029.297,39.714,9.52,0.0,0.0,0.0,0.0,0.0
583.089,26.69,1029.297,39.67,9.41,0.0,0.0,0.0,0.0,0.0
583.154,26.7,1029.322,39.705,9.57,0.0,0.0,0.0,0.0,0.0
583.246,26.7,1029.35,39.694,9.54,0.0,0.0,0.0,0.0,0.0
583.386,26.72,1029.35,39.718,9.55,0.0,0.0,0.0,0.0,0.0
583.495,26.73,1029.307,39.662,9.5,0.0,0.0,0.0,0.0,0.0
583.691,26.64,1029.177,39.723,9.5,0.0,0.0,0.0,0.0,0.0
583.811,26.64,1029.171,39.665,9.5,0.0,0.0,0.0,0.0,0.0
583.891,26.64,1029.144,39.676,9.44,0.0,0.0,0.0,0.0,0.0
583.994,26.65,1029.176,39.7,9.31,0.0,0.0,0.0,0.0,0.0
584.104,26.65,1029.196,39.633,9.23,0.0,0.0,0.0,0.0,0.0
584.245,26.64,1029.177,39.71,9.23,0.0,0.0,0.0,0.0,0.0
584.355,26.65,1029.166,39.742,9.18,0.0,0.0,0.0,0.0,0.0
584.437,26.72,1029.277,39.718,9.08,0.0,0.0,0.0,0.0,0.0
584.572,26.7,1029.248,39.682,8.99,0.0,0.0,0.0,0.0,0.0
584.688,26.69,1029.222,39.737,9.29,0.0,0.0,0.0,0.0,0.0
584.806,26.69,1029.204,39.715,9.28,0.0,0.0,0.0,0.0,0.0
584.939,26.72,1029.282,39.672,9.24,0.0,0.0,0.0,0.0,0.0
585.108,26.74,1029.299,39.675,9.26,0.0,0.0,0.0,0.0,0.0
585.199,26.68,1029.179,39.623,9.25,0.0,0.0,0.0,0.0,0.0
585.361,26.75,1029.357,39.642,9.21,0.0,0.0,0.0,0.0,0.0
585.496,26.75,1029.316,39.698,9.36,0.0,0.0,0.0,0.0,0.0
585.613,26.66,1029.188,39.689,9.27,0.0,0.0,0.0,0.0,0.0
585.746,26.74,1029.324,39.617,9.31,0.0,0.0,0.0,0.0,0.0
585.859,26.73,1029.3,39.673,9.37,0.0,0.0,0.0,0.0,0.0
585.995,26.66,1029.223,39.633,9.54,0.0,0.0,0.0,0.0,0.0
586.059,26.66,1029.257,39.667,9.7,0.0,0.0,0.0,0.0,0.0
586.14,26.68,1029.319,39.68,9.75,0.0,0.0,0.0,0.0,0.0
586.246,26.7,1029.356,39.67,9.8,0.0,0.0,0.0,0.0,0.0
586.36,26.73,1029.421,39.661,9.92,0.0,0.0,0.0,0.0,0.0
586.447,26.71,1029.368,39.671,10.03,0.0,0.0,0.0,0.0,0.0
586.588,26.72,1029.36,39.649,10.1,0.0,0.0,0.0,0.0,0.0
586.697,26.77,1029.373,39.779,10.17,0.0,0.0,0.0,0.0,0.0
586.824,26.69,1029.267,39.602,10.17,0.0,0.0,0.0,0.0,0.0
586.891,26.68,1029.243,39.68,10.05,0.0,0.0,0.0,0.0,0.0
587.051,26.68,1029.231,39.691,9.9,0.0,0.0,0.0,0.0,0.0
587.233,26.76,1029.404,39.652,9.83,0.0,0.0,0.0,0.0,0.0
587.328,26.77,1029.336,39.688,9.74,0.0,0.0,0.0,0.0,0.0
587.464,26.66,1029.185,39.656,9.39,0.0,0.0,0.0,0.0,0.0
587.551,26.67,1029.164,39.577,8.86,0.0,0.0,0.0,0.0,0.0
587.637,26.77,1029.341,39.733,8.87,0.0,0.0,0.0,0.0,0.0
587.754,26.77,1029.323,39.677,8.92,0.0,0.0,0.0,0.0,0.0
587.839,26.74,1029.289,39.64,9.03,0.0,0.0,0.0,0.0,0.0
587.946,26.78,1029.289,39.674,8.99,0.0,0.0,0.0,0.0,0.0
588.088,26.76,1029.231,39.618,8.93,0.0,0.0,0.0,0.0,0.0
588.253,26.74,1029.19,39.629,8.93,0.0,0.0,0.0,0.0,0.0
588.311,26.74,1029.246,39.628,9.02,0.0,0.0,0.0,0.0,0.0
588.396,26.75,1029.229,39.618,9.11,0.0,0.0,0.0,0.0,0.0
588.589,26.74,1029.222,39.629,9.31,0.0,0.0,0.0,0.0,0.0
588.723,26.74,1029.187,39.583,9.28,0.0,0.0,0.0,0.0,0.0
588.841,26.75,1029.247,39.573,9.24,0.0,0.0,0.0,0.0,0.0
588.945,26.78,1029.221,39.587,9.1,0.0,0.0,0.0,0.0,0.0
589.056,26.7,1029.132,39.683,9.2,0.0,0.0,0.0,0.0,0.0
589.185,26.68,1029.082,39.714,9.05,0.0,0.0,0.0,0.0,0.0
589.271,26.68,1029.083,39.623,9.19,0.0,0.0,0.0,0.0,0.0
589.337,26.69,1029.119,39.58,9.15,0.0,0.0,0.0,0.0,0.0
589.447,26.69,1029.115,39.637,9.03,0.0,0.0,0.0,0.0,0.0
589.539,26.69,1029.114,39.579,9.13,0.0,0.0,0.0,0.0,0.0
589.695,26.69,1029.159,39.58,9.26,0.0,0.0,0.0,0.0,0.0
589.789,26.69,1029.174,39.61,9.29,0.0,0.0,0.0,0.0,0.0
589.895,26.79,1029.299,39.585,9.33,0.0,0.0,0.0,0.0,0.0
590.002,26.76,1029.276,39.652,9.27,0.0,0.0,0.0,0.0,0.0
590.091,26.76,1029.264,39.596,9.42,0.0,0.0,0.0,0.0,0.0
590.202,26.74,1029.235,39.595,9.46,0.0,0.0,0.0,0.0,0.0
590.291,26.72,1029.23,39.65,9.4,0.0,0.0,0.0,0.0,0.0
590.397,26.74,1029.277,39.617,9.59,0.0,0.0,0.0,0.0,0.0
590.5,26.72,1029.263,39.537,9.61,0.0,0.0,0.0,0.0,0.0
590.758,26.71,1029.235,39.523,9.73,0.0,0.0,0.0,0.0,0.0
590.839,26.79,1029.413,39.553,9.83,0.0,0.0,0.0,0.0,0.0
591.005,26.8,1029.447,39.566,9.87,0.0,0.0,0.0,0.0,0.0
591.039,26.81,1029.463,39.532,9.71,0.0,0.0,0.0,0.0,0.0
591.181,26.81,1029.437,39.498,9.73,0.0,0.0,0.0,0.0,0.0
591.25,26.78,1029.375,39.598,9.69,0.0,0.0,0.0,0.0,0.0
591.347,26.79,1029.377,39.531,9.72,0.0,0.0,0.0,0.0,0.0
591.597,26.78,1029.36,39.599,9.79,0.0,0.0,0.0,0.0,0.0
591.703,26.71,1029.309,39.569,9.77,0.0,0.0,0.0,0.0,0.0
591.791,26.73,1029.328,39.582,9.79,0.0,0.0,0.0,0.0,0.0
591.95,26.75,1029.324,39.573,9.64,0.0,0.0,0.0,0.0,0.0
592.086,26.82,1029.384,39.567,9.7,0.0,0.0,0.0,0.0,0.0
592.259,26.75,1029.277,39.562,9.56,0.0,0.0,0.0,0.0,0.0
592.362,26.74,1029.247,39.516,9.43,0.0,0.0,0.0,0.0,0.0
592.454,26.72,1029.199,39.639,9.43,0.0,0.0,0.0,0.0,0.0
592.539,26.73,1029.213,39.56,9.42,0.0,0.0,0.0,0.0,0.0
592.671,26.72,1029.192,39.525,9.34,0.0,0.0,0.0,0.0,0.0
592.738,26.71,1029.179,39.547,9.43,0.0,0.0,0.0,0.0,0.0
592.846,26.73,1029.243,39.538,9.39,0.0,0.0,0.0,0.0,0.0
592.988,26.72,1029.196,39.548,9.36,0.0,0.0,0.0,0.0,0.0
593.12,26.74,1029.219,39.571,9.27,0.0,0.0,0.0,0.0,0.0
593.2,26.83,1029.368,39.602,9.2,0.0,0.0,0.0,0.0,0.0
593.29,26.81,1029.321,39.556,9.27,0.0,0.0,0.0,0.0,0.0
593.477,26.82,1029.355,39.533,9.34,0.0,0.0,0.0,0.0,0.0
593.611,26.79,1029.156,39.537,9.45,0.0,0.0,0.0,0.0,0.0
593.7,26.83,1029.321,39.557,9.24,0.0,0.0,0.0,0.0,0.0
593.861,26.8,1029.254,39.555,9.39,0.0,0.0,0.0,0.0,0.0
593.954,26.79,1029.253,39.542,9.41,0.0,0.0,0.0,0.0,0.0
594.037,26.77,1029.272,39.541,9.41,0.0,0.0,0.0,0.0,0.0
594.194,26.79,1029.309,39.554,9.41,0.0,0.0,0.0,0.0,0.0
594.26,26.8,1029.28,39.532,9.45,0.0,0.0,0.0,0.0,0.0
594.349,26.81,1029.283,39.589,9.47,0.0,0.0,0.0,0.0,0.0
594.465,26.81,1029.303,39.51,9.43,0.0,0.0,0.0,0.0,0.0
594.556,26.83,1029.339,39.58,9.54,0.0,0.0,0.0,0.0,0.0
594.734,26.84,1029.341,39.569,9.57,0.0,0.0,0.0,0.0,0.0
594.814,26.84,1029.304,39.535,9.51,0.0,0.0,0.0,0.0,0.0
594.898,26.76,1029.204,39.506,9.53,0.0,0.0,0.0,0.0,0.0
594.989,26.72,1029.152,39.571,9.54,0.0,0.0,0.0,0.0,0.0
595.096,26.73,1029.156,39.548,9.53,0.0,0.0,0.0,0.0,0.0
595.207,26.76,1029.205,39.551,9.6,0.0,0.0,0.0,0.0,0.0
595.347,26.74,1029.165,39.527,9.54,0.0,0.0,0.0,0.0,0.0
595.46,26.74,1029.313,39.536,9.44,0.0,0.0,0.0,0.0,0.0
595.545,26.8,1029.217,39.601,9.37,0.0,0.0,0.0,0.0,0.0
595.653,26.81,1029.244,39.51,9.39,0.0,0.0,0.0,0.0,0.0
595.854,26.79,1029.186,39.508,9.37,0.0,0.0,0.0,0.0,0.0
595.94,26.79,1029.168,39.622,9.3,0.0,0.0,0.0,0.0,0.0
596.045,26.77,1029.174,39.598,9.31,0.0,0.0,0.0,0.0,0.0
596.189,26.76,1029.122,39.46,9.32,0.0,0.0,0.0,0.0,0.0
596.296,26.78,1029.151,39.462,9.29,0.0,0.0,0.0,0.0,0.0
596.401,26.83,1029.312,39.535,9.19,0.0,0.0,0.0,0.0,0.0
596.796,26.84,1029.256,39.467,9.15,0.0,0.0,0.0,0.0,0.0
596.904,26.76,1029.16,39.551,9.11,0.0,0.0,0.0,0.0,0.0
597.048,26.84,1029.309,39.501,9.17,0.0,0.0,0.0,0.0,0.0
597.153,26.84,1029.268,39.501,9.2,0.0,0.0,0.0,0.0,0.0
597.238,26.76,1029.182,39.495,9.23,0.0,0.0,0.0,0.0,0.0
597.394,26.78,1029.212,39.495,9.34,0.0,0.0,0.0,0.0,0.0
597.44,26.78,1029.241,39.495,9.52,0.0,0.0,0.0,0.0,0.0
597.567,26.8,1029.286,39.498,9.56,0.0,0.0,0.0,0.0,0.0
597.668,26.79,1029.251,39.485,9.49,0.0,0.0,0.0,0.0,0.0
597.798,26.83,1029.31,39.466,9.59,0.0,0.0,0.0,0.0,0.0
597.91,26.86,1029.312,39.47,9.63,0.0,0.0,0.0,0.0,0.0
598.019,26.77,1029.197,39.45,9.59,0.0,0.0,0.0,0.0,0.0
598.101,26.79,1029.229,39.542,9.59,0.0,0.0,0.0,0.0,0.0
598.239,26.78,1029.225,39.553,9.69,0.0,0.0,0.0,0.0,0.0
598.322,26.77,1029.216,39.507,9.73,0.0,0.0,0.0,0.0,0.0
598.55,26.77,1029.22,39.484,9.57,0.0,0.0,0.0,0.0,0.0
598.663,26.76,1029.187,39.472,9.55,0.0,0.0,0.0,0.0,0.0
598.86,26.85,1029.353,39.434,9.56,0.0,0.0,0.0,0.0,0.0
598.994,26.85,1029.343,39.468,9.43,0.0,0.0,0.0,0.0,0.0
599.138,26.84,1029.245,39.439,9.38,0.0,0.0,0.0,0.0,0.0
599.303,26.88,1029.383,39.505,9.31,0.0,0.0,0.0,0.0,0.0
599.388,26.84,1029.307,39.468,9.36,0.0,0.0,0.0,0.0,0.0
599.497,26.82,1029.32,39.432,9.51,0.0,0.0,0.0,0.0,0.0
599.62,26.82,1029.3,39.466,9.51,0.0,0.0,0.0,0.0,0.0
599.69,26.84,1029.352,39.422,9.46,0.0,0.0,0.0,0.0,0.0
599.822,26.84,1029.325,39.479,9.6,0.0,0.0,0.0,0.0,0.0
599.89,26.85,1029.358,39.445,9.55,0.0,0.0,0.0,0.0,0.0
600.054,26.87,1029.325,39.505,9.61,0.0,0.0,0.0,0.0,0.0
600.184,26.88,1029.326,39.505,9.51,0.0,0.0,0.0,0.0,0.0
600.246,26.79,1029.215,39.44,9.56,0.0,0.0,0.0,0.0,0.0
600.355,26.8,1029.193,39.396,9.57,0.0,0.0,0.0,0.0,0.0
600.44,26.8,1029.214,39.464,9.44,0.0,0.0,0.0,0.0,0.0
600.554,26.79,1029.184,39.417,9.46,0.0,0.0,0.0,0.0,0.0
600.64,26.78,1029.167,39.394,9.43,0.0,0.0,0.0,0.0,0.0
600.788,26.78,1029.135,39.484,9.32,0.0,0.0,0.0,0.0,0.0
600.856,26.79,1029.174,39.44,9.32,0.0,0.0,0.0,0.0,0.0
601.013,26.79,1029.141,39.396,9.11,0.0,0.0,0.0,0.0,0.0
601.197,26.79,1029.172,39.406,9.12,0.0,0.0,0.0,0.0,0.0
601.301,26.85,1029.212,39.344,9.09,0.0,0.0,0.0,0.0,0.0
601.39,26.81,1029.165,39.453,9.04,0.0,0.0,0.0,0.0,0.0
601.497,26.83,1029.183,39.456,9.14,0.0,0.0,0.0,0.0,0.0
601.746,26.8,1029.13,39.407,9.27,0.0,0.0,0.0,0.0,0.0
601.859,26.81,1029.188,39.487,9.34,0.0,0.0,0.0,0.0,0.0
601.945,26.88,1029.323,39.38,9.45,0.0,0.0,0.0,0.0,0.0
602.053,26.9,1029.361,39.472,9.45,0.0,0.0,0.0,0.0,0.0
602.198,26.9,1029.343,39.563,9.5,0.0,0.0,0.0,0.0,0.0
602.34,26.9,1029.284,39.37,9.6,0.0,0.0,0.0,0.0,0.0
602.498,26.8,1029.149,39.476,9.64,0.0,0.0,0.0,0.0,0.0
602.631,26.9,1029.341,39.415,9.5,0.0,0.0,0.0,0.0,0.0
602.699,26.86,1029.246,39.413,9.57,0.0,0.0,0.0,0.0,0.0
602.801,26.8,1029.225,39.407,9.56,0.0,0.0,0.0,0.0,0.0
602.891,26.83,1029.259,39.421,9.5,0.0,0.0,0.0,0.0,0.0
603.005,26.82,1029.221,39.409,9.47,0.0,0.0,0.0,0.0,0.0
603.108,26.84,1029.275,39.423,9.56,0.0,0.0,0.0,0.0,0.0
603.217,26.84,1029.257,39.389,9.48,0.0,0.0,0.0,0.0,0.0
603.302,26.85,1029.282,39.435,9.43,0.0,0.0,0.0,0.0,0.0
603.447,26.87,1029.306,39.424,9.39,0.0,0.0,0.0,0.0,0.0
603.555,26.9,1029.315,39.45,9.62,0.0,0.0,0.0,0.0,0.0
603.645,26.83,1029.202,39.263,9.55,0.0,0.0,0.0,0.0,0.0
603.763,26.81,1029.175,39.362,9.49,0.0,0.0,0.0,0.0,0.0
603.84,26.83,1029.196,39.409,9.43,0.0,0.0,0.0,0.0,0.0
603.989,26.81,1029.184,39.317,9.49,0.0,0.0,0.0,0.0,0.0
604.057,26.82,1029.207,39.432,9.38,0.0,0.0,0.0,0.0,0.0
604.205,26.86,1029.269,39.311,9.34,0.0,0.0,0.0,0.0,0.0
604.311,26.8,1029.178,39.407,9.39,0.0,0.0,0.0,0.0,0.0
604.397,26.92,1029.329,39.405,9.32,0.0,0.0,0.0,0.0,0.0
604.541,26.88,1029.296,39.357,9.41,0.0,0.0,0.0,0.0,0.0
604.591,26.9,1029.291,39.348,9.27,0.0,0.0,0.0,0.0,0.0
604.739,26.89,1029.287,39.393,9.36,0.0,0.0,0.0,0.0,0.0
604.79,26.87,1029.246,39.391,9.42,0.0,0.0,0.0,0.0,0.0
604.977,26.89,1029.253,39.37,9.5,0.0,0.0,0.0,0.0,0.0
605.042,26.84,1029.186,39.389,9.37,0.0,0.0,0.0,0.0,0.0
605.147,26.9,1029.302,39.438,9.48,0.0,0.0,0.0,0.0,0.0
605.254,26.85,1029.253,39.366,9.55,0.0,0.0,0.0,0.0,0.0
605.539,26.92,1029.317,39.418,9.38,0.0,0.0,0.0,0.0,0.0
605.668,26.83,1029.17,39.41,9.61,0.0,0.0,0.0,0.0,0.0
605.79,26.93,1029.357,39.441,9.58,0.0,0.0,0.0,0.0,0.0
605.9,26.92,1029.325,39.282,9.55,0.0,0.0,0.0,0.0,0.0
606.003,26.85,1029.214,39.377,9.57,0.0,0.0,0.0,0.0,0.0
606.093,26.85,1029.24,39.298,9.43,0.0,0.0,0.0,0.0,0.0
606.201,26.85,1029.234,39.423,9.46,0.0,0.0,0.0,0.0,0.0
606.292,26.86,1029.244,39.391,9.47,0.0,0.0,0.0,0.0,0.0
606.397,26.83,1029.189,39.376,9.43,0.0,0.0,0.0,0.0,0.0
606.502,26.84,1029.218,39.365,9.47,0.0,0.0,0.0,0.0,0.0
606.663,26.84,1029.22,39.366,9.41,0.0,0.0,0.0,0.0,0.0
606.778,26.93,1029.319,39.362,9.39,0.0,0.0,0.0,0.0,0.0
606.845,26.88,1029.249,39.357,9.4,0.0,0.0,0.0,0.0,0.0
606.956,26.87,1029.241,39.322,9.44,0.0,0.0,0.0,0.0,0.0
607.098,26.87,1029.224,39.391,9.44,0.0,0.0,0.0,0.0,0.0
607.262,26.91,1029.361,39.326,9.49,0.0,0.0,0.0,0.0,0.0
607.527,26.85,1029.197,39.367,9.45,0.0,0.0,0.0,0.0,0.0
607.597,26.85,1029.219,39.298,9.51,0.0,0.0,0.0,0.0,0.0
607.721,26.94,1029.403,39.306,9.48,0.0,0.0,0.0,0.0,0.0
607.792,26.94,1029.38,39.306,9.53,0.0,0.0,0.0,0.0,0.0
607.951,26.94,1029.357,39.431,9.41,0.0,0.0,0.0,0.0,0.0
608.042,26.94,1029.299,39.317,9.44,0.0,0.0,0.0,0.0,0.0
608.149,26.86,1029.208,39.311,9.31,0.0,0.0,0.0,0.0,0.0
608.243,26.87,1029.241,39.322,9.47,0.0,0.0,0.0,0.0,0.0
608.425,26.87,1029.238,39.302,9.5,0.0,0.0,0.0,0.0,0.0
608.587,26.95,1029.316,39.341,9.35,0.0,0.0,0.0,0.0,0.0
608.655,26.89,1029.215,39.336,9.34,0.0,0.0,0.0,0.0,0.0
608.739,26.89,1029.257,39.324,9.36,0.0,0.0,0.0,0.0,0.0
608.898,26.9,1029.283,39.37,9.48,0.0,0.0,0.0,0.0,0.0
608.989,26.92,1029.316,39.327,9.5,0.0,0.0,0.0,0.0,0.0
609.097,26.95,1029.321,39.375,9.44,0.0,0.0,0.0,0.0,0.0
609.231,26.88,1029.209,39.233,9.6,0.0,0.0,0.0,0.0,0.0
609.339,26.86,1029.171,39.355,9.42,0.0,0.0,0.0,0.0,0.0
609.482,26.87,1029.198,39.22,9.74,0.0,0.0,0.0,0.0,0.0
609.724,26.96,1029.323,39.308,9.58,0.0,0.0,0.0,0.0,0.0
609.847,26.86,1029.194,39.334,9.72,0.0,0.0,0.0,0.0,0.0
609.964,26.9,1029.27,39.349,9.65,0.0,0.0,0.0,0.0,0.0
610.064,26.96,1029.353,39.239,9.47,0.0,0.0,0.0,0.0,0.0
610.155,26.94,1029.289,39.317,9.52,0.0,0.0,0.0,0.0,0.0
610.241,26.93,1029.271,39.296,9.48,0.0,0.0,0.0,0.0,0.0
610.371,26.9,1029.211,39.314,9.44,0.0,0.0,0.0,0.0,0.0
610.471,26.91,1029.24,39.326,9.31,0.0,0.0,0.0,0.0,0.0
610.57,26.92,1029.235,39.327,9.36,0.0,0.0,0.0,0.0,0.0
610.71,26.88,1029.151,39.392,9.41,0.0,0.0,0.0,0.0,0.0
610.815,26.9,1029.185,39.302,9.41,0.0,0.0,0.0,0.0,0.0
610.903,26.94,1029.283,39.317,9.37,0.0,0.0,0.0,0.0,0.0
610.991,26.95,1029.312,39.284,9.47,0.0,0.0,0.0,0.0,0.0
611.151,26.96,1029.328,39.296,9.36,0.0,0.0,0.0,0.0,0.0
611.242,26.97,1029.258,39.331,9.35,0.0,0.0,0.0,0.0,0.0
611.347,26.87,1029.109,39.288,9.36,0.0,0.0,0.0,0.0,0.0
611.442,26.88,1029.111,39.255,9.34,0.0,0.0,0.0,0.0,0.0
611.55,26.88,1029.154,39.357,9.2,0.0,0.0,0.0,0.0,0.0
611.662,26.87,1029.121,39.334,9.28,0.0,0.0,0.0,0.0,0.0
611.742,26.89,1029.142,39.234,9.16,0.0,0.0,0.0,0.0,0.0
611.852,26.9,1029.169,39.302,9.12,0.0,0.0,0.0,0.0,0.0
611.941,26.91,1029.182,39.27,9.12,0.0,0.0,0.0,0.0,0.0
612.049,26.89,1029.163,39.279,9.07,0.0,0.0,0.0,0.0,0.0
612.19,26.9,1029.207,39.269,9.05,0.0,0.0,0.0,0.0,0.0
612.342,26.98,1029.294,39.241,9.05,0.0,0.0,0.0,0.0,0.0
612.494,26.93,1029.179,39.226,9.21,0.0,0.0,0.0,0.0,0.0
612.619,26.9,1029.168,39.188,9.25,0.0,0.0,0.0,0.0,0.0
612.692,26.91,1029.179,39.258,9.3,0.0,0.0,0.0,0.0,0.0
612.816,26.91,1029.175,39.201,9.44,0.0,0.0,0.0,0.0,0.0
612.926,26.91,1029.195,39.235,9.54,0.0,0.0,0.0,0.0,0.0
613.095,26.88,1029.148,39.347,9.58,0.0,0.0,0.0,0.0,0.0
613.245,26.99,1029.402,39.196,9.67,0.0,0.0,0.0,0.0,0.0
613.354,26.99,1029.394,39.321,9.76,0.0,0.0,0.0,0.0,0.0
613.44,26.99,1029.383,39.196,9.75,0.0,0.0,0.0,0.0,0.0
613.549,26.98,1029.374,39.332,9.84,0.0,0.0,0.0,0.0,0.0
613.676,26.96,1029.324,39.217,9.85,0.0,0.0,0.0,0.0,0.0
613.747,27.0,1029.399,39.288,9.75,0.0,0.0,0.0,0.0,0.0
613.908,26.98,1029.382,39.208,9.76,0.0,0.0,0.0,0.0,0.0
613.999,26.97,1029.347,39.252,9.6,0.0,0.0,0.0,0.0,0.0
614.179,26.94,1029.34,39.249,9.6,0.0,0.0,0.0,0.0,0.0
614.328,27.0,1029.362,39.231,9.58,0.0,0.0,0.0,0.0,0.0
614.391,26.95,1029.284,39.238,9.43,0.0,0.0,0.0,0.0,0.0
614.574,26.96,1029.331,39.273,9.47,0.0,0.0,0.0,0.0,0.0
614.639,27.01,1029.368,39.267,9.5,0.0,0.0,0.0,0.0,0.0
614.768,26.91,1029.235,39.235,9.49,0.0,0.0,0.0,0.0,0.0
614.885,26.93,1029.241,39.306,9.33,0.0,0.0,0.0,0.0,0.0
614.939,26.93,1029.237,39.181,9.45,0.0,0.0,0.0,0.0,0.0
615.052,26.91,1029.207,39.145,9.45,0.0,0.0,0.0,0.0,0.0
615.14,26.91,1029.215,39.281,9.31,0.0,0.0,0.0,0.0,0.0
615.248,26.91,1029.204,39.201,9.3,0.0,0.0,0.0,0.0,0.0
615.392,26.92,1029.223,39.168,9.35,0.0,0.0,0.0,0.0,0.0
615.497,26.91,1029.22,39.247,9.36,0.0,0.0,0.0,0.0,0.0
615.605,27.01,1029.375,39.244,9.23,0.0,0.0,0.0,0.0,0.0
615.691,26.97,1029.291,39.331,9.15,0.0,0.0,0.0,0.0,0.0
615.826,27.0,1029.302,39.207,9.25,0.0,0.0,0.0,0.0,0.0
615.892,26.98,1029.243,39.205,9.17,0.0,0.0,0.0,0.0,0.0
615.993,26.96,1029.278,39.217,9.28,0.0,0.0,0.0,0.0,0.0
616.102,26.96,1029.289,39.194,9.34,0.0,0.0,0.0,0.0,0.0
616.243,26.96,1029.269,39.183,9.34,0.0,0.0,0.0,0.0,0.0
616.363,26.94,1029.224,39.192,9.41,0.0,0.0,0.0,0.0,0.0
616.557,26.98,1029.333,39.186,9.63,0.0,0.0,0.0,0.0,0.0
616.858,27.0,1029.356,39.152,9.85,0.0,0.0,0.0,0.0,0.0
616.964,27.01,1029.346,39.255,9.73,0.0,0.0,0.0,0.0,0.0
617.11,27.02,1029.369,39.245,9.82,0.0,0.0,0.0,0.0,0.0
617.197,27.02,1029.36,39.268,9.84,0.0,0.0,0.0,0.0,0.0
617.302,26.93,1029.19,39.146,9.64,0.0,0.0,0.0,0.0,0.0
617.438,26.92,1029.183,39.248,9.58,0.0,0.0,0.0,0.0,0.0
617.544,26.92,1029.181,39.202,9.47,0.0,0.0,0.0,0.0,0.0
617.59,26.92,1029.225,39.202,9.62,0.0,0.0,0.0,0.0,0.0
617.848,27.03,1029.334,39.212,9.1,0.0,0.0,0.0,0.0,0.0
617.95,26.98,1029.2,39.275,8.98,0.0,0.0,0.0,0.0,0.0
618.09,26.94,1029.137,39.125,9.16,0.0,0.0,0.0,0.0,0.0
618.196,26.96,1029.192,39.126,9.08,0.0,0.0,0.0,0.0,0.0
618.339,26.99,1029.266,39.151,9.03,0.0,0.0,0.0,0.0,0.0
618.507,27.03,1029.286,39.133,9.18,0.0,0.0,0.0,0.0,0.0
618.59,26.95,1029.152,39.272,9.25,0.0,0.0,0.0,0.0,0.0
618.703,27.03,1029.335,39.086,9.07,0.0,0.0,0.0,0.0,0.0
618.826,27.03,1029.314,39.245,9.16,0.0,0.0,0.0,0.0,0.0
618.891,27.03,1029.323,39.234,9.35,0.0,0.0,0.0,0.0,0.0
619.005,27.03,1029.338,39.189,9.37,0.0,0.0,0.0,0.0,0.0
619.125,27.03,1029.328,39.144,9.32,0.0,0.0,0.0,0.0,0.0
619.277,26.98,1029.256,39.082,9.49,0.0,0.0,0.0,0.0,0.0
619.363,27.04,1029.313,39.155,9.53,0.0,0.0,0.0,0.0,0.0
619.502,26.96,1029.231,39.16,9.48,0.0,0.0,0.0,0.0,0.0
619.669,27.04,1029.358,39.168,9.68,0.0,0.0,0.0,0.0,0.0
619.753,27.01,1029.303,39.164,9.68,0.0,0.0,0.0,0.0,0.0
619.862,26.97,1029.273,39.161,9.43,0.0,0.0,0.0,0.0,0.0
619.948,26.98,1029.3,39.162,9.4,0.0,0.0,0.0,0.0,0.0
620.066,26.99,1029.312,39.162,9.59,0.0,0.0,0.0,0.0,0.0
620.159,27.01,1029.348,39.142,9.44,0.0,0.0,0.0,0.0,0.0
620.312,27.02,1029.347,39.245,9.47,0.0,0.0,0.0,0.0,0.0
620.399,27.04,1029.357,39.179,9.37,0.0,0.0,0.0,0.0,0.0
620.504,26.96,1029.207,39.16,9.34,0.0,0.0,0.0,0.0,0.0
620.591,26.97,1029.259,39.218,9.49,0.0,0.0,0.0,0.0,0.0
620.707,26.95,1029.203,39.193,9.61,0.0,0.0,0.0,0.0,0.0
620.795,26.96,1029.207,39.148,9.65,0.0,0.0,0.0,0.0,0.0
620.896,26.96,1029.194,39.229,9.52,0.0,0.0,0.0,0.0,0.0
621.042,26.96,1029.207,39.126,9.63,0.0,0.0,0.0,0.0,0.0
621.15,26.97,1029.22,39.172,9.77,0.0,0.0,0.0,0.0,0.0
621.258,27.05,1029.384,39.089,9.74,0.0,0.0,0.0,0.0,0.0
621.479,27.03,1029.323,39.149,9.63,0.0,0.0,0.0,0.0,0.0
621.54,27.03,1029.304,39.144,9.71,0.0,0.0,0.0,0.0,0.0
621.645,27.0,1029.256,39.106,9.71,0.0,0.0,0.0,0.0,0.0
621.789,27.0,1029.237,39.164,9.44,0.0,0.0,0.0,0.0,0.0
621.944,27.0,1029.216,39.107,9.29,0.0,0.0,0.0,0.0,0.0
622.001,27.01,1029.303,39.13,9.39,0.0,0.0,0.0,0.0,0.0
622.098,27.02,1029.307,39.098,9.39,0.0,0.0,0.0,0.0,0.0
622.207,27.02,1029.303,39.109,9.2,0.0,0.0,0.0,0.0,0.0
622.291,27.04,1029.312,39.133,8.91,0.0,0.0,0.0,0.0,0.0
622.444,27.04,1029.292,39.145,8.91,0.0,0.0,0.0,0.0,0.0
622.558,27.06,1029.325,39.123,8.8,0.0,0.0,0.0,0.0,0.0
622.648,27.06,1029.309,39.112,8.84,0.0,0.0,0.0,0.0,0.0
622.759,26.96,1029.145,39.069,8.92,0.0,0.0,0.0,0.0,0.0
622.847,26.97,1029.165,39.172,8.97,0.0,0.0,0.0,0.0,0.0
622.977,26.97,1029.192,39.07,9.06,0.0,0.0,0.0,0.0,0.0
623.041,26.96,1029.166,39.126,9.31,0.0,0.0,0.0,0.0,0.0
623.148,26.98,1029.229,39.14,9.27,0.0,0.0,0.0,0.0,0.0
623.278,26.98,1029.221,39.116,9.68,0.0,0.0,0.0,0.0,0.0
623.388,26.98,1029.223,39.105,9.61,0.0,0.0,0.0,0.0,0.0
623.507,27.0,1029.27,39.118,9.73,0.0,0.0,0.0,0.0,0.0
623.703,27.02,1029.26,39.131,9.52,0.0,0.0,0.0,0.0,0.0
623.792,27.0,1029.251,39.141,9.57,0.0,0.0,0.0,0.0,0.0
623.906,27.0,1029.237,39.063,9.6,0.0,0.0,0.0,0.0,0.0
623.991,26.99,1029.235,39.083,9.55,0.0,0.0,0.0,0.0,0.0
624.098,27.0,1029.265,39.119,9.59,0.0,0.0,0.0,0.0,0.0
624.206,26.98,1029.195,39.072,9.61,0.0,0.0,0.0,0.0,0.0
624.358,27.01,1029.286,39.051,9.61,0.0,0.0,0.0,0.0,0.0
624.462,26.99,1029.241,39.095,9.59,0.0,0.0,0.0,0.0,0.0
624.539,27.07,1029.423,39.193,9.64,0.0,0.0,0.0,0.0,0.0
624.741,27.07,1029.431,39.079,9.82,0.0,0.0,0.0,0.0,0.0
624.85,27.08,1029.419,39.046,9.72,0.0,0.0,0.0,0.0,0.0
624.99,27.07,1029.402,39.114,9.85,0.0,0.0,0.0,0.0,0.0
625.118,27.06,1029.371,39.101,9.69,0.0,0.0,0.0,0.0,0.0
625.215,27.0,1029.302,39.107,9.65,0.0,0.0,0.0,0.0,0.0
625.296,27.01,1029.298,39.096,9.54,0.0,0.0,0.0,0.0,0.0
625.463,27.01,1029.286,39.096,9.59,0.0,0.0,0.0,0.0,0.0
625.621,27.08,1029.408,39.114,9.39,0.0,0.0,0.0,0.0,0.0
625.709,27.02,1029.278,39.086,9.3,0.0,0.0,0.0,0.0,0.0
625.846,27.05,1029.384,39.089,9.24,0.0,0.0,0.0,0.0,0.0
625.963,27.09,1029.36,39.114,9.32,0.0,0.0,0.0,0.0,0.0
626.05,27.02,1029.266,39.052,9.32,0.0,0.0,0.0,0.0,0.0
626.154,27.01,1029.233,39.051,9.35,0.0,0.0,0.0,0.0,0.0
626.24,27.01,1029.255,39.13,9.39,0.0,0.0,0.0,0.0,0.0
626.346,27.0,1029.214,39.13,9.55,0.0,0.0,0.0,0.0,0.0
626.49,27.0,1029.209,39.016,9.48,0.0,0.0,0.0,0.0,0.0
626.611,27.01,1029.259,39.153,9.51,0.0,0.0,0.0,0.0,0.0
626.691,27.09,1029.371,39.093,9.54,0.0,0.0,0.0,0.0,0.0
626.797,27.06,1029.318,39.101,9.63,0.0,0.0,0.0,0.0,0.0
626.903,27.07,1029.329,39.034,9.51,0.0,0.0,0.0,0.0,0.0
626.992,27.04,1029.269,39.042,9.41,0.0,0.0,0.0,0.0,0.0
627.101,27.06,1029.32,39.057,9.44,0.0,0.0,0.0,0.0,0.0
627.193,27.06,1029.306,39.066,9.45,0.0,0.0,0.0,0.0,0.0
627.299,27.06,1029.301,39.09,9.38,0.0,0.0,0.0,0.0,0.0
627.441,27.05,1029.248,39.044,9.33,0.0,0.0,0.0,0.0,0.0
627.681,27.05,1029.316,39.044,9.19,0.0,0.0,0.0,0.0,0.0
627.739,27.06,1029.328,39.09,9.09,0.0,0.0,0.0,0.0,0.0
627.853,27.08,1029.338,39.023,9.25,0.0,0.0,0.0,0.0,0.0
627.962,27.08,1029.335,39.068,9.35,0.0,0.0,0.0,0.0,0.0
628.063,27.08,1029.344,39.034,9.28,0.0,0.0,0.0,0.0,0.0
628.192,27.1,1029.388,39.024,9.33,0.0,0.0,0.0,0.0,0.0
628.3,27.11,1029.334,39.105,9.46,0.0,0.0,0.0,0.0,0.0
628.4,27.01,1029.202,39.028,9.53,0.0,0.0,0.0,0.0,0.0
628.497,27.0,1029.198,39.017,9.5,0.0,0.0,0.0,0.0,0.0
628.602,27.01,1029.196,39.028,9.56,0.0,0.0,0.0,0.0,0.0
628.691,27.02,1029.221,38.938,9.6,0.0,0.0,0.0,0.0,0.0
628.872,27.02,1029.21,39.052,9.35,0.0,0.0,0.0,0.0,0.0
628.942,27.02,1029.219,39.015,9.4,0.0,0.0,0.0,0.0,0.0
629.045,27.11,1029.372,39.023,9.47,0.0,0.0,0.0,0.0,0.0
629.163,27.07,1029.308,39.012,9.46,0.0,0.0,0.0,0.0,0.0
629.271,27.08,1029.311,39.046,9.36,0.0,0.0,0.0,0.0,0.0
629.358,27.05,1029.248,39.044,9.27,0.0,0.0,0.0,0.0,0.0
629.46,27.05,1029.259,39.009,9.39,0.0,0.0,0.0,0.0,0.0
629.548,27.03,1029.245,39.121,9.38,0.0,0.0,0.0,0.0,0.0
629.641,27.03,1029.236,39.076,9.51,0.0,0.0,0.0,0.0,0.0
629.746,27.04,1029.252,38.975,9.46,0.0,0.0,0.0,0.0,0.0
629.889,27.11,1029.395,39.105,9.66,0.0,0.0,0.0,0.0,0.0
629.998,27.03,1029.232,39.11,9.7,0.0,0.0,0.0,0.0,0.0
630.103,27.11,1029.414,39.094,9.63,0.0,0.0,0.0,0.0,0.0
630.191,27.12,1029.409,39.05,9.73,0.0,0.0,0.0,0.0,0.0
630.301,27.12,1029.414,39.027,9.79,0.0,0.0,0.0,0.0,0.0
630.391,27.13,1029.44,39.005,9.83,0.0,0.0,0.0,0.0,0.0
630.494,27.13,1029.409,38.925,9.83,0.0,0.0,0.0,0.0,0.0
630.661,27.13,1029.407,39.027,9.84,0.0,0.0,0.0,0.0,0.0
630.764,27.11,1029.306,39.003,9.83,0.0,0.0,0.0,0.0,0.0
630.856,27.03,1029.207,39.008,9.66,0.0,0.0,0.0,0.0,0.0
630.969,27.03,1029.215,39.008,9.46,0.0,0.0,0.0,0.0,0.0
631.054,27.05,1029.274,39.01,9.46,0.0,0.0,0.0,0.0,0.0
631.157,27.08,1029.285,39.0,9.47,0.0,0.0,0.0,0.0,0.0
631.249,27.07,1029.245,39.011,9.36,0.0,0.0,0.0,0.0,0.0
631.39,27.09,1029.272,39.0,9.15,0.0,0.0,0.0,0.0,0.0
631.52,27.14,1029.243,39.096,9.04,0.0,0.0,0.0,0.0,0.0
631.639,27.05,1029.128,38.907,9.04,0.0,0.0,0.0,0.0,0.0
631.7,27.06,1029.148,39.021,9.01,0.0,0.0,0.0,0.0,0.0
631.802,27.06,1029.184,39.021,8.89,0.0,0.0,0.0,0.0,0.0
631.893,27.07,1029.186,38.977,8.86,0.0,0.0,0.0,0.0,0.0
632.026,27.04,1029.117,38.94,8.95,0.0,0.0,0.0,0.0,0.0
632.108,27.09,1029.225,38.91,8.89,0.0,0.0,0.0,0.0,0.0
632.247,27.05,1029.147,39.01,8.95,0.0,0.0,0.0,0.0,0.0
632.365,27.06,1029.156,39.032,8.9,0.0,0.0,0.0,0.0,0.0
632.498,27.15,1029.295,38.915,8.82,0.0,0.0,0.0,0.0,0.0
632.64,27.13,1029.266,38.971,8.93,0.0,0.0,0.0,0.0,0.0
632.75,27.06,1029.216,38.938,9.15,0.0,0.0,0.0,0.0,0.0
632.841,27.15,1029.283,38.98,9.19,0.0,0.0,0.0,0.0,0.0
633.007,27.1,1029.248,38.979,9.35,0.0,0.0,0.0,0.0,0.0
633.089,27.09,1029.247,38.943,9.48,0.0,0.0,0.0,0.0,0.0
633.216,27.06,1029.215,38.964,9.56,0.0,0.0,0.0,0.0,0.0
633.303,27.1,1029.33,38.968,9.68,0.0,0.0,0.0,0.0,0.0
633.395,27.11,1029.383,38.992,9.78,0.0,0.0,0.0,0.0,0.0
633.502,27.12,1029.411,38.936,9.89,0.0,0.0,0.0,0.0,0.0
633.591,27.13,1029.429,39.039,9.87,0.0,0.0,0.0,0.0,0.0
633.699,27.13,1029.418,38.902,10.07,0.0,0.0,0.0,0.0,0.0
633.83,27.14,1029.462,38.995,10.09,0.0,0.0,0.0,0.0,0.0
633.988,27.15,1029.49,38.916,10.11,0.0,0.0,0.0,0.0,0.0
634.056,27.15,1029.453,38.95,10.1,0.0,0.0,0.0,0.0,0.0
634.139,27.06,1029.299,38.964,9.94,0.0,0.0,0.0,0.0,0.0
634.27,27.07,1029.331,38.92,9.91,0.0,0.0,0.0,0.0,0.0
634.34,27.05,1029.289,38.896,9.82,0.0,0.0,0.0,0.0,0.0
634.449,27.06,1029.313,38.977,9.82,0.0,0.0,0.0,0.0,0.0
634.559,27.08,1029.323,38.943,9.74,0.0,0.0,0.0,0.0,0.0
634.667,27.09,1029.353,38.943,9.59,0.0,0.0,0.0,0.0,0.0
634.81,27.09,1029.344,38.943,9.45,0.0,0.0,0.0,0.0,0.0
634.899,27.17,1029.426,38.939,9.39,0.0,0.0,0.0,0.0,0.0
635.01,27.11,1029.322,38.891,9.39,0.0,0.0,0.0,0.0,0.0
635.102,27.1,1029.281,38.99,9.37,0.0,0.0,0.0,0.0,0.0
635.307,27.07,1029.232,38.954,9.4,0.0,0.0,0.0,0.0,0.0
635.448,27.09,1029.232,38.979,9.44,0.0,0.0,0.0,0.0,0.0
635.543,27.08,1029.212,38.898,9.33,0.0,0.0,0.0,0.0,0.0
635.742,27.17,1029.404,38.952,9.43,0.0,0.0,0.0,0.0,0.0
635.842,27.18,1029.341,38.872,9.36,0.0,0.0,0.0,0.0,0.0
635.949,27.08,1029.219,38.887,9.29,0.0,0.0,0.0,0.0,0.0
636.04,27.17,1029.381,38.985,9.3,0.0,0.0,0.0,0.0,0.0
636.169,27.17,1029.378,38.906,9.35,0.0,0.0,0.0,0.0,0.0
636.291,27.18,1029.381,38.952,9.44,0.0,0.0,0.0,0.0,0.0
636.449,27.16,1029.261,38.928,9.39,0.0,0.0,0.0,0.0,0.0
636.502,27.07,1029.18,38.91,9.45,0.0,0.0,0.0,0.0,0.0
636.592,27.1,1029.208,38.911,9.43,0.0,0.0,0.0,0.0,0.0
636.754,27.11,1029.238,38.901,9.27,0.0,0.0,0.0,0.0,0.0
636.896,27.19,1029.29,38.952,9.31,0.0,0.0,0.0,0.0,0.0
637.002,27.13,1029.211,38.88,9.38,0.0,0.0,0.0,0.0,0.0
637.15,27.14,1029.287,38.949,9.26,0.0,0.0,0.0,0.0,0.0
637.255,27.19,1029.308,38.919,9.2,0.0,0.0,0.0,0.0,0.0
637.341,27.1,1029.168,38.911,9.16,0.0,0.0,0.0,0.0,0.0
637.458,27.08,1029.112,38.933,9.15,0.0,0.0,0.0,0.0,0.0
637.541,27.1,1029.142,38.832,9.26,0.0,0.0,0.0,0.0,0.0
637.652,27.11,1029.189,38.775,9.3,0.0,0.0,0.0,0.0,0.0
637.752,27.11,1029.184,38.855,9.31,0.0,0.0,0.0,0.0,0.0
637.846,27.1,1029.196,38.923,9.28,0.0,0.0,0.0,0.0,0.0
638.016,27.11,1029.189,38.957,9.25,0.0,0.0,0.0,0.0,0.0
638.116,27.12,1029.216,38.901,9.42,0.0,0.0,0.0,0.0,0.0
638.223,27.19,1029.342,38.908,9.37,0.0,0.0,0.0,0.0,0.0
638.292,27.16,1029.295,38.883,9.17,0.0,0.0,0.0,0.0,0.0
638.423,27.17,1029.306,38.895,9.26,0.0,0.0,0.0,0.0,0.0
638.512,27.15,1029.252,38.881,9.33,0.0,0.0,0.0,0.0,0.0
638.646,27.16,1029.275,38.871,9.33,0.0,0.0,0.0,0.0,0.0
638.744,27.14,1029.229,38.881,9.26,0.0,0.0,0.0,0.0,0.0
638.849,27.13,1029.266,38.892,9.36,0.0,0.0,0.0,0.0,0.0
638.956,27.16,1029.317,38.904,9.45,0.0,0.0,0.0,0.0,0.0
639.042,27.16,1029.298,38.939,9.33,0.0,0.0,0.0,0.0,0.0
639.156,27.17,1029.349,38.805,9.42,0.0,0.0,0.0,0.0,0.0
639.261,27.17,1029.327,38.793,9.39,0.0,0.0,0.0,0.0,0.0
639.364,27.19,1029.374,38.953,9.43,0.0,0.0,0.0,0.0,0.0
639.492,27.2,1029.422,38.92,9.4,0.0,0.0,0.0,0.0,0.0
639.614,27.21,1029.384,38.978,9.58,0.0,0.0,0.0,0.0,0.0
639.702,27.11,1029.263,38.913,9.66,0.0,0.0,0.0,0.0,0.0
639.793,27.15,1029.339,38.848,9.56,0.0,0.0,0.0,0.0,0.0
639.907,27.12,1029.29,38.8,9.59,0.0,0.0,0.0,0.0,0.0
639.992,27.11,1029.269,38.855,9.67,0.0,0.0,0.0,0.0,0.0
640.096,27.12,1029.295,38.867,9.77,0.0,0.0,0.0,0.0,0.0
640.204,27.12,1029.332,38.868,9.73,0.0,0.0,0.0,0.0,0.0
640.389,27.13,1029.255,38.855,9.75,0.0,0.0,0.0,0.0,0.0
640.478,27.21,1029.399,38.864,9.72,0.0,0.0,0.0,0.0,0.0
640.54,27.18,1029.348,38.861,9.78,0.0,0.0,0.0,0.0,0.0
640.655,27.15,1029.316,38.882,9.81,0.0,0.0,0.0,0.0,0.0
640.878,27.14,1029.306,38.79,9.58,0.0,0.0,0.0,0.0,0.0
640.964,27.15,1029.3,38.927,9.53,0.0,0.0,0.0,0.0,0.0
641.052,27.15,1029.298,38.779,9.5,0.0,0.0,0.0,0.0,0.0
641.208,27.14,1029.261,38.926,9.46,0.0,0.0,0.0,0.0,0.0
641.318,27.13,1029.246,38.823,9.27,0.0,0.0,0.0,0.0,0.0
641.407,27.22,1029.44,38.797,9.25,0.0,0.0,0.0,0.0,0.0
641.51,27.22,1029.446,38.854,9.09,0.0,0.0,0.0,0.0,0.0
641.596,27.22,1029.432,38.967,9.07,0.0,0.0,0.0,0.0,0.0
641.716,27.22,1029.419,38.842,9.22,0.0,0.0,0.0,0.0,0.0
641.832,27.22,1029.424,38.899,9.16,0.0,0.0,0.0,0.0,0.0
641.903,27.23,1029.409,38.899,9.16,0.0,0.0,0.0,0.0,0.0
642.047,27.23,1029.41,38.877,9.33,0.0,0.0,0.0,0.0,0.0
642.154,27.21,1029.35,38.842,9.45,0.0,0.0,0.0,0.0,0.0
642.242,27.15,1029.313,38.836,9.5,0.0,0.0,0.0,0.0,0.0
642.36,27.15,1029.294,38.836,9.47,0.0,0.0,0.0,0.0,0.0
642.444,27.17,1029.36,38.838,9.67,0.0,0.0,0.0,0.0,0.0
642.55,27.19,1029.365,38.828,9.7,0.0,0.0,0.0,0.0,0.0
642.69,27.19,1029.379,38.795,9.65,0.0,0.0,0.0,0.0,0.0
642.822,27.23,1029.381,38.866,9.6,0.0,0.0,0.0,0.0,0.0
642.905,27.16,1029.237,38.859,9.76,0.0,0.0,0.0,0.0,0.0
642.995,27.14,1029.218,38.801,9.82,0.0,0.0,0.0,0.0,0.0
643.108,27.16,1029.235,38.813,9.58,0.0,0.0,0.0,0.0,0.0
643.195,27.14,1029.221,38.836,9.58,0.0,0.0,0.0,0.0,0.0
643.3,27.14,1029.209,38.836,9.66,0.0,0.0,0.0,0.0,0.0
643.404,27.16,1029.258,38.904,9.65,0.0,0.0,0.0,0.0,0.0
643.547,27.15,1029.224,38.837,9.39,0.0,0.0,0.0,0.0,0.0
643.655,27.15,1029.202,38.983,9.23,0.0,0.0,0.0,0.0,0.0
643.747,27.24,1029.333,38.821,9.11,0.0,0.0,0.0,0.0,0.0
643.879,27.21,1029.277,38.772,9.05,0.0,0.0,0.0,0.0,0.0
643.999,27.23,1029.297,38.809,8.99,0.0,0.0,0.0,0.0,0.0
644.16,27.17,1029.206,38.805,8.79,0.0,0.0,0.0,0.0,0.0
644.248,27.25,1029.317,38.81,8.77,0.0,0.0,0.0,0.0,0.0
644.411,27.19,1029.236,38.783,8.76,0.0,0.0,0.0,0.0,0.0
644.499,27.18,1029.184,38.828,9.07,0.0,0.0,0.0,0.0,0.0
644.604,27.2,1029.241,38.807,9.05,0.0,0.0,0.0,0.0,0.0
644.712,27.22,1029.275,38.809,9.13,0.0,0.0,0.0,0.0,0.0
644.84,27.21,1029.318,38.751,9.19,0.0,0.0,0.0,0.0,0.0
644.893,27.23,1029.374,38.729,9.27,0.0,0.0,0.0,0.0,0.0
645.0,27.23,1029.356,38.832,9.49,0.0,0.0,0.0,0.0,0.0
645.149,27.25,1029.412,38.743,9.59,0.0,0.0,0.0,0.0,0.0
645.288,27.26,1029.355,38.777,9.59,0.0,0.0,0.0,0.0,0.0
645.355,27.16,1029.229,38.77,9.76,0.0,0.0,0.0,0.0,0.0
645.442,27.18,1029.26,38.725,9.81,0.0,0.0,0.0,0.0,0.0
645.555,27.15,1029.235,38.848,9.77,0.0,0.0,0.0,0.0,0.0
645.64,27.17,1029.242,38.814,9.74,0.0,0.0,0.0,0.0,0.0
645.756,27.16,1029.274,38.814,9.68,0.0,0.0,0.0,0.0,0.0
645.854,27.17,1029.283,38.781,9.81,0.0,0.0,0.0,0.0,0.0
645.94,27.19,1029.308,38.783,9.85,0.0,0.0,0.0,0.0,0.0
646.127,27.18,1029.334,38.782,9.66,0.0,0.0,0.0,0.0,0.0
646.193,27.26,1029.416,38.823,9.36,0.0,0.0,0.0,0.0,0.0
646.344,27.22,1029.323,38.774,9.3,0.0,0.0,0.0,0.0,0.0
646.394,27.21,1029.3,38.795,9.29,0.0,0.0,0.0,0.0,0.0
646.643,27.18,1029.254,38.839,9.52,0.0,0.0,0.0,0.0,0.0
646.751,27.24,1029.396,38.753,9.69,0.0,0.0,0.0,0.0,0.0
646.864,27.25,1029.393,38.844,9.54,0.0,0.0,0.0,0.0,0.0
646.996,27.25,1029.416,38.765,9.52,0.0,0.0,0.0,0.0,0.0
647.142,27.27,1029.39,38.767,9.64,0.0,0.0,0.0,0.0,0.0
647.275,27.16,1029.222,38.679,9.8,0.0,0.0,0.0,0.0,0.0
647.358,27.27,1029.426,38.813,9.77,0.0,0.0,0.0,0.0,0.0
647.466,27.26,1029.389,38.709,9.7,0.0,0.0,0.0,0.0,0.0
647.611,27.27,1029.418,38.744,9.73,0.0,0.0,0.0,0.0,0.0
647.7,27.23,1029.296,38.764,9.55,0.0,0.0,0.0,0.0,0.0
647.892,27.19,1029.283,38.761,9.55,0.0,0.0,0.0,0.0,0.0
648.013,27.22,1029.303,38.763,9.42,0.0,0.0,0.0,0.0,0.0
648.129,27.22,1029.279,38.751,9.33,0.0,0.0,0.0,0.0,0.0
648.305,27.23,1029.251,38.74,9.08,0.0,0.0,0.0,0.0,0.0
648.466,27.24,1029.325,38.741,9.0,0.0,0.0,0.0,0.0,0.0
648.556,27.28,1029.297,38.711,9.05,0.0,0.0,0.0,0.0,0.0
648.776,27.18,1029.17,38.748,9.04,0.0,0.0,0.0,0.0,0.0
648.842,27.18,1029.169,38.794,9.02,0.0,0.0,0.0,0.0,0.0
648.953,27.18,1029.137,38.726,9.22,0.0,0.0,0.0,0.0,0.0
649.219,27.19,1029.208,38.737,9.38,0.0,0.0,0.0,0.0,0.0
649.342,27.26,1029.334,38.756,9.52,0.0,0.0,0.0,0.0,0.0
649.507,27.27,1029.314,38.767,9.66,0.0,0.0,0.0,0.0,0.0
649.595,27.2,1029.244,38.666,9.68,0.0,0.0,0.0,0.0,0.0
649.7,27.28,1029.346,38.731,9.58,0.0,0.0,0.0,0.0,0.0
649.802,27.23,1029.244,38.729,9.79,0.0,0.0,0.0,0.0,0.0
649.954,27.24,1029.25,38.719,9.76,0.0,0.0,0.0,0.0,0.0
650.146,27.25,1029.306,38.753,9.48,0.0,0.0,0.0,0.0,0.0
650.255,27.27,1029.347,38.732,9.52,0.0,0.0,0.0,0.0,0.0
650.343,27.25,1029.342,38.742,9.35,0.0,0.0,0.0,0.0,0.0
650.449,27.26,1029.334,38.744,9.12,0.0,0.0,0.0,0.0,0.0
650.559,27.27,1029.372,38.665,9.1,0.0,0.0,0.0,0.0,0.0
650.65,27.27,1029.35,38.767,9.14,0.0,0.0,0.0,0.0,0.0
650.813,27.29,1029.39,38.734,9.18,0.0,0.0,0.0,0.0,0.0
650.918,27.29,1029.342,38.724,9.21,0.0,0.0,0.0,0.0,0.0
651.024,27.2,1029.198,38.682,9.16,0.0,0.0,0.0,0.0,0.0
651.094,27.2,1029.207,38.659,9.19,0.0,0.0,0.0,0.0,0.0
651.222,27.2,1029.201,38.692,9.31,0.0,0.0,0.0,0.0,0.0
651.295,27.21,1029.243,38.739,9.38,0.0,0.0,0.0,0.0,0.0
651.397,27.2,1029.242,38.704,9.46,0.0,0.0,0.0,0.0,0.0
651.502,27.2,1029.24,38.704,9.4,0.0,0.0,0.0,0.0,0.0
651.649,27.22,1029.273,38.706,9.53,0.0,0.0,0.0,0.0,0.0
651.774,27.3,1029.351,38.689,9.52,0.0,0.0,0.0,0.0,0.0
651.885,27.26,1029.303,38.709,9.5,0.0,0.0,0.0,0.0,0.0
651.956,27.24,1029.254,38.775,9.59,0.0,0.0,0.0,0.0,0.0
652.041,27.24,1029.239,38.674,9.51,0.0,0.0,0.0,0.0,0.0
652.153,27.23,1029.228,38.57,9.57,0.0,0.0,0.0,0.0,0.0
652.261,27.23,1029.238,38.707,9.6,0.0,0.0,0.0,0.0,0.0
652.343,27.21,1029.243,38.683,9.55,0.0,0.0,0.0,0.0,0.0
652.536,27.22,1029.236,38.74,9.64,0.0,0.0,0.0,0.0,0.0
652.594,27.21,1029.235,38.717,9.69,0.0,0.0,0.0,0.0,0.0
652.71,27.31,1029.428,38.713,9.68,0.0,0.0,0.0,0.0,0.0
652.794,27.31,1029.416,38.827,9.69,0.0,0.0,0.0,0.0,0.0
652.898,27.31,1029.424,38.703,9.69,0.0,0.0,0.0,0.0,0.0
653.166,27.28,1029.361,38.688,9.6,0.0,0.0,0.0,0.0,0.0
653.265,27.29,1029.373,38.667,9.5,0.0,0.0,0.0,0.0,0.0
653.348,27.22,1029.263,38.672,9.46,0.0,0.0,0.0,0.0,0.0
653.473,27.24,1029.275,38.674,9.39,0.0,0.0,0.0,0.0,0.0
653.539,27.23,1029.279,38.672,9.3,0.0,0.0,0.0,0.0,0.0
653.648,27.24,1029.29,38.674,9.31,0.0,0.0,0.0,0.0,0.0
653.785,27.25,1029.282,38.674,9.25,0.0,0.0,0.0,0.0,0.0
653.85,27.26,1029.326,38.653,9.2,0.0,0.0,0.0,0.0,0.0
654.009,27.28,1029.356,38.723,9.36,0.0,0.0,0.0,0.0,0.0
654.1,27.32,1029.346,38.636,9.32,0.0,0.0,0.0,0.0,0.0
654.205,27.24,1029.216,38.696,9.3,0.0,0.0,0.0,0.0,0.0
654.292,27.24,1029.213,38.719,9.37,0.0,0.0,0.0,0.0,0.0
654.398,27.22,1029.2,38.604,9.41,0.0,0.0,0.0,0.0,0.0
654.514,27.23,1029.224,38.627,9.42,0.0,0.0,0.0,0.0,0.0
654.639,27.22,1029.18,38.74,9.46,0.0,0.0,0.0,0.0,0.0
654.724,27.23,1029.226,38.616,9.48,0.0,0.0,0.0,0.0,0.0
654.852,27.25,1029.26,38.686,9.52,0.0,0.0,0.0,0.0,0.0
654.987,27.23,1029.219,38.615,9.39,0.0,0.0,0.0,0.0,0.0
655.042,27.33,1029.381,38.602,9.51,0.0,0.0,0.0,0.0,0.0
655.162,27.31,1029.332,38.601,9.5,0.0,0.0,0.0,0.0,0.0
655.243,27.29,1029.313,38.643,9.53,0.0,0.0,0.0,0.0,0.0
655.353,27.28,1029.252,38.643,9.39,0.0,0.0,0.0,0.0,0.0
655.484,27.28,1029.247,38.654,9.35,0.0,0.0,0.0,0.0,0.0
655.598,27.28,1029.245,38.644,9.44,0.0,0.0,0.0,0.0,0.0
655.704,27.26,1029.214,38.642,9.39,0.0,0.0,0.0,0.0,0.0
655.793,27.28,1029.303,38.621,9.35,0.0,0.0,0.0,0.0,0.0
655.909,27.3,1029.304,38.655,9.37,0.0,0.0,0.0,0.0,0.0
655.992,27.3,1029.285,38.645,9.35,0.0,0.0,0.0,0.0,0.0
656.101,27.32,1029.34,38.623,9.53,0.0,0.0,0.0,0.0,0.0
656.217,27.32,1029.363,38.635,9.54,0.0,0.0,0.0,0.0,0.0
656.304,27.33,1029.37,38.693,9.53,0.0,0.0,0.0,0.0,0.0
656.412,27.34,1029.375,38.659,9.33,0.0,0.0,0.0,0.0,0.0
656.568,27.34,1029.354,38.636,9.39,0.0,0.0,0.0,0.0,0.0
656.658,27.34,1029.3,38.568,9.29,0.0,0.0,0.0,0.0,0.0
656.741,27.25,1029.216,38.63,9.33,0.0,0.0,0.0,0.0,0.0
656.85,27.27,1029.242,38.642,9.32,0.0,0.0,0.0,0.0,0.0
656.962,27.25,1029.247,38.63,9.33,0.0,0.0,0.0,0.0,0.0
657.131,27.25,1029.212,38.642,9.06,0.0,0.0,0.0,0.0,0.0
657.193,27.34,1029.364,38.626,9.13,0.0,0.0,0.0,0.0,0.0
657.298,27.28,1029.265,38.644,9.12,0.0,0.0,0.0,0.0,0.0
657.402,27.28,1029.237,38.586,9.16,0.0,0.0,0.0,0.0,0.0
657.491,27.3,1029.26,38.633,9.12,0.0,0.0,0.0,0.0,0.0
657.604,27.3,1029.264,38.667,9.17,0.0,0.0,0.0,0.0,0.0
657.709,27.28,1029.234,38.519,9.25,0.0,0.0,0.0,0.0,0.0
657.854,27.28,1029.278,38.575,9.43,0.0,0.0,0.0,0.0,0.0
657.943,27.27,1029.275,38.665,9.53,0.0,0.0,0.0,0.0,0.0
658.05,27.33,1029.396,38.602,9.65,0.0,0.0,0.0,0.0,0.0
658.155,27.35,1029.426,38.569,9.53,0.0,0.0,0.0,0.0,0.0
658.269,27.36,1029.448,38.639,9.64,0.0,0.0,0.0,0.0,0.0
658.357,27.35,1029.462,38.593,9.85,0.0,0.0,0.0,0.0,0.0
658.442,27.36,1029.444,38.593,9.68,0.0,0.0,0.0,0.0,0.0
658.554,27.34,1029.408,38.693,9.69,0.0,0.0,0.0,0.0,0.0
658.679,27.35,1029.415,38.66,9.73,0.0,0.0,0.0,0.0,0.0
658.74,27.34,1029.409,38.659,9.72,0.0,0.0,0.0,0.0,0.0
658.903,27.29,1029.336,38.598,9.61,0.0,0.0,0.0,0.0,0.0
658.992,27.35,1029.419,38.593,9.65,0.0,0.0,0.0,0.0,0.0
659.141,27.28,1029.317,38.598,9.68,0.0,0.0,0.0,0.0,0.0
659.194,27.3,1029.37,38.599,9.58,0.0,0.0,0.0,0.0,0.0
659.329,27.3,1029.344,38.588,9.59,0.0,0.0,0.0,0.0,0.0
659.409,27.33,1029.395,38.591,9.57,0.0,0.0,0.0,0.0,0.0
659.5,27.32,1029.373,38.555,9.59,0.0,0.0,0.0,0.0,0.0
659.627,27.32,1029.396,38.544,9.56,0.0,0.0,0.0,0.0,0.0
659.854,27.36,1029.393,38.639,9.58,0.0,0.0,0.0,0.0,0.0
659.942,27.27,1029.25,38.643,9.59,0.0,0.0,0.0,0.0,0.0
660.049,27.27,1029.252,38.574,9.61,0.0,0.0,0.0,0.0,0.0
660.213,27.28,1029.259,38.609,9.58,0.0,0.0,0.0,0.0,0.0
660.298,27.28,1029.252,38.631,9.66,0.0,0.0,0.0,0.0,0.0
660.442,27.37,1029.397,38.685,9.54,0.0,0.0,0.0,0.0,0.0
660.612,27.37,1029.331,38.56,9.48,0.0,0.0,0.0,0.0,0.0
660.694,27.28,1029.213,38.518,9.38,0.0,0.0,0.0,0.0,0.0
660.795,27.38,1029.374,38.606,9.32,0.0,0.0,0.0,0.0,0.0
660.894,27.32,1029.267,38.544,9.23,0.0,0.0,0.0,0.0,0.0
661.002,27.34,1029.289,38.58,9.12,0.0,0.0,0.0,0.0,0.0
661.108,27.31,1029.22,38.589,9.15,0.0,0.0,0.0,0.0,0.0
661.247,27.31,1029.211,38.601,9.08,0.0,0.0,0.0,0.0,0.0
661.357,27.3,1029.148,38.565,9.13,0.0,0.0,0.0,0.0,0.0
661.469,27.33,1029.269,38.568,9.21,0.0,0.0,0.0,0.0,0.0
661.576,27.34,1029.284,38.568,9.31,0.0,0.0,0.0,0.0,0.0
661.643,27.34,1029.267,38.535,9.27,0.0,0.0,0.0,0.0,0.0
661.77,27.36,1029.316,38.616,9.27,0.0,0.0,0.0,0.0,0.0
661.883,27.37,1029.312,38.571,9.2,0.0,0.0,0.0,0.0,0.0
661.94,27.38,1029.359,38.481,9.38,0.0,0.0,0.0,0.0,0.0
662.241,27.38,1029.319,38.583,9.38,0.0,0.0,0.0,0.0,0.0
662.306,27.29,1029.151,38.554,9.39,0.0,0.0,0.0,0.0,0.0
662.393,27.29,1029.178,38.575,9.4,0.0,0.0,0.0,0.0,0.0
662.702,27.3,1029.188,38.542,9.45,0.0,0.0,0.0,0.0,0.0
662.803,27.29,1029.21,38.542,9.36,0.0,0.0,0.0,0.0,0.0
662.963,27.31,1029.221,38.544,9.39,0.0,0.0,0.0,0.0,0.0
663.056,27.39,1029.323,38.584,9.35,0.0,0.0,0.0,0.0,0.0
663.161,27.35,1029.248,38.513,9.39,0.0,0.0,0.0,0.0,0.0
663.38,27.32,1029.209,38.566,9.36,0.0,0.0,0.0,0.0,0.0
663.498,27.32,1029.203,38.555,9.46,0.0,0.0,0.0,0.0,0.0
663.593,27.3,1029.19,38.577,9.4,0.0,0.0,0.0,0.0,0.0
663.699,27.37,1029.357,38.47,9.4,0.0,0.0,0.0,0.0,0.0
663.824,27.38,1029.395,38.583,9.49,0.0,0.0,0.0,0.0,0.0
663.893,27.4,1029.434,38.494,9.54,0.0,0.0,0.0,0.0,0.0
664.028,27.39,1029.398,38.493,9.57,0.0,0.0,0.0,0.0,0.0
664.094,27.4,1029.394,38.517,9.65,0.0,0.0,0.0,0.0,0.0
664.219,27.4,1029.381,38.573,9.61,0.0,0.0,0.0,0.0,0.0
664.305,27.4,1029.396,38.619,9.65,0.0,0.0,0.0,0.0,0.0
664.446,27.38,1029.368,38.504,9.63,0.0,0.0,0.0,0.0,0.0
664.556,27.39,1029.349,38.527,9.53,0.0,0.0,0.0,0.0,0.0
664.643,27.31,1029.265,38.521,9.61,0.0,0.0,0.0,0.0,0.0
664.754,27.32,1029.279,38.521,9.52,0.0,0.0,0.0,0.0,0.0
664.841,27.33,1029.32,38.522,9.58,0.0,0.0,0.0,0.0,0.0
664.994,27.33,1029.283,38.511,9.35,0.0,0.0,0.0,0.0,0.0
665.09,27.35,1029.327,38.536,9.47,0.0,0.0,0.0,0.0,0.0
665.198,27.41,1029.373,38.506,9.63,0.0,0.0,0.0,0.0,0.0
665.307,27.34,1029.255,38.602,9.61,0.0,0.0,0.0,0.0,0.0
665.398,27.32,1029.241,38.453,9.55,0.0,0.0,0.0,0.0,0.0
665.529,27.32,1029.224,38.521,9.55,0.0,0.0,0.0,0.0,0.0
665.596,27.32,1029.216,38.636,9.63,0.0,0.0,0.0,0.0,0.0
665.699,27.31,1029.188,38.497,9.59,0.0,0.0,0.0,0.0,0.0
665.815,27.31,1029.201,38.453,9.48,0.0,0.0,0.0,0.0,0.0
665.914,27.31,1029.2,38.419,9.52,0.0,0.0,0.0,0.0,0.0
666.006,27.33,1029.228,38.466,9.62,0.0,0.0,0.0,0.0,0.0
666.149,27.31,1029.186,38.498,9.44,0.0,0.0,0.0,0.0,0.0
666.254,27.32,1029.187,38.498,9.36,0.0,0.0,0.0,0.0,0.0
666.341,27.41,1029.356,38.563,9.31,0.0,0.0,0.0,0.0,0.0
666.48,27.39,1029.301,38.55,9.2,0.0,0.0,0.0,0.0,0.0
666.591,27.39,1029.276,38.539,9.11,0.0,0.0,0.0,0.0,0.0
666.698,27.36,1029.233,38.502,9.1,0.0,0.0,0.0,0.0,0.0
666.812,27.36,1029.266,38.502,9.05,0.0,0.0,0.0,0.0,0.0
666.902,27.36,1029.285,38.479,9.02,0.0,0.0,0.0,0.0,0.0
667.042,27.38,1029.283,38.424,9.0,0.0,0.0,0.0,0.0,0.0
667.203,27.42,1029.31,38.507,9.13,0.0,0.0,0.0,0.0,0.0
667.292,27.32,1029.176,38.431,9.2,0.0,0.0,0.0,0.0,0.0
667.398,27.39,1029.308,38.493,9.31,0.0,0.0,0.0,0.0,0.0
667.545,27.4,1029.362,38.529,9.33,0.0,0.0,0.0,0.0,0.0
667.669,27.42,1029.34,38.52,9.4,0.0,0.0,0.0,0.0,0.0
667.76,27.34,1029.235,38.522,9.42,0.0,0.0,0.0,0.0,0.0
667.901,27.32,1029.205,38.442,9.45,0.0,0.0,0.0,0.0,0.0
667.96,27.33,1029.24,38.466,9.54,0.0,0.0,0.0,0.0,0.0
668.042,27.37,1029.326,38.48,9.53,0.0,0.0,0.0,0.0,0.0
668.15,27.35,1029.277,38.468,9.56,0.0,0.0,0.0,0.0,0.0
668.257,27.31,1029.199,38.487,9.59,0.0,0.0,0.0,0.0,0.0
668.366,27.33,1029.258,38.478,9.69,0.0,0.0,0.0,0.0,0.0
668.504,27.33,1029.261,38.478,9.63,0.0,0.0,0.0,0.0,0.0
668.598,27.42,1029.373,38.474,9.67,0.0,0.0,0.0,0.0,0.0
668.753,27.38,1029.289,38.458,9.7,0.0,0.0,0.0,0.0,0.0
668.9,27.37,1029.325,38.435,9.53,0.0,0.0,0.0,0.0,0.0
669.013,27.42,1029.343,38.462,9.5,0.0,0.0,0.0,0.0,0.0
669.102,27.34,1029.24,38.512,9.48,0.0,0.0,0.0,0.0,0.0
669.211,27.34,1029.24,38.478,9.63,0.0,0.0,0.0,0.0,0.0
669.346,27.33,1029.207,38.557,9.13,0.0,0.0,0.0,0.0,0.0
669.526,27.42,1029.379,38.507,9.3,0.0,0.0,0.0,0.0,0.0
669.651,27.43,1029.352,38.428,9.33,0.0,0.0,0.0,0.0,0.0
669.743,27.33,1029.181,38.409,9.26,0.0,0.0,0.0,0.0,0.0
669.901,27.43,1029.391,38.496,9.35,0.0,0.0,0.0,0.0,0.0
670.102,27.35,1029.276,38.468,9.48,0.0,0.0,0.0,0.0,0.0
670.206,27.36,1029.292,38.457,9.52,0.0,0.0,0.0,0.0,0.0
670.294,27.35,1029.302,38.445,9.59,0.0,0.0,0.0,0.0,0.0
670.514,27.36,1029.284,38.445,9.62,0.0,0.0,0.0,0.0,0.0
670.597,27.35,1029.273,38.445,9.53,0.0,0.0,0.0,0.0,0.0
670.703,27.39,1029.344,38.437,9.6,0.0,0.0,0.0,0.0,0.0
670.847,27.39,1029.337,38.346,9.51,0.0,0.0,0.0,0.0,0.0
670.979,27.44,1029.377,38.351,9.53,0.0,0.0,0.0,0.0,0.0
671.242,27.42,1029.362,38.474,9.35,0.0,0.0,0.0,0.0,0.0
671.358,27.44,1029.368,38.43,9.34,0.0,0.0,0.0,0.0,0.0
671.494,27.34,1029.225,38.443,9.31,0.0,0.0,0.0,0.0,0.0
671.541,27.37,1029.277,38.525,9.28,0.0,0.0,0.0,0.0,0.0
671.705,27.37,1029.273,38.412,9.41,0.0,0.0,0.0,0.0,0.0
671.799,27.34,1029.215,38.501,9.32,0.0,0.0,0.0,0.0,0.0
671.904,27.45,1029.38,38.419,9.33,0.0,0.0,0.0,0.0,0.0
671.995,27.44,1029.397,38.452,9.48,0.0,0.0,0.0,0.0,0.0
672.098,27.43,1029.356,38.395,9.5,0.0,0.0,0.0,0.0,0.0
672.211,27.43,1029.357,38.417,9.44,0.0,0.0,0.0,0.0,0.0
672.348,27.42,1029.333,38.439,9.39,0.0,0.0,0.0,0.0,0.0
672.469,27.41,1029.295,38.427,9.47,0.0,0.0,0.0,0.0,0.0
672.601,27.42,1029.354,38.404,9.55,0.0,0.0,0.0,0.0,0.0
672.741,27.46,1029.347,38.419,9.56,0.0,0.0,0.0,0.0,0.0
672.883,27.38,1029.226,38.47,9.44,0.0,0.0,0.0,0.0,0.0
672.943,27.42,1029.328,38.438,9.57,0.0,0.0,0.0,0.0,0.0
673.072,27.44,1029.338,38.407,9.63,0.0,0.0,0.0,0.0,0.0
673.193,27.45,1029.363,38.431,9.51,0.0,0.0,0.0,0.0,0.0
673.3,27.44,1029.291,38.361,9.55,0.0,0.0,0.0,0.0,0.0
673.412,27.37,1029.204,38.356,9.57,0.0,0.0,0.0,0.0,0.0
673.495,27.36,1029.209,38.411,9.55,0.0,0.0,0.0,0.0,0.0
673.658,27.39,1029.265,38.437,9.39,0.0,0.0,0.0,0.0,0.0
673.823,27.47,1029.366,38.433,9.39,0.0,0.0,0.0,0.0,0.0
673.908,27.45,1029.297,38.396,9.37,0.0,0.0,0.0,0.0,0.0
674.05,27.38,1029.234,38.391,9.15,0.0,0.0,0.0,0.0,0.0
674.156,27.47,1029.322,38.398,9.13,0.0,0.0,0.0,0.0,0.0
674.242,27.44,1029.247,38.395,9.11,0.0,0.0,0.0,0.0,0.0
674.375,27.42,1029.228,38.382,9.11,0.0,0.0,0.0,0.0,0.0
674.442,27.41,1029.212,38.37,9.1,0.0,0.0,0.0,0.0,0.0
674.568,27.41,1029.236,38.404,9.06,0.0,0.0,0.0,0.0,0.0
674.656,27.4,1029.214,38.347,9.13,0.0,0.0,0.0,0.0,0.0
674.91,27.38,1029.181,38.458,9.38,0.0,0.0,0.0,0.0,0.0
675.103,27.46,1029.384,38.419,9.54,0.0,0.0,0.0,0.0,0.0
675.194,27.48,1029.401,38.308,9.53,0.0,0.0,0.0,0.0,0.0
675.323,27.48,1029.416,38.387,9.55,0.0,0.0,0.0,0.0,0.0
675.412,27.48,1029.406,38.364,9.52,0.0,0.0,0.0,0.0,0.0
675.608,27.48,1029.403,38.41,9.7,0.0,0.0,0.0,0.0,0.0
675.769,27.48,1029.427,38.388,9.72,0.0,0.0,0.0,0.0,0.0
675.874,27.46,1029.34,38.386,9.64,0.0,0.0,0.0,0.0,0.0
676.164,27.49,1029.384,38.331,9.46,0.0,0.0,0.0,0.0,0.0
676.267,27.43,1029.296,38.371,9.55,0.0,0.0,0.0,0.0,0.0
676.393,27.43,1029.355,38.462,9.51,0.0,0.0,0.0,0.0,0.0
676.551,27.49,1029.383,38.377,9.45,0.0,0.0,0.0,0.0,0.0
676.623,27.42,1029.249,38.382,9.38,0.0,0.0,0.0,0.0,0.0
676.693,27.4,1029.241,38.415,9.42,0.0,0.0,0.0,0.0,0.0
676.803,27.4,1029.21,38.482,9.46,0.0,0.0,0.0,0.0,0.0
676.893,27.39,1029.209,38.402,9.45,0.0,0.0,0.0,0.0,0.0
677.043,27.41,1029.26,38.336,9.49,0.0,0.0,0.0,0.0,0.0
677.133,27.38,1029.193,38.356,9.56,0.0,0.0,0.0,0.0,0.0
677.266,27.4,1029.187,38.357,9.4,0.0,0.0,0.0,0.0,0.0
677.356,27.4,1029.216,38.449,9.45,0.0,0.0,0.0,0.0,0.0
677.443,27.49,1029.41,38.31,9.56,0.0,0.0,0.0,0.0,0.0
677.557,27.49,1029.369,38.412,9.55,0.0,0.0,0.0,0.0,0.0
677.641,27.46,1029.276,38.408,9.46,0.0,0.0,0.0,0.0,0.0
677.753,27.46,1029.305,38.408,9.49,0.0,0.0,0.0,0.0,0.0
677.881,27.48,1029.33,38.329,9.49,0.0,0.0,0.0,0.0,0.0
677.948,27.46,1029.304,38.352,9.51,0.0,0.0,0.0,0.0,0.0
678.137,27.46,1029.264,38.362,9.32,0.0,0.0,0.0,0.0,0.0
678.203,27.46,1029.242,38.352,9.42,0.0,0.0,0.0,0.0,0.0
678.304,27.46,1029.308,38.34,9.39,0.0,0.0,0.0,0.0,0.0
678.395,27.46,1029.311,38.317,9.29,0.0,0.0,0.0,0.0,0.0
678.498,27.46,1029.247,38.362,9.26,0.0,0.0,0.0,0.0,0.0
678.612,27.48,1029.321,38.284,9.29,0.0,0.0,0.0,0.0,0.0
678.698,27.48,1029.322,38.364,9.19,0.0,0.0,0.0,0.0,0.0
678.81,27.49,1029.309,38.398,9.17,0.0,0.0,0.0,0.0,0.0
678.948,27.49,1029.326,38.388,9.07,0.0,0.0,0.0,0.0,0.0
679.059,27.51,1029.321,38.412,9.16,0.0,0.0,0.0,0.0,0.0
679.142,27.41,1029.179,38.347,9.24,0.0,0.0,0.0,0.0,0.0
679.259,27.41,1029.186,38.245,9.22,0.0,0.0,0.0,0.0,0.0
679.343,27.42,1029.21,38.325,9.17,0.0,0.0,0.0,0.0,0.0
679.487,27.42,1029.202,38.313,9.19,0.0,0.0,0.0,0.0,0.0
679.594,27.42,1029.228,38.371,9.27,0.0,0.0,0.0,0.0,0.0
679.701,27.41,1029.184,38.379,9.27,0.0,0.0,0.0,0.0,0.0
679.807,27.47,1029.313,38.387,9.42,0.0,0.0,0.0,0.0,0.0
679.895,27.45,1029.249,38.317,9.49,0.0,0.0,0.0,0.0,0.0
680.005,27.46,1029.249,38.328,9.55,0.0,0.0,0.0,0.0,0.0
680.094,27.46,1029.222,38.408,9.53,0.0,0.0,0.0,0.0,0.0
680.198,27.45,1029.25,38.215,9.61,0.0,0.0,0.0,0.0,0.0
680.331,27.42,1029.214,38.326,9.64,0.0,0.0,0.0,0.0,0.0
680.643,27.49,1029.403,38.4,9.91,0.0,0.0,0.0,0.0,0.0
680.757,27.51,1029.427,38.321,10.0,0.0,0.0,0.0,0.0,0.0
680.842,27.52,1029.432,38.312,9.85,0.0,0.0,0.0,0.0,0.0
680.949,27.51,1029.392,38.287,9.8,0.0,0.0,0.0,0.0,0.0
681.054,27.52,1029.428,38.209,9.75,0.0,0.0,0.0,0.0,0.0
681.185,27.53,1029.404,38.278,9.65,0.0,0.0,0.0,0.0,0.0
681.311,27.52,1029.391,38.368,9.6,0.0,0.0,0.0,0.0,0.0
681.401,27.52,1029.366,38.277,9.4,0.0,0.0,0.0,0.0,0.0
681.504,27.42,1029.193,38.326,9.32,0.0,0.0,0.0,0.0,0.0
681.594,27.44,1029.252,38.316,9.26,0.0,0.0,0.0,0.0,0.0
681.699,27.44,1029.261,38.316,9.22,0.0,0.0,0.0,0.0,0.0
681.816,27.46,1029.29,38.317,9.26,0.0,0.0,0.0,0.0,0.0
681.918,27.47,1029.295,38.317,9.25,0.0,0.0,0.0,0.0,0.0
682.011,27.48,1029.307,38.308,9.07,0.0,0.0,0.0,0.0,0.0
682.149,27.49,1029.343,38.275,9.15,0.0,0.0,0.0,0.0,0.0
682.258,27.53,1029.314,38.244,9.24,0.0,0.0,0.0,0.0,0.0
682.342,27.45,1029.187,38.226,9.26,0.0,0.0,0.0,0.0,0.0
682.457,27.43,1029.171,38.326,9.23,0.0,0.0,0.0,0.0,0.0
682.542,27.44,1029.166,38.156,9.26,0.0,0.0,0.0,0.0,0.0
682.667,27.45,1029.218,38.34,9.29,0.0,0.0,0.0,0.0,0.0
682.792,27.43,1029.16,38.349,9.37,0.0,0.0,0.0,0.0,0.0
682.901,27.43,1029.183,38.145,9.27,0.0,0.0,0.0,0.0,0.0
683.005,27.53,1029.361,38.336,9.36,0.0,0.0,0.0,0.0,0.0
683.096,27.52,1029.353,38.231,9.38,0.0,0.0,0.0,0.0,0.0
683.224,27.53,1029.376,38.369,9.41,0.0,0.0,0.0,0.0,0.0
683.314,27.52,1029.349,38.356,9.4,0.0,0.0,0.0,0.0,0.0
683.531,27.53,1029.342,38.298,9.53,0.0,0.0,0.0,0.0,0.0
683.649,27.5,1029.293,38.287,9.67,0.0,0.0,0.0,0.0,0.0
683.757,27.51,1029.306,38.287,9.72,0.0,0.0,0.0,0.0,0.0
683.843,27.46,1029.275,38.284,9.8,0.0,0.0,0.0,0.0,0.0
684.001,27.49,1029.32,38.286,9.59,0.0,0.0,0.0,0.0,0.0
684.043,27.49,1029.316,38.285,9.9,0.0,0.0,0.0,0.0,0.0
684.207,27.5,1029.336,38.219,9.81,0.0,0.0,0.0,0.0,0.0
684.261,27.52,1029.384,38.3,9.48,0.0,0.0,0.0,0.0,0.0
684.351,27.52,1029.349,38.243,9.79,0.0,0.0,0.0,0.0,0.0
684.517,27.54,1029.365,38.369,9.54,0.0,0.0,0.0,0.0,0.0
684.6,27.55,1029.315,38.2,9.61,0.0,0.0,0.0,0.0,0.0
684.706,27.46,1029.208,38.386,9.46,0.0,0.0,0.0,0.0,0.0
684.794,27.45,1029.181,38.236,9.41,0.0,0.0,0.0,0.0,0.0
684.987,27.45,1029.182,38.271,9.31,0.0,0.0,0.0,0.0,0.0
685.101,27.55,1029.343,38.212,9.22,0.0,0.0,0.0,0.0,0.0
685.225,27.5,1029.242,38.355,9.13,0.0,0.0,0.0,0.0,0.0
685.352,27.45,1029.162,38.26,9.19,0.0,0.0,0.0,0.0,0.0
685.48,27.45,1029.159,38.291,9.03,0.0,0.0,0.0,0.0,0.0
685.543,27.49,1029.207,38.275,9.02,0.0,0.0,0.0,0.0,0.0
685.656,27.49,1029.21,38.31,8.88,0.0,0.0,0.0,0.0,0.0
685.744,27.49,1029.169,38.24,9.05,0.0,0.0,0.0,0.0,0.0
685.852,27.49,1029.181,38.287,8.93,0.0,0.0,0.0,0.0,0.0
685.993,27.48,1029.172,38.217,8.96,0.0,0.0,0.0,0.0,0.0
686.147,27.48,1029.18,38.239,9.11,0.0,0.0,0.0,0.0,0.0
686.207,27.52,1029.279,38.277,9.12,0.0,0.0,0.0,0.0,0.0
686.349,27.55,1029.353,38.291,9.06,0.0,0.0,0.0,0.0,0.0
686.405,27.54,1029.334,38.302,9.24,0.0,0.0,0.0,0.0,0.0
686.542,27.56,1029.347,38.269,9.28,0.0,0.0,0.0,0.0,0.0
686.656,27.56,1029.322,38.28,9.38,0.0,0.0,0.0,0.0,0.0
686.744,27.45,1029.173,38.271,9.38,0.0,0.0,0.0,0.0,0.0
686.927,27.46,1029.203,38.203,9.39,0.0,0.0,0.0,0.0,0.0
687.066,27.56,1029.404,38.247,9.53,0.0,0.0,0.0,0.0,0.0
687.174,27.55,1029.36,38.257,9.59,0.0,0.0,0.0,0.0,0.0
687.243,27.46,1029.257,38.237,9.63,0.0,0.0,0.0,0.0,0.0
687.377,27.46,1029.286,38.238,9.75,0.0,0.0,0.0,0.0,0.0
687.466,27.49,1029.3,38.24,9.9,0.0,0.0,0.0,0.0,0.0
687.55,27.5,1029.361,38.23,9.95,0.0,0.0,0.0,0.0,0.0
687.714,27.52,1029.374,38.288,9.9,0.0,0.0,0.0,0.0,0.0
687.843,27.56,1029.438,38.281,10.07,0.0,0.0,0.0,0.0,0.0
687.91,27.49,1029.307,38.16,10.07,0.0,0.0,0.0,0.0,0.0
687.996,27.48,1029.261,38.24,10.07,0.0,0.0,0.0,0.0,0.0
688.124,27.51,1029.336,38.333,9.97,0.0,0.0,0.0,0.0,0.0
688.231,27.49,1029.313,38.173,9.82,0.0,0.0,0.0,0.0,0.0
688.299,27.48,1029.266,38.217,9.73,0.0,0.0,0.0,0.0,0.0
688.408,27.47,1029.24,38.238,9.66,0.0,0.0,0.0,0.0,0.0
688.549,27.49,1029.282,38.23,9.63,0.0,0.0,0.0,0.0,0.0
688.667,27.46,1029.243,38.227,9.41,0.0,0.0,0.0,0.0,0.0
688.743,27.58,1029.451,38.316,9.21,0.0,0.0,0.0,0.0,0.0
688.857,27.57,1029.427,38.225,9.12,0.0,0.0,0.0,0.0,0.0
688.946,27.51,1029.308,38.242,9.13,0.0,0.0,0.0,0.0,0.0
689.157,27.54,1029.34,38.143,9.05,0.0,0.0,0.0,0.0,0.0
689.244,27.55,1029.324,38.2,9.01,0.0,0.0,0.0,0.0,0.0
689.408,27.52,1029.25,38.231,9.07,0.0,0.0,0.0,0.0,0.0
689.495,27.5,1029.202,38.207,9.06,0.0,0.0,0.0,0.0,0.0
689.608,27.52,1029.301,38.187,9.13,0.0,0.0,0.0,0.0,0.0
689.695,27.53,1029.322,38.198,9.3,0.0,0.0,0.0,0.0,0.0
689.882,27.55,1029.334,38.279,9.34,0.0,0.0,0.0,0.0,0.0
689.945,27.58,1029.341,38.124,9.41,0.0,0.0,0.0,0.0,0.0
690.102,27.5,1029.206,38.185,9.57,0.0,0.0,0.0,0.0,0.0
690.187,27.51,1029.232,38.175,9.57,0.0,0.0,0.0,0.0,0.0
690.242,27.5,1029.228,38.196,9.62,0.0,0.0,0.0,0.0,0.0
690.442,27.49,1029.227,38.115,9.61,0.0,0.0,0.0,0.0,0.0
690.552,27.49,1029.214,38.219,9.55,0.0,0.0,0.0,0.0,0.0
690.663,27.51,1029.24,38.185,9.57,0.0,0.0,0.0,0.0,0.0
690.752,27.5,1029.22,38.14,9.52,0.0,0.0,0.0,0.0,0.0
690.916,27.5,1029.213,38.196,9.45,0.0,0.0,0.0,0.0,0.0
691.041,27.5,1029.217,38.173,9.41,0.0,0.0,0.0,0.0,0.0
691.11,27.59,1029.349,38.224,9.27,0.0,0.0,0.0,0.0,0.0
691.197,27.56,1029.252,38.213,9.23,0.0,0.0,0.0,0.0,0.0
691.431,27.53,1029.227,38.21,9.18,0.0,0.0,0.0,0.0,0.0
691.502,27.52,1029.204,38.152,9.12,0.0,0.0,0.0,0.0,0.0
691.771,27.52,1029.194,38.221,9.26,0.0,0.0,0.0,0.0,0.0
691.857,27.51,1029.161,38.162,9.29,0.0,0.0,0.0,0.0,0.0
691.964,27.57,1029.313,38.145,9.34,0.0,0.0,0.0,0.0,0.0
692.057,27.57,1029.311,38.214,9.35,0.0,0.0,0.0,0.0,0.0
692.144,27.58,1029.356,38.18,9.5,0.0,0.0,0.0,0.0,0.0
692.379,27.6,1029.415,38.182,9.48,0.0,0.0,0.0,0.0,0.0
692.441,27.6,1029.38,38.091,9.56,0.0,0.0,0.0,0.0,0.0
692.607,27.61,1029.411,38.171,9.6,0.0,0.0,0.0,0.0,0.0
692.695,27.6,1029.34,38.171,9.66,0.0,0.0,0.0,0.0,0.0
692.823,27.5,1029.216,38.173,9.59,0.0,0.0,0.0,0.0,0.0
692.894,27.51,1029.229,38.162,9.66,0.0,0.0,0.0,0.0,0.0
693.107,27.53,1029.279,38.164,9.7,0.0,0.0,0.0,0.0,0.0
693.368,27.6,1029.351,38.137,9.5,0.0,0.0,0.0,0.0,0.0
693.451,27.54,1029.243,38.223,9.47,0.0,0.0,0.0,0.0,0.0
693.583,27.53,1029.216,38.107,9.43,0.0,0.0,0.0,0.0,0.0
693.645,27.52,1029.174,38.197,9.37,0.0,0.0,0.0,0.0,0.0
693.755,27.53,1029.202,38.073,9.48,0.0,0.0,0.0,0.0,0.0
693.862,27.52,1029.173,38.163,9.42,0.0,0.0,0.0,0.0,0.0
693.991,27.53,1029.208,38.153,9.19,0.0,0.0,0.0,0.0,0.0
694.118,27.51,1029.169,38.061,9.35,0.0,0.0,0.0,0.0,0.0
694.198,27.52,1029.198,38.096,8.98,0.0,0.0,0.0,0.0,0.0
694.395,27.62,1029.42,38.148,9.27,0.0,0.0,0.0,0.0,0.0
694.54,27.62,1029.377,38.16,9.57,0.0,0.0,0.0,0.0,0.0
694.638,27.62,1029.393,38.194,9.68,0.0,0.0,0.0,0.0,0.0
694.706,27.6,1029.34,38.046,9.61,0.0,0.0,0.0,0.0,0.0
694.84,27.63,1029.38,38.115,9.39,0.0,0.0,0.0,0.0,0.0
694.952,27.59,1029.302,38.124,9.57,0.0,0.0,0.0,0.0,0.0
695.168,27.55,1029.265,38.132,9.65,0.0,0.0,0.0,0.0,0.0
695.342,27.56,1029.288,38.133,9.73,0.0,0.0,0.0,0.0,0.0
695.589,27.57,1029.301,38.134,9.66,0.0,0.0,0.0,0.0,0.0
695.645,27.6,1029.326,38.09,9.7,0.0,0.0,0.0,0.0,0.0
695.804,27.61,1029.325,38.001,9.56,0.0,0.0,0.0,0.0,0.0
695.895,27.63,1029.333,38.185,9.55,0.0,0.0,0.0,0.0,0.0
696.029,27.53,1029.152,38.177,9.35,0.0,0.0,0.0,0.0,0.0
696.118,27.55,1029.202,38.121,9.31,0.0,0.0,0.0,0.0,0.0
696.249,27.54,1029.175,38.165,9.39,0.0,0.0,0.0,0.0,0.0
696.306,27.54,1029.17,38.144,9.34,0.0,0.0,0.0,0.0,0.0
696.451,27.55,1029.162,38.154,9.02,0.0,0.0,0.0,0.0,0.0
696.588,27.53,1029.143,38.096,8.99,0.0,0.0,0.0,0.0,0.0
696.757,27.62,1029.281,38.081,9.09,0.0,0.0,0.0,0.0,0.0
696.844,27.6,1029.26,38.161,8.93,0.0,0.0,0.0,0.0,0.0
696.957,27.58,1029.167,38.112,8.93,0.0,0.0,0.0,0.0,0.0
697.073,27.57,1029.175,38.167,9.02,0.0,0.0,0.0,0.0,0.0
697.399,27.57,1029.153,38.076,9.16,0.0,0.0,0.0,0.0,0.0
697.508,27.61,1029.282,38.114,9.25,0.0,0.0,0.0,0.0,0.0
697.641,27.61,1029.297,38.035,9.31,0.0,0.0,0.0,0.0,0.0
697.696,27.62,1029.296,38.115,9.39,0.0,0.0,0.0,0.0,0.0
697.795,27.62,1029.301,38.081,9.51,0.0,0.0,0.0,0.0,0.0
697.916,27.62,1029.343,38.024,9.51,0.0,0.0,0.0,0.0,0.0
698.003,27.64,1029.359,38.026,9.48,0.0,0.0,0.0,0.0,0.0
698.184,27.65,1029.375,38.071,9.59,0.0,0.0,0.0,0.0,0.0
698.256,27.65,1029.32,38.095,9.53,0.0,0.0,0.0,0.0,0.0
698.344,27.55,1029.185,38.154,9.59,0.0,0.0,0.0,0.0,0.0
698.455,27.56,1029.231,38.109,9.59,0.0,0.0,0.0,0.0,0.0
698.593,27.55,1029.197,38.098,9.47,0.0,0.0,0.0,0.0,0.0
698.785,27.65,1029.37,38.117,9.4,0.0,0.0,0.0,0.0,0.0
698.844,27.62,1029.297,38.092,9.59,0.0,0.0,0.0,0.0,0.0
699.039,27.58,1029.303,38.112,9.56,0.0,0.0,0.0,0.0,0.0
699.11,27.65,1029.341,38.095,9.44,0.0,0.0,0.0,0.0,0.0
699.313,27.57,1029.231,38.19,9.5,0.0,0.0,0.0,0.0,0.0
699.4,27.57,1029.279,38.088,9.56,0.0,0.0,0.0,0.0,0.0
699.519,27.58,1029.252,38.055,9.56,0.0,0.0,0.0,0.0,0.0
699.668,27.57,1029.255,38.11,9.57,0.0,0.0,0.0,0.0,0.0
699.766,27.56,1029.267,38.156,9.61,0.0,0.0,0.0,0.0,0.0
699.894,27.65,1029.433,37.992,9.7,0.0,0.0,0.0,0.0,0.0
699.993,27.66,1029.434,38.084,9.67,0.0,0.0,0.0,0.0,0.0
700.043,27.66,1029.417,38.039,9.63,0.0,0.0,0.0,0.0,0.0
700.177,27.66,1029.43,38.107,9.73,0.0,0.0,0.0,0.0,0.0
700.335,27.66,1029.452,38.232,9.72,0.0,0.0,0.0,0.0,0.0
700.431,27.65,1029.385,38.06,9.7,0.0,0.0,0.0,0.0,0.0
700.511,27.57,1029.262,38.076,9.7,0.0,0.0,0.0,0.0,0.0
700.599,27.57,1029.28,38.077,9.72,0.0,0.0,0.0,0.0,0.0
700.704,27.57,1029.252,38.065,9.55,0.0,0.0,0.0,0.0,0.0
700.794,27.58,1029.303,38.077,9.54,0.0,0.0,0.0,0.0,0.0
700.899,27.59,1029.283,38.067,9.5,0.0,0.0,0.0,0.0,0.0
700.994,27.59,1029.315,38.079,9.46,0.0,0.0,0.0,0.0,0.0
701.138,27.61,1029.334,38.058,9.27,0.0,0.0,0.0,0.0,0.0
701.206,27.61,1029.344,38.092,9.28,0.0,0.0,0.0,0.0,0.0
701.353,27.63,1029.328,38.025,9.14,0.0,0.0,0.0,0.0,0.0
701.458,27.67,1029.328,38.131,9.27,0.0,0.0,0.0,0.0,0.0
701.542,27.57,1029.179,38.1,9.18,0.0,0.0,0.0,0.0,0.0
701.66,27.58,1029.218,38.021,9.17,0.0,0.0,0.0,0.0,0.0
701.746,27.57,1029.163,37.997,9.22,0.0,0.0,0.0,0.0,0.0
701.872,27.58,1029.182,38.09,9.32,0.0,0.0,0.0,0.0,0.0
701.955,27.58,1029.198,38.111,9.39,0.0,0.0,0.0,0.0,0.0
702.042,27.57,1029.152,38.11,9.4,0.0,0.0,0.0,0.0,0.0
702.231,27.61,1029.235,38.092,9.43,0.0,0.0,0.0,0.0,0.0
702.325,27.58,1029.173,38.065,9.58,0.0,0.0,0.0,0.0,0.0
702.482,27.66,1029.287,38.017,9.52,0.0,0.0,0.0,0.0,0.0
702.649,27.64,1029.259,38.032,9.52,0.0,0.0,0.0,0.0,0.0
702.704,27.68,1029.293,38.063,9.49,0.0,0.0,0.0,0.0,0.0
702.876,27.63,1029.212,38.06,9.39,0.0,0.0,0.0,0.0,0.0
702.964,27.65,1029.22,38.049,9.5,0.0,0.0,0.0,0.0,0.0
703.067,27.63,1029.238,38.024,9.42,0.0,0.0,0.0,0.0,0.0
703.157,27.64,1029.244,38.049,9.21,0.0,0.0,0.0,0.0,0.0
703.263,27.64,1029.249,38.071,9.41,0.0,0.0,0.0,0.0,0.0
703.35,27.65,1029.273,37.947,9.35,0.0,0.0,0.0,0.0,0.0
703.479,27.66,1029.302,38.027,9.35,0.0,0.0,0.0,0.0,0.0
703.551,27.66,1029.315,38.017,9.16,0.0,0.0,0.0,0.0,0.0
703.733,27.69,1029.328,38.03,9.24,0.0,0.0,0.0,0.0,0.0
703.907,27.6,1029.17,38.079,9.19,0.0,0.0,0.0,0.0,0.0
703.994,27.59,1029.139,38.067,9.31,0.0,0.0,0.0,0.0,0.0
704.122,27.6,1029.167,38.034,9.32,0.0,0.0,0.0,0.0,0.0
704.196,27.6,1029.164,37.988,9.35,0.0,0.0,0.0,0.0,0.0
704.299,27.59,1029.144,38.067,9.37,0.0,0.0,0.0,0.0,0.0
704.407,27.61,1029.198,38.023,9.36,0.0,0.0,0.0,0.0,0.0
704.568,27.6,1029.184,38.056,9.45,0.0,0.0,0.0,0.0,0.0
704.657,27.69,1029.313,38.007,9.47,0.0,0.0,0.0,0.0,0.0
704.743,27.66,1029.268,38.039,9.34,0.0,0.0,0.0,0.0,0.0
704.858,27.64,1029.23,38.026,9.43,0.0,0.0,0.0,0.0,0.0
704.944,27.64,1029.228,38.071,9.52,0.0,0.0,0.0,0.0,0.0
705.055,27.62,1029.194,38.104,9.5,0.0,0.0,0.0,0.0,0.0
705.155,27.61,1029.18,38.012,9.39,0.0,0.0,0.0,0.0,0.0
705.439,27.61,1029.205,38.001,9.46,0.0,0.0,0.0,0.0,0.0
705.503,27.6,1029.171,38.034,9.47,0.0,0.0,0.0,0.0,0.0
705.622,27.68,1029.348,37.916,9.48,0.0,0.0,0.0,0.0,0.0
705.694,27.7,1029.42,38.054,9.45,0.0,0.0,0.0,0.0,0.0
705.842,27.7,1029.426,37.996,9.5,0.0,0.0,0.0,0.0,0.0
705.905,27.7,1029.397,37.963,9.6,0.0,0.0,0.0,0.0,0.0
706.078,27.7,1029.415,37.963,9.68,0.0,0.0,0.0,0.0,0.0
706.186,27.7,1029.384,38.03,9.65,0.0,0.0,0.0,0.0,0.0
706.275,27.62,1029.286,38.001,9.75,0.0,0.0,0.0,0.0,0.0
706.358,27.62,1029.302,38.001,9.79,0.0,0.0,0.0,0.0,0.0
706.54,27.63,1029.295,38.013,9.84,0.0,0.0,0.0,0.0,0.0
706.663,27.7,1029.371,38.009,9.75,0.0,0.0,0.0,0.0,0.0
706.748,27.66,1029.301,38.005,9.52,0.0,0.0,0.0,0.0,0.0
706.894,27.65,1029.297,38.003,9.55,0.0,0.0,0.0,0.0,0.0
707.0,27.7,1029.305,37.975,9.43,0.0,0.0,0.0,0.0,0.0
707.106,27.63,1029.222,37.957,9.43,0.0,0.0,0.0,0.0,0.0
707.196,27.62,1029.17,37.933,9.44,0.0,0.0,0.0,0.0,0.0
707.307,27.62,1029.185,38.035,9.37,0.0,0.0,0.0,0.0,0.0
707.438,27.64,1029.228,38.015,9.39,0.0,0.0,0.0,0.0,0.0
707.614,27.62,1029.202,38.002,9.26,0.0,0.0,0.0,0.0,0.0
707.858,27.62,1029.176,37.967,9.15,0.0,0.0,0.0,0.0,0.0
707.972,27.71,1029.349,38.009,9.33,0.0,0.0,0.0,0.0,0.0
708.058,27.69,1029.307,37.928,9.33,0.0,0.0,0.0,0.0,0.0
708.143,27.71,1029.314,37.952,9.3,0.0,0.0,0.0,0.0,0.0
708.253,27.69,1029.285,37.95,9.29,0.0,0.0,0.0,0.0,0.0
708.444,27.66,1029.242,37.959,9.38,0.0,0.0,0.0,0.0,0.0
708.629,27.68,1029.246,37.996,9.41,0.0,0.0,0.0,0.0,0.0
708.704,27.66,1029.223,37.948,9.4,0.0,0.0,0.0,0.0,0.0
708.825,27.66,1029.255,38.005,9.49,0.0,0.0,0.0,0.0,0.0
708.912,27.68,1029.296,37.938,9.37,0.0,0.0,0.0,0.0,0.0
709.029,27.69,1029.318,37.95,9.26,0.0,0.0,0.0,0.0,0.0
709.115,27.68,1029.286,37.95,9.25,0.0,0.0,0.0,0.0,0.0
709.249,27.7,1029.326,37.985,9.26,0.0,0.0,0.0,0.0,0.0
709.363,27.72,1029.304,38.044,9.13,0.0,0.0,0.0,0.0,0.0
709.45,27.64,1029.2,37.901,9.15,0.0,0.0,0.0,0.0,0.0
709.558,27.63,1029.175,37.9,9.2,0.0,0.0,0.0,0.0,0.0
709.643,27.63,1029.202,37.957,9.25,0.0,0.0,0.0,0.0,0.0
709.757,27.64,1029.207,37.935,9.21,0.0,0.0,0.0,0.0,0.0
709.88,27.65,1029.243,37.969,9.21,0.0,0.0,0.0,0.0,0.0
710.004,27.65,1029.253,37.912,9.35,0.0,0.0,0.0,0.0,0.0
710.305,27.71,1029.328,37.958,9.56,0.0,0.0,0.0,0.0,0.0
710.395,27.73,1029.375,37.954,9.55,0.0,0.0,0.0,0.0,0.0
710.525,27.7,1029.323,37.996,9.59,0.0,0.0,0.0,0.0,0.0
710.595,27.67,1029.29,37.982,9.62,0.0,0.0,0.0,0.0,0.0
710.751,27.67,1029.295,38.028,9.46,0.0,0.0,0.0,0.0,0.0
710.837,27.66,1029.243,37.857,9.63,0.0,0.0,0.0,0.0,0.0
710.989,27.66,1029.254,37.88,9.68,0.0,0.0,0.0,0.0,0.0
711.143,27.71,1029.411,37.94,9.62,0.0,0.0,0.0,0.0,0.0
711.259,27.71,1029.422,37.941,9.69,0.0,0.0,0.0,0.0,0.0
711.344,27.71,1029.408,37.919,9.72,0.0,0.0,0.0,0.0,0.0
711.451,27.73,1029.456,37.852,9.54,0.0,0.0,0.0,0.0,0.0
711.56,27.73,1029.445,37.909,9.64,0.0,0.0,0.0,0.0,0.0
711.643,27.73,1029.413,37.954,9.58,0.0,0.0,0.0,0.0,0.0
711.824,27.73,1029.425,37.92,9.56,0.0,0.0,0.0,0.0,0.0
711.909,27.73,1029.354,37.942,9.62,0.0,0.0,0.0,0.0,0.0
712.006,27.67,1029.312,37.938,9.57,0.0,0.0,0.0,0.0,0.0
712.096,27.66,1029.305,37.937,9.47,0.0,0.0,0.0,0.0,0.0
712.312,27.7,1029.361,37.94,9.58,0.0,0.0,0.0,0.0,0.0
712.451,27.67,1029.275,37.925,9.4,0.0,0.0,0.0,0.0,0.0
712.564,27.74,1029.356,37.989,9.45,0.0,0.0,0.0,0.0,0.0
712.652,27.68,1029.241,38.019,9.51,0.0,0.0,0.0,0.0,0.0
712.778,27.68,1029.245,37.882,9.37,0.0,0.0,0.0,0.0,0.0
712.844,27.67,1029.223,37.858,9.44,0.0,0.0,0.0,0.0,0.0
712.954,27.66,1029.196,38.107,9.36,0.0,0.0,0.0,0.0,0.0
713.045,27.66,1029.188,37.959,9.36,0.0,0.0,0.0,0.0,0.0
713.195,27.67,1029.222,37.938,9.43,0.0,0.0,0.0,0.0,0.0
713.294,27.66,1029.2,37.925,9.5,0.0,0.0,0.0,0.0,0.0
713.458,27.66,1029.217,37.959,9.38,0.0,0.0,0.0,0.0,0.0
713.505,27.75,1029.381,37.922,9.39,0.0,0.0,0.0,0.0,0.0
713.595,27.75,1029.371,37.91,9.59,0.0,0.0,0.0,0.0,0.0
713.71,27.74,1029.299,37.875,9.59,0.0,0.0,0.0,0.0,0.0
713.794,27.73,1029.323,37.966,9.55,0.0,0.0,0.0,0.0,0.0
713.9,27.75,1029.313,37.899,9.59,0.0,0.0,0.0,0.0,0.0
714.011,27.72,1029.278,37.919,9.54,0.0,0.0,0.0,0.0,0.0
714.151,27.73,1029.303,37.92,9.45,0.0,0.0,0.0,0.0,0.0
714.29,27.7,1029.212,37.918,9.42,0.0,0.0,0.0,0.0,0.0
714.399,27.7,1029.258,37.918,9.4,0.0,0.0,0.0,0.0,0.0
714.542,27.75,1029.289,37.979,9.28,0.0,0.0,0.0,0.0,0.0
714.672,27.69,1029.17,37.985,9.25,0.0,0.0,0.0,0.0,0.0
714.756,27.71,1029.234,37.873,9.22,0.0,0.0,0.0,0.0,0.0
714.85,27.73,1029.241,37.852,9.29,0.0,0.0,0.0,0.0,0.0
715.124,27.76,1029.236,37.956,8.99,0.0,0.0,0.0,0.0,0.0
715.262,27.67,1029.094,37.892,9.11,0.0,0.0,0.0,0.0,0.0
715.402,27.76,1029.321,37.911,8.91,0.0,0.0,0.0,0.0,0.0
715.547,27.76,1029.263,37.923,9.06,0.0,0.0,0.0,0.0,0.0
715.744,27.77,1029.273,37.866,9.18,0.0,0.0,0.0,0.0,0.0
715.886,27.75,1029.225,37.91,9.18,0.0,0.0,0.0,0.0,0.0
715.957,27.68,1029.145,37.858,9.26,0.0,0.0,0.0,0.0,0.0
716.044,27.77,1029.308,37.888,9.39,0.0,0.0,0.0,0.0,0.0
716.195,27.74,1029.279,37.898,9.45,0.0,0.0,0.0,0.0,0.0
716.263,27.72,1029.249,37.896,9.39,0.0,0.0,0.0,0.0,0.0
716.35,27.71,1029.272,37.873,9.51,0.0,0.0,0.0,0.0,0.0
716.494,27.72,1029.26,37.782,9.5,0.0,0.0,0.0,0.0,0.0
716.602,27.71,1029.266,37.93,9.5,0.0,0.0,0.0,0.0,0.0
716.713,27.73,1029.334,37.875,9.53,0.0,0.0,0.0,0.0,0.0
716.797,27.74,1029.338,37.875,9.58,0.0,0.0,0.0,0.0,0.0
716.907,27.75,1029.388,37.944,9.6,0.0,0.0,0.0,0.0,0.0
716.997,27.76,1029.384,37.933,9.53,0.0,0.0,0.0,0.0,0.0
717.247,27.77,1029.387,37.9,9.78,0.0,0.0,0.0,0.0,0.0
717.35,27.68,1029.255,37.915,9.86,0.0,0.0,0.0,0.0,0.0
717.458,27.7,1029.29,37.871,9.84,0.0,0.0,0.0,0.0,0.0
717.543,27.68,1029.257,37.87,9.88,0.0,0.0,0.0,0.0,0.0
717.695,27.68,1029.284,37.905,10.0,0.0,0.0,0.0,0.0,0.0
717.742,27.71,1029.309,37.861,10.06,0.0,0.0,0.0,0.0,0.0
717.871,27.68,1029.281,37.894,10.04,0.0,0.0,0.0,0.0,0.0
717.993,27.69,1029.261,37.884,10.0,0.0,0.0,0.0,0.0,0.0
718.129,27.79,1029.375,37.879,9.92,0.0,0.0,0.0,0.0,0.0
718.302,27.73,1029.262,37.909,9.82,0.0,0.0,0.0,0.0,0.0
718.406,27.73,1029.263,37.829,9.68,0.0,0.0,0.0,0.0,0.0
718.496,27.73,1029.262,37.84,9.56,0.0,0.0,0.0,0.0,0.0
718.6,27.72,1029.25,37.737,9.37,0.0,0.0,0.0,0.0,0.0
718.714,27.72,1029.224,37.874,9.23,0.0,0.0,0.0,0.0,0.0
718.803,27.71,1029.205,37.963,9.09,0.0,0.0,0.0,0.0,0.0
718.907,27.7,1029.13,37.814,9.09,0.0,0.0,0.0,0.0,0.0
719.05,27.69,1029.151,37.895,8.71,0.0,0.0,0.0,0.0,0.0
719.245,27.8,1029.322,37.926,8.81,0.0,0.0,0.0,0.0,0.0
719.352,27.8,1029.327,37.823,8.85,0.0,0.0,0.0,0.0,0.0
719.464,27.78,1029.275,37.89,8.73,0.0,0.0,0.0,0.0,0.0
719.656,27.78,1029.31,37.811,9.08,0.0,0.0,0.0,0.0,0.0
719.745,27.78,1029.287,37.879,9.16,0.0,0.0,0.0,0.0,0.0
719.912,27.76,1029.273,37.854,9.28,0.0,0.0,0.0,0.0,0.0
720.021,27.76,1029.265,37.843,9.37,0.0,0.0,0.0,0.0,0.0
720.107,27.74,1029.265,37.841,9.48,0.0,0.0,0.0,0.0,0.0
720.196,27.74,1029.254,37.841,9.61,0.0,0.0,0.0,0.0,0.0
720.35,27.74,1029.271,37.83,9.53,0.0,0.0,0.0,0.0,0.0
720.414,27.75,1029.256,37.797,9.7,0.0,0.0,0.0,0.0,0.0
720.551,27.78,1029.359,37.845,9.8,0.0,0.0,0.0,0.0,0.0
720.657,27.81,1029.358,37.858,9.63,0.0,0.0,0.0,0.0,0.0
720.945,27.8,1029.396,37.813,9.79,0.0,0.0,0.0,0.0,0.0
721.052,27.81,1029.348,37.744,9.79,0.0,0.0,0.0,0.0,0.0
721.164,27.72,1029.209,37.896,9.81,0.0,0.0,0.0,0.0,0.0
721.251,27.7,1029.194,37.827,9.81,0.0,0.0,0.0,0.0,0.0
721.412,27.71,1029.146,37.815,9.66,0.0,0.0,0.0,0.0,0.0
721.607,27.81,1029.353,37.733,9.62,0.0,0.0,0.0,0.0,0.0
721.714,27.81,1029.369,37.835,9.54,0.0,0.0,0.0,0.0,0.0
721.801,27.8,1029.315,37.823,9.41,0.0,0.0,0.0,0.0,0.0
721.917,27.79,1029.253,37.812,9.27,0.0,0.0,0.0,0.0,0.0
722.106,27.76,1029.213,37.774,9.03,0.0,0.0,0.0,0.0,0.0
722.359,27.76,1029.204,37.809,8.92,0.0,0.0,0.0,0.0,0.0
722.444,27.78,1029.271,37.867,8.92,0.0,0.0,0.0,0.0,0.0
722.567,27.79,1029.293,37.755,8.81,0.0,0.0,0.0,0.0,0.0
722.695,27.8,1029.267,37.79,8.99,0.0,0.0,0.0,0.0,0.0
722.859,27.82,1029.293,37.746,9.12,0.0,0.0,0.0,0.0,0.0
722.943,27.72,1029.135,37.919,9.05,0.0,0.0,0.0,0.0,0.0
723.107,27.83,1029.338,37.905,9.42,0.0,0.0,0.0,0.0,0.0
723.197,27.83,1029.322,37.791,9.44,0.0,0.0,0.0,0.0,0.0
723.323,27.74,1029.212,37.784,9.46,0.0,0.0,0.0,0.0,0.0
723.396,27.73,1029.208,37.783,9.62,0.0,0.0,0.0,0.0,0.0
723.503,27.72,1029.183,37.805,9.69,0.0,0.0,0.0,0.0,0.0
723.632,27.71,1029.196,37.816,9.82,0.0,0.0,0.0,0.0,0.0
723.695,27.72,1029.207,37.794,9.78,0.0,0.0,0.0,0.0,0.0
723.824,27.73,1029.223,37.795,9.81,0.0,0.0,0.0,0.0,0.0
723.944,27.75,1029.277,37.785,9.8,0.0,0.0,0.0,0.0,0.0
724.077,27.83,1029.365,37.803,9.82,0.0,0.0,0.0,0.0,0.0
724.145,27.78,1029.278,37.879,9.8,0.0,0.0,0.0,0.0,0.0
724.272,27.76,1029.252,37.876,9.79,0.0,0.0,0.0,0.0,0.0
724.364,27.77,1029.275,37.821,9.77,0.0,0.0,0.0,0.0,0.0
724.451,27.77,1029.268,37.821,9.75,0.0,0.0,0.0,0.0,0.0
724.623,27.74,1029.212,37.796,9.59,0.0,0.0,0.0,0.0,0.0
724.708,27.74,1029.198,37.762,9.58,0.0,0.0,0.0,0.0,0.0
724.818,27.81,1029.322,37.869,9.57,0.0,0.0,0.0,0.0,0.0
724.898,27.84,1029.395,37.77,9.48,0.0,0.0,0.0,0.0,0.0
725.08,27.84,1029.353,37.826,9.35,0.0,0.0,0.0,0.0,0.0
725.204,27.8,1029.259,37.767,9.34,0.0,0.0,0.0,0.0,0.0
725.365,27.85,1029.387,37.771,9.16,0.0,0.0,0.0,0.0,0.0
725.534,27.83,1029.303,37.791,9.26,0.0,0.0,0.0,0.0,0.0
725.646,27.85,1029.323,37.782,9.08,0.0,0.0,0.0,0.0,0.0
725.801,27.8,1029.242,37.777,9.11,0.0,0.0,0.0,0.0,0.0
725.844,27.78,1029.281,37.776,9.21,0.0,0.0,0.0,0.0,0.0
725.975,27.77,1029.226,37.775,9.33,0.0,0.0,0.0,0.0,0.0
726.077,27.79,1029.277,37.777,9.29,0.0,0.0,0.0,0.0,0.0
726.145,27.8,1029.267,37.79,9.31,0.0,0.0,0.0,0.0,0.0
726.325,27.81,1029.301,37.768,9.48,0.0,0.0,0.0,0.0,0.0
726.397,27.85,1029.33,37.737,9.4,0.0,0.0,0.0,0.0,0.0
726.512,27.77,1029.193,37.741,9.43,0.0,0.0,0.0,0.0,0.0
726.597,27.76,1029.192,37.82,9.49,0.0,0.0,0.0,0.0,0.0
726.7,27.77,1029.219,37.639,9.52,0.0,0.0,0.0,0.0,0.0
726.81,27.76,1029.208,37.717,9.59,0.0,0.0,0.0,0.0,0.0
726.895,27.75,1029.173,37.729,9.44,0.0,0.0,0.0,0.0,0.0
727.006,27.75,1029.189,37.739,9.6,0.0,0.0,0.0,0.0,0.0
727.145,27.75,1029.208,37.729,9.68,0.0,0.0,0.0,0.0,0.0
727.344,27.86,1029.375,37.749,9.49,0.0,0.0,0.0,0.0,0.0
727.564,27.83,1029.306,37.724,9.46,0.0,0.0,0.0,0.0,0.0
727.683,27.83,1029.285,37.757,9.43,0.0,0.0,0.0,0.0,0.0
727.834,27.82,1029.295,37.746,9.28,0.0,0.0,0.0,0.0,0.0
727.902,27.78,1029.172,37.754,9.39,0.0,0.0,0.0,0.0,0.0
728.007,27.8,1029.25,37.756,9.33,0.0,0.0,0.0,0.0,0.0
728.096,27.81,1029.294,37.79,9.24,0.0,0.0,0.0,0.0,0.0
728.262,27.83,1029.323,37.734,9.12,0.0,0.0,0.0,0.0,0.0
728.402,27.87,1029.294,37.727,9.25,0.0,0.0,0.0,0.0,0.0
728.512,27.77,1029.165,37.729,9.27,0.0,0.0,0.0,0.0,0.0
728.654,27.86,1029.365,37.692,9.14,0.0,0.0,0.0,0.0,0.0
728.761,27.87,1029.333,37.669,9.27,0.0,0.0,0.0,0.0,0.0
728.846,27.78,1029.216,37.686,9.36,0.0,0.0,0.0,0.0,0.0
728.959,27.79,1029.229,37.743,9.38,0.0,0.0,0.0,0.0,0.0
729.045,27.75,1029.166,37.797,9.29,0.0,0.0,0.0,0.0,0.0
729.151,27.76,1029.165,37.763,9.43,0.0,0.0,0.0,0.0,0.0
729.343,27.77,1029.212,37.708,9.49,0.0,0.0,0.0,0.0,0.0
729.508,27.76,1029.181,37.752,9.56,0.0,0.0,0.0,0.0,0.0
729.596,27.76,1029.194,37.738,9.58,0.0,0.0,0.0,0.0,0.0
729.736,27.84,1029.294,37.713,9.52,0.0,0.0,0.0,0.0,0.0
729.794,27.82,1029.272,37.723,9.46,0.0,0.0,0.0,0.0,0.0
729.943,27.79,1029.199,37.663,9.48,0.0,0.0,0.0,0.0,0.0
730.008,27.82,1029.244,37.791,9.48,0.0,0.0,0.0,0.0,0.0
730.208,27.81,1029.235,37.744,9.5,0.0,0.0,0.0,0.0,0.0
730.346,27.79,1029.198,37.788,9.5,0.0,0.0,0.0,0.0,0.0
730.46,27.79,1029.217,37.731,9.52,0.0,0.0,0.0,0.0,0.0
730.564,27.86,1029.406,37.828,9.52,0.0,0.0,0.0,0.0,0.0
730.654,27.88,1029.434,37.717,9.56,0.0,0.0,0.0,0.0,0.0
730.763,27.89,1029.442,37.671,9.49,0.0,0.0,0.0,0.0,0.0
730.853,27.89,1029.427,37.684,9.52,0.0,0.0,0.0,0.0,0.0
731.038,27.89,1029.416,37.796,9.52,0.0,0.0,0.0,0.0,0.0
731.104,27.86,1029.352,37.783,9.5,0.0,0.0,0.0,0.0,0.0
731.206,27.8,1029.267,37.744,9.44,0.0,0.0,0.0,0.0,0.0
731.296,27.8,1029.303,37.767,9.4,0.0,0.0,0.0,0.0,0.0
731.458,27.78,1029.25,37.744,9.51,0.0,0.0,0.0,0.0,0.0
731.601,27.89,1029.424,37.717,9.39,0.0,0.0,0.0,0.0,0.0
731.728,27.83,1029.284,37.724,9.49,0.0,0.0,0.0,0.0,0.0
731.876,27.83,1029.332,37.734,9.6,0.0,0.0,0.0,0.0,0.0
731.96,27.89,1029.394,37.729,9.68,0.0,0.0,0.0,0.0,0.0
732.047,27.79,1029.243,37.687,9.62,0.0,0.0,0.0,0.0,0.0
732.16,27.82,1029.297,37.678,9.73,0.0,0.0,0.0,0.0,0.0
732.295,27.85,1029.316,37.69,9.65,0.0,0.0,0.0,0.0,0.0
732.456,27.88,1029.393,37.762,9.52,0.0,0.0,0.0,0.0,0.0
732.546,27.9,1029.387,37.729,9.7,0.0,0.0,0.0,0.0,0.0
732.705,27.81,1029.227,37.563,9.48,0.0,0.0,0.0,0.0,0.0
732.798,27.81,1029.256,37.699,9.42,0.0,0.0,0.0,0.0,0.0
732.948,27.9,1029.423,37.695,9.4,0.0,0.0,0.0,0.0,0.0
732.997,27.9,1029.383,37.718,9.48,0.0,0.0,0.0,0.0,0.0
733.107,27.88,1029.374,37.682,9.4,0.0,0.0,0.0,0.0,0.0
733.214,27.89,1029.378,37.706,9.4,0.0,0.0,0.0,0.0,0.0
733.317,27.88,1029.34,37.704,9.31,0.0,0.0,0.0,0.0,0.0
733.408,27.87,1029.306,37.714,9.32,0.0,0.0,0.0,0.0,0.0
733.552,27.83,1029.259,37.712,9.36,0.0,0.0,0.0,0.0,0.0
733.658,27.86,1029.296,37.703,9.36,0.0,0.0,0.0,0.0,0.0
733.798,27.84,1029.312,37.725,9.3,0.0,0.0,0.0,0.0,0.0
733.96,27.9,1029.331,37.639,9.48,0.0,0.0,0.0,0.0,0.0
734.051,27.82,1029.198,37.666,9.39,0.0,0.0,0.0,0.0,0.0
734.214,27.88,1029.361,37.75,9.53,0.0,0.0,0.0,0.0,0.0
734.324,27.91,1029.332,37.627,9.54,0.0,0.0,0.0,0.0,0.0
734.43,27.81,1029.174,37.733,9.53,0.0,0.0,0.0,0.0,0.0
734.495,27.81,1029.161,37.653,9.39,0.0,0.0,0.0,0.0,0.0
734.632,27.82,1029.213,37.724,9.47,0.0,0.0,0.0,0.0,0.0
734.697,27.8,1029.15,37.619,9.58,0.0,0.0,0.0,0.0,0.0
734.801,27.83,1029.207,37.609,9.46,0.0,0.0,0.0,0.0,0.0
734.945,27.82,1029.183,37.711,9.33,0.0,0.0,0.0,0.0,0.0
735.162,27.91,1029.3,37.662,9.36,0.0,0.0,0.0,0.0,0.0
735.445,27.82,1029.201,37.677,9.19,0.0,0.0,0.0,0.0,0.0
735.572,27.91,1029.311,37.662,9.13,0.0,0.0,0.0,0.0,0.0
735.654,27.86,1029.205,37.657,9.08,0.0,0.0,0.0,0.0,0.0
735.743,27.86,1029.2,37.691,9.08,0.0,0.0,0.0,0.0,0.0
735.91,27.85,1029.193,37.612,9.19,0.0,0.0,0.0,0.0,0.0
735.995,27.84,1029.182,37.611,9.18,0.0,0.0,0.0,0.0,0.0
736.149,27.88,1029.296,37.728,9.22,0.0,0.0,0.0,0.0,0.0
736.197,27.88,1029.304,37.728,9.4,0.0,0.0,0.0,0.0,0.0
736.302,27.9,1029.336,37.615,9.21,0.0,0.0,0.0,0.0,0.0
736.418,27.92,1029.351,37.663,9.34,0.0,0.0,0.0,0.0,0.0
736.495,27.92,1029.362,37.663,9.57,0.0,0.0,0.0,0.0,0.0
736.609,27.92,1029.35,37.731,9.57,0.0,0.0,0.0,0.0,0.0
736.748,27.92,1029.373,37.686,9.53,0.0,0.0,0.0,0.0,0.0
736.861,27.92,1029.343,37.583,9.53,0.0,0.0,0.0,0.0,0.0
736.967,27.82,1029.22,37.654,9.43,0.0,0.0,0.0,0.0,0.0
737.055,27.83,1029.258,37.666,9.35,0.0,0.0,0.0,0.0,0.0
737.162,27.83,1029.212,37.666,9.39,0.0,0.0,0.0,0.0,0.0
737.417,27.84,1029.286,37.667,9.41,0.0,0.0,0.0,0.0,0.0
737.511,27.92,1029.391,37.674,9.27,0.0,0.0,0.0,0.0,0.0
737.608,27.86,1029.262,37.578,9.29,0.0,0.0,0.0,0.0,0.0
737.696,27.82,1029.203,37.621,9.38,0.0,0.0,0.0,0.0,0.0
737.805,27.86,1029.241,37.624,9.43,0.0,0.0,0.0,0.0,0.0
737.898,27.85,1029.281,37.68,9.49,0.0,0.0,0.0,0.0,0.0
738.005,27.85,1029.245,37.646,9.54,0.0,0.0,0.0,0.0,0.0
738.11,27.85,1029.254,37.68,9.59,0.0,0.0,0.0,0.0,0.0
738.275,27.83,1029.228,37.666,9.6,0.0,0.0,0.0,0.0,0.0
738.38,27.83,1029.232,37.587,9.64,0.0,0.0,0.0,0.0,0.0
738.444,27.93,1029.437,37.595,9.69,0.0,0.0,0.0,0.0,0.0
738.578,27.93,1029.431,37.63,9.74,0.0,0.0,0.0,0.0,0.0
738.645,27.93,1029.448,37.697,9.71,0.0,0.0,0.0,0.0,0.0
738.771,27.93,1029.412,37.618,9.65,0.0,0.0,0.0,0.0,0.0
738.895,27.93,1029.431,37.572,9.72,0.0,0.0,0.0,0.0,0.0
739.052,27.91,1029.381,37.616,9.76,0.0,0.0,0.0,0.0,0.0
739.144,27.83,1029.272,37.612,9.63,0.0,0.0,0.0,0.0,0.0
739.305,27.94,1029.421,37.642,9.66,0.0,0.0,0.0,0.0,0.0
739.397,27.89,1029.299,37.639,9.65,0.0,0.0,0.0,0.0,0.0
739.547,27.86,1029.31,37.635,9.58,0.0,0.0,0.0,0.0,0.0
739.611,27.89,1029.359,37.638,9.5,0.0,0.0,0.0,0.0,0.0
739.735,27.88,1029.332,37.592,9.5,0.0,0.0,0.0,0.0,0.0
739.857,27.9,1029.349,37.615,9.46,0.0,0.0,0.0,0.0,0.0
740.0,27.94,1029.328,37.653,9.27,0.0,0.0,0.0,0.0,0.0
740.145,27.92,1029.368,37.64,9.27,0.0,0.0,0.0,0.0,0.0
740.279,27.94,1029.315,37.676,9.18,0.0,0.0,0.0,0.0,0.0
740.365,27.84,1029.183,37.554,9.13,0.0,0.0,0.0,0.0,0.0
740.485,27.85,1029.204,37.623,9.24,0.0,0.0,0.0,0.0,0.0
740.615,27.86,1029.243,37.658,9.36,0.0,0.0,0.0,0.0,0.0
740.709,27.89,1029.304,37.717,9.29,0.0,0.0,0.0,0.0,0.0
740.831,27.94,1029.391,37.597,9.33,0.0,0.0,0.0,0.0,0.0
740.896,27.92,1029.325,37.538,9.36,0.0,0.0,0.0,0.0,0.0
741.003,27.89,1029.287,37.661,9.36,0.0,0.0,0.0,0.0,0.0
741.096,27.92,1029.322,37.596,9.33,0.0,0.0,0.0,0.0,0.0
741.2,27.92,1029.288,37.605,9.3,0.0,0.0,0.0,0.0,0.0
741.471,27.92,1029.298,37.561,9.41,0.0,0.0,0.0,0.0,0.0
741.558,27.9,1029.23,37.604,9.29,0.0,0.0,0.0,0.0,0.0
741.643,27.9,1029.283,37.673,9.38,0.0,0.0,0.0,0.0,0.0
741.76,27.91,1029.304,37.605,9.44,0.0,0.0,0.0,0.0,0.0
741.845,27.91,1029.299,37.561,9.52,0.0,0.0,0.0,0.0,0.0
741.952,27.93,1029.333,37.686,9.41,0.0,0.0,0.0,0.0,0.0
742.058,27.93,1029.359,37.583,9.51,0.0,0.0,0.0,0.0,0.0
742.144,27.94,1029.301,37.505,9.55,0.0,0.0,0.0,0.0,0.0
742.337,27.95,1029.338,37.529,9.54,0.0,0.0,0.0,0.0,0.0
742.397,27.96,1029.333,37.552,9.46,0.0,0.0,0.0,0.0,0.0
742.506,27.88,1029.218,37.626,9.35,0.0,0.0,0.0,0.0,0.0
742.614,27.86,1029.204,37.487,9.38,0.0,0.0,0.0,0.0,0.0
742.703,27.88,1029.208,37.603,9.39,0.0,0.0,0.0,0.0,0.0
742.81,27.89,1029.242,37.569,9.38,0.0,0.0,0.0,0.0,0.0
742.904,27.86,1029.188,37.601,9.31,0.0,0.0,0.0,0.0,0.0
743.01,27.87,1029.215,37.591,9.26,0.0,0.0,0.0,0.0,0.0
743.153,27.88,1029.255,37.592,9.15,0.0,0.0,0.0,0.0,0.0
743.259,27.96,1029.345,37.575,9.47,0.0,0.0,0.0,0.0,0.0
743.343,27.91,1029.244,37.525,9.39,0.0,0.0,0.0,0.0,0.0
743.487,27.9,1029.222,37.661,9.35,0.0,0.0,0.0,0.0,0.0
743.562,27.89,1029.214,37.534,9.29,0.0,0.0,0.0,0.0,0.0
743.69,27.87,1029.185,37.51,9.37,0.0,0.0,0.0,0.0,0.0
743.837,27.89,1029.223,37.546,9.51,0.0,0.0,0.0,0.0,0.0
743.904,27.87,1029.184,37.511,9.45,0.0,0.0,0.0,0.0,0.0
744.008,27.94,1029.354,37.608,9.48,0.0,0.0,0.0,0.0,0.0
744.211,27.96,1029.386,37.564,9.5,0.0,0.0,0.0,0.0,0.0
744.297,27.96,1029.382,37.462,9.6,0.0,0.0,0.0,0.0,0.0
744.403,27.97,1029.407,37.53,9.5,0.0,0.0,0.0,0.0,0.0
744.584,27.96,1029.371,37.552,9.42,0.0,0.0,0.0,0.0,0.0
744.676,27.96,1029.347,37.575,9.56,0.0,0.0,0.0,0.0,0.0
744.759,27.87,1029.234,37.557,9.54,0.0,0.0,0.0,0.0,0.0
744.843,27.89,1029.3,37.558,9.48,0.0,0.0,0.0,0.0,0.0
744.958,27.89,1029.299,37.558,9.51,0.0,0.0,0.0,0.0,0.0
745.067,27.89,1029.277,37.558,9.54,0.0,0.0,0.0,0.0,0.0
745.2,27.9,1029.267,37.559,9.49,0.0,0.0,0.0,0.0,0.0
745.255,27.91,1029.314,37.56,9.51,0.0,0.0,0.0,0.0,0.0
745.394,27.92,1029.309,37.549,9.56,0.0,0.0,0.0,0.0,0.0
745.53,27.93,1029.344,37.47,9.65,0.0,0.0,0.0,0.0,0.0
745.596,27.98,1029.375,37.588,9.63,0.0,0.0,0.0,0.0,0.0
745.706,27.9,1029.258,37.524,9.45,0.0,0.0,0.0,0.0,0.0
745.796,27.89,1029.205,37.535,9.53,0.0,0.0,0.0,0.0,0.0
745.906,27.89,1029.228,37.524,9.44,0.0,0.0,0.0,0.0,0.0
746.02,27.88,1029.191,37.602,9.49,0.0,0.0,0.0,0.0,0.0
746.114,27.88,1029.181,37.602,9.4,0.0,0.0,0.0,0.0,0.0
746.208,27.89,1029.234,37.615,9.28,0.0,0.0,0.0,0.0,0.0
746.353,27.91,1029.274,37.514,9.49,0.0,0.0,0.0,0.0,0.0
746.463,27.88,1029.187,37.466,9.38,0.0,0.0,0.0,0.0,0.0
746.545,27.98,1029.367,37.565,9.36,0.0,0.0,0.0,0.0,0.0
746.695,27.96,1029.337,37.53,9.46,0.0,0.0,0.0,0.0,0.0
746.769,27.95,1029.302,37.506,9.38,0.0,0.0,0.0,0.0,0.0
747.012,27.93,1029.267,37.527,9.41,0.0,0.0,0.0,0.0,0.0
747.124,27.97,1029.292,37.53,9.39,0.0,0.0,0.0,0.0,0.0
747.226,27.91,1029.266,37.525,9.42,0.0,0.0,0.0,0.0,0.0
747.314,27.94,1029.269,37.562,9.27,0.0,0.0,0.0,0.0,0.0
747.451,27.94,1029.287,37.539,9.13,0.0,0.0,0.0,0.0,0.0
747.496,27.94,1029.297,37.518,9.06,0.0,0.0,0.0,0.0,0.0
747.661,27.96,1029.322,37.564,9.3,0.0,0.0,0.0,0.0,0.0
747.746,27.99,1029.295,37.555,9.39,0.0,0.0,0.0,0.0,0.0
747.908,27.9,1029.177,37.536,9.27,0.0,0.0,0.0,0.0,0.0
748.044,27.99,1029.397,37.623,9.25,0.0,0.0,0.0,0.0,0.0
748.204,28.0,1029.313,37.498,9.41,0.0,0.0,0.0,0.0,0.0
748.244,27.9,1029.211,37.49,9.4,0.0,0.0,0.0,0.0,0.0
748.353,27.92,1029.229,37.504,9.47,0.0,0.0,0.0,0.0,0.0
748.458,27.93,1029.265,37.505,9.6,0.0,0.0,0.0,0.0,0.0
748.544,27.91,1029.232,37.559,9.53,0.0,0.0,0.0,0.0,0.0
748.712,27.9,1029.212,37.479,9.6,0.0,0.0,0.0,0.0,0.0
748.798,27.91,1029.241,37.548,9.61,0.0,0.0,0.0,0.0,0.0
748.912,28.0,1029.361,37.494,9.68,0.0,0.0,0.0,0.0,0.0
748.996,27.94,1029.264,37.528,9.66,0.0,0.0,0.0,0.0,0.0
749.124,27.95,1029.238,37.518,9.59,0.0,0.0,0.0,0.0,0.0
749.221,27.95,1029.232,37.483,9.65,0.0,0.0,0.0,0.0,0.0
749.407,27.92,1029.172,37.549,9.53,0.0,0.0,0.0,0.0,0.0
749.596,27.93,1029.206,37.607,9.28,0.0,0.0,0.0,0.0,0.0
749.661,27.93,1029.182,37.458,9.25,0.0,0.0,0.0,0.0,0.0
749.746,27.98,1029.282,37.542,9.22,0.0,0.0,0.0,0.0,0.0
749.853,27.99,1029.339,37.487,9.07,0.0,0.0,0.0,0.0,0.0
749.982,27.99,1029.361,37.498,9.13,0.0,0.0,0.0,0.0,0.0
750.054,28.01,1029.382,37.545,9.24,0.0,0.0,0.0,0.0,0.0
750.195,28.01,1029.372,37.522,9.17,0.0,0.0,0.0,0.0,0.0
750.308,28.01,1029.32,37.579,9.24,0.0,0.0,0.0,0.0,0.0
750.408,27.92,1029.19,37.436,9.43,0.0,0.0,0.0,0.0,0.0
750.498,27.94,1029.241,37.471,9.51,0.0,0.0,0.0,0.0,0.0
750.611,27.93,1029.255,37.517,9.45,0.0,0.0,0.0,0.0,0.0
750.698,27.91,1029.19,37.503,9.6,0.0,0.0,0.0,0.0,0.0
750.82,27.93,1029.229,37.504,9.65,0.0,0.0,0.0,0.0,0.0
750.908,27.93,1029.216,37.504,9.82,0.0,0.0,0.0,0.0,0.0
751.069,27.94,1029.279,37.493,9.75,0.0,0.0,0.0,0.0,0.0
751.269,27.96,1029.276,37.507,9.83,0.0,0.0,0.0,0.0,0.0
751.377,27.95,1029.246,37.528,9.86,0.0,0.0,0.0,0.0,0.0
751.445,27.95,1029.264,37.426,9.78,0.0,0.0,0.0,0.0,0.0
751.597,27.94,1029.237,37.54,9.68,0.0,0.0,0.0,0.0,0.0
751.696,27.93,1029.216,37.573,9.61,0.0,0.0,0.0,0.0,0.0
751.852,27.92,1029.172,37.436,9.55,0.0,0.0,0.0,0.0,0.0
751.907,28.0,1029.387,37.487,9.45,0.0,0.0,0.0,0.0,0.0
752.007,28.02,1029.372,37.557,9.54,0.0,0.0,0.0,0.0,0.0
752.132,28.02,1029.385,37.523,9.53,0.0,0.0,0.0,0.0,0.0
752.198,28.02,1029.38,37.534,9.21,0.0,0.0,0.0,0.0,0.0
752.301,28.0,1029.325,37.511,9.12,0.0,0.0,0.0,0.0,0.0
752.416,28.0,1029.31,37.521,8.97,0.0,0.0,0.0,0.0,0.0
752.548,28.0,1029.318,37.613,8.96,0.0,0.0,0.0,0.0,0.0
752.61,28.03,1029.364,37.456,9.05,0.0,0.0,0.0,0.0,0.0
752.75,27.99,1029.285,37.487,8.95,0.0,0.0,0.0,0.0,0.0
752.858,28.0,1029.278,37.465,8.93,0.0,0.0,0.0,0.0,0.0
753.194,28.03,1029.328,37.489,9.13,0.0,0.0,0.0,0.0,0.0
753.251,27.97,1029.209,37.439,9.33,0.0,0.0,0.0,0.0,0.0
753.395,27.99,1029.292,37.43,9.63,0.0,0.0,0.0,0.0,0.0
753.608,27.95,1029.207,37.416,9.54,0.0,0.0,0.0,0.0,0.0
753.696,27.94,1029.193,37.527,9.63,0.0,0.0,0.0,0.0,0.0
753.807,27.94,1029.178,37.506,9.85,0.0,0.0,0.0,0.0,0.0
753.899,27.93,1029.185,37.471,9.91,0.0,0.0,0.0,0.0,0.0
754.0,27.95,1029.226,37.449,9.76,0.0,0.0,0.0,0.0,0.0
754.148,27.93,1029.209,37.572,9.73,0.0,0.0,0.0,0.0,0.0
754.271,27.94,1029.219,37.527,9.65,0.0,0.0,0.0,0.0,0.0
754.364,28.04,1029.386,37.377,9.6,0.0,0.0,0.0,0.0,0.0
754.446,28.04,1029.371,37.479,9.6,0.0,0.0,0.0,0.0,0.0
754.561,28.03,1029.331,37.49,9.45,0.0,0.0,0.0,0.0,0.0
754.646,28.01,1029.331,37.545,9.51,0.0,0.0,0.0,0.0,0.0
754.754,28.0,1029.302,37.453,9.42,0.0,0.0,0.0,0.0,0.0
754.863,27.99,1029.282,37.464,9.43,0.0,0.0,0.0,0.0,0.0
755.006,28.0,1029.275,37.464,9.41,0.0,0.0,0.0,0.0,0.0
755.11,27.97,1029.217,37.451,9.41,0.0,0.0,0.0,0.0,0.0
755.306,27.99,1029.293,37.441,9.31,0.0,0.0,0.0,0.0,0.0
755.397,28.01,1029.293,37.443,9.27,0.0,0.0,0.0,0.0,0.0
755.502,28.01,1029.303,37.363,9.2,0.0,0.0,0.0,0.0,0.0
755.616,28.02,1029.304,37.432,9.3,0.0,0.0,0.0,0.0,0.0
755.722,28.02,1029.307,37.467,9.22,0.0,0.0,0.0,0.0,0.0
755.812,28.04,1029.371,37.457,9.17,0.0,0.0,0.0,0.0,0.0
755.951,28.04,1029.369,37.434,9.31,0.0,0.0,0.0,0.0,0.0
756.058,28.04,1029.299,37.457,9.44,0.0,0.0,0.0,0.0,0.0
756.202,27.94,1029.165,37.449,9.43,0.0,0.0,0.0,0.0,0.0
756.368,28.05,1029.356,37.378,9.47,0.0,0.0,0.0,0.0,0.0
756.454,28.04,1029.311,37.411,9.57,0.0,0.0,0.0,0.0,0.0
756.596,27.96,1029.23,37.427,9.61,0.0,0.0,0.0,0.0,0.0
756.704,27.95,1029.179,37.423,9.57,0.0,0.0,0.0,0.0,0.0
756.808,28.02,1029.286,37.454,9.59,0.0,0.0,0.0,0.0,0.0
756.899,28.0,1029.258,37.419,9.51,0.0,0.0,0.0,0.0,0.0
757.009,28.02,1029.281,37.363,9.57,0.0,0.0,0.0,0.0,0.0
757.098,28.0,1029.258,37.43,9.53,0.0,0.0,0.0,0.0,0.0
757.202,27.99,1029.234,37.521,9.53,0.0,0.0,0.0,0.0,0.0
757.308,27.98,1029.213,37.406,9.46,0.0,0.0,0.0,0.0,0.0
757.477,27.98,1029.189,37.429,9.41,0.0,0.0,0.0,0.0,0.0
757.561,27.97,1029.174,37.395,9.4,0.0,0.0,0.0,0.0,0.0
757.67,28.04,1029.318,37.24,9.31,0.0,0.0,0.0,0.0,0.0
757.764,28.05,1029.356,37.4,9.2,0.0,0.0,0.0,0.0,0.0
757.845,28.05,1029.35,37.457,9.19,0.0,0.0,0.0,0.0,0.0
757.957,28.06,1029.356,37.447,9.2,0.0,0.0,0.0,0.0,0.0
758.063,28.06,1029.391,37.39,9.11,0.0,0.0,0.0,0.0,0.0
758.227,28.05,1029.324,37.468,9.21,0.0,0.0,0.0,0.0,0.0
758.347,28.04,1029.266,37.445,9.33,0.0,0.0,0.0,0.0,0.0
758.507,28.06,1029.354,37.39,9.38,0.0,0.0,0.0,0.0,0.0
758.599,28.06,1029.318,37.401,9.39,0.0,0.0,0.0,0.0,0.0
758.749,27.97,1029.207,37.405,9.44,0.0,0.0,0.0,0.0,0.0
758.821,27.99,1029.264,37.407,9.58,0.0,0.0,0.0,0.0,0.0
758.922,28.01,1029.293,37.409,9.55,0.0,0.0,0.0,0.0,0.0
759.008,28.02,1029.307,37.397,9.58,0.0,0.0,0.0,0.0,0.0
759.171,28.01,1029.325,37.42,9.63,0.0,0.0,0.0,0.0,0.0
759.26,28.07,1029.31,37.356,9.69,0.0,0.0,0.0,0.0,0.0
759.346,27.99,1029.195,37.487,9.51,0.0,0.0,0.0,0.0,0.0
759.478,27.99,1029.185,37.385,9.52,0.0,0.0,0.0,0.0,0.0
759.545,28.0,1029.214,37.476,9.75,0.0,0.0,0.0,0.0,0.0
759.653,28.0,1029.249,37.476,9.67,0.0,0.0,0.0,0.0,0.0
759.797,27.98,1029.217,37.384,9.67,0.0,0.0,0.0,0.0,0.0
759.944,27.97,1029.181,37.36,9.63,0.0,0.0,0.0,0.0,0.0
760.008,28.07,1029.371,37.437,9.68,0.0,0.0,0.0,0.0,0.0
760.124,28.06,1029.344,37.401,9.57,0.0,0.0,0.0,0.0,0.0
760.297,28.07,1029.345,37.368,9.34,0.0,0.0,0.0,0.0,0.0
760.402,28.06,1029.307,37.355,9.36,0.0,0.0,0.0,0.0,0.0
760.509,28.06,1029.323,37.436,9.3,0.0,0.0,0.0,0.0,0.0
760.699,28.03,1029.271,37.388,9.14,0.0,0.0,0.0,0.0,0.0
760.76,28.03,1029.245,37.388,9.04,0.0,0.0,0.0,0.0,0.0
760.883,28.0,1029.258,37.385,9.2,0.0,0.0,0.0,0.0,0.0
760.963,28.02,1029.273,37.386,9.08,0.0,0.0,0.0,0.0,0.0
761.046,28.05,1029.302,37.389,8.97,0.0,0.0,0.0,0.0,0.0
761.179,28.05,1029.308,37.4,9.04,0.0,0.0,0.0,0.0,0.0
761.259,28.04,1029.304,37.32,9.17,0.0,0.0,0.0,0.0,0.0
761.375,28.06,1029.293,37.458,9.2,0.0,0.0,0.0,0.0,0.0
761.507,28.06,1029.321,37.379,9.4,0.0,0.0,0.0,0.0,0.0
761.712,28.01,1029.218,37.397,9.43,0.0,0.0,0.0,0.0,0.0
761.8,27.99,1029.198,37.396,9.55,0.0,0.0,0.0,0.0,0.0
761.927,27.99,1029.237,37.294,9.61,0.0,0.0,0.0,0.0,0.0
762.019,27.99,1029.218,37.339,9.69,0.0,0.0,0.0,0.0,0.0
762.125,27.98,1029.206,37.452,9.8,0.0,0.0,0.0,0.0,0.0
762.209,27.99,1029.215,37.339,9.74,0.0,0.0,0.0,0.0,0.0
762.395,28.01,1029.225,37.375,9.78,0.0,0.0,0.0,0.0,0.0
762.46,27.99,1029.212,37.351,9.79,0.0,0.0,0.0,0.0,0.0
762.546,28.09,1029.325,37.4,9.78,0.0,0.0,0.0,0.0,0.0
762.679,28.05,1029.304,37.39,9.73,0.0,0.0,0.0,0.0,0.0
762.746,28.05,1029.275,37.412,9.63,0.0,0.0,0.0,0.0,0.0
762.911,28.05,1029.257,37.355,9.53,0.0,0.0,0.0,0.0,0.0
762.996,28.04,1029.218,37.365,9.33,0.0,0.0,0.0,0.0,0.0
763.155,28.04,1029.289,37.377,9.33,0.0,0.0,0.0,0.0,0.0
763.209,28.06,1029.297,37.413,9.38,0.0,0.0,0.0,0.0,0.0
763.298,28.07,1029.31,37.356,9.31,0.0,0.0,0.0,0.0,0.0
763.411,28.07,1029.308,37.299,9.27,0.0,0.0,0.0,0.0,0.0
763.499,28.08,1029.338,37.335,9.27,0.0,0.0,0.0,0.0,0.0
763.71,28.1,1029.328,37.349,9.31,0.0,0.0,0.0,0.0,0.0
763.853,28.11,1029.333,37.371,9.32,0.0,0.0,0.0,0.0,0.0
764.088,28.02,1029.18,37.397,9.43,0.0,0.0,0.0,0.0,0.0
764.186,28.0,1029.154,37.328,9.32,0.0,0.0,0.0,0.0,0.0
764.246,28.01,1029.155,37.317,9.25,0.0,0.0,0.0,0.0,0.0
764.353,28.03,1029.208,37.376,9.51,0.0,0.0,0.0,0.0,0.0
764.459,27.99,1029.123,37.339,9.5,0.0,0.0,0.0,0.0,0.0
764.572,28.01,1029.157,37.341,9.48,0.0,0.0,0.0,0.0,0.0
764.714,28.03,1029.186,37.342,9.42,0.0,0.0,0.0,0.0,0.0
764.804,28.11,1029.269,37.337,9.46,0.0,0.0,0.0,0.0,0.0
764.908,28.07,1029.234,37.312,9.29,0.0,0.0,0.0,0.0,0.0
764.997,28.04,1029.16,37.365,9.26,0.0,0.0,0.0,0.0,0.0
765.13,28.06,1029.191,37.299,9.26,0.0,0.0,0.0,0.0,0.0
765.235,28.06,1029.244,37.345,9.27,0.0,0.0,0.0,0.0,0.0
765.41,28.02,1029.151,37.352,9.16,0.0,0.0,0.0,0.0,0.0
765.592,28.03,1029.18,37.273,9.07,0.0,0.0,0.0,0.0,0.0
765.683,28.01,1029.159,37.363,9.14,0.0,0.0,0.0,0.0,0.0
765.747,28.12,1029.369,37.349,9.33,0.0,0.0,0.0,0.0,0.0
765.863,28.12,1029.393,37.28,9.43,0.0,0.0,0.0,0.0,0.0
765.946,28.12,1029.365,37.406,9.47,0.0,0.0,0.0,0.0,0.0
766.129,28.12,1029.367,37.338,9.47,0.0,0.0,0.0,0.0,0.0
766.246,28.09,1029.323,37.313,9.93,0.0,0.0,0.0,0.0,0.0
766.408,28.12,1029.37,37.304,9.93,0.0,0.0,0.0,0.0,0.0
766.499,28.08,1029.288,37.323,9.94,0.0,0.0,0.0,0.0,0.0
766.69,28.05,1029.293,37.332,9.8,0.0,0.0,0.0,0.0,0.0
766.82,28.12,1029.362,37.327,9.85,0.0,0.0,0.0,0.0,0.0
766.913,28.06,1029.249,37.321,9.72,0.0,0.0,0.0,0.0,0.0
767.055,28.09,1029.323,37.335,9.61,0.0,0.0,0.0,0.0,0.0
767.163,28.12,1029.327,37.271,9.56,0.0,0.0,0.0,0.0,0.0
767.309,28.04,1029.179,37.229,9.55,0.0,0.0,0.0,0.0,0.0
767.446,28.1,1029.319,37.234,9.32,0.0,0.0,0.0,0.0,0.0
767.584,28.12,1029.298,37.293,9.34,0.0,0.0,0.0,0.0,0.0
767.664,28.03,1029.177,37.262,9.25,0.0,0.0,0.0,0.0,0.0
767.755,28.04,1029.208,37.32,9.31,0.0,0.0,0.0,0.0,0.0
767.917,28.03,1029.168,37.399,9.37,0.0,0.0,0.0,0.0,0.0
768.024,28.03,1029.189,37.354,9.43,0.0,0.0,0.0,0.0,0.0
768.166,28.13,1029.345,37.282,9.36,0.0,0.0,0.0,0.0,0.0
768.328,28.11,1029.274,37.27,9.39,0.0,0.0,0.0,0.0,0.0
768.417,28.04,1029.191,37.331,9.36,0.0,0.0,0.0,0.0,0.0
768.521,28.13,1029.349,37.257,9.27,0.0,0.0,0.0,0.0,0.0
768.611,28.08,1029.245,37.301,9.29,0.0,0.0,0.0,0.0,0.0
768.771,28.11,1029.293,37.314,9.22,0.0,0.0,0.0,0.0,0.0
768.858,28.08,1029.241,37.289,9.19,0.0,0.0,0.0,0.0,0.0
768.946,28.08,1029.278,37.267,9.2,0.0,0.0,0.0,0.0,0.0
769.06,28.08,1029.279,37.301,9.24,0.0,0.0,0.0,0.0,0.0
769.146,28.1,1029.325,37.291,9.3,0.0,0.0,0.0,0.0,0.0
769.256,28.1,1029.318,37.313,9.31,0.0,0.0,0.0,0.0,0.0
769.396,28.12,1029.355,37.27,9.51,0.0,0.0,0.0,0.0,0.0
769.521,28.13,1029.337,37.316,9.55,0.0,0.0,0.0,0.0,0.0
769.608,28.04,1029.202,37.229,9.61,0.0,0.0,0.0,0.0,0.0
769.698,28.04,1029.205,37.32,9.65,0.0,0.0,0.0,0.0,0.0
769.808,28.04,1029.204,37.274,9.63,0.0,0.0,0.0,0.0,0.0
769.898,28.03,1029.217,37.217,9.72,0.0,0.0,0.0,0.0,0.0
770.03,28.03,1029.201,37.273,9.75,0.0,0.0,0.0,0.0,0.0
770.112,28.04,1029.224,37.343,9.77,0.0,0.0,0.0,0.0,0.0
770.278,28.06,1029.289,37.287,9.76,0.0,0.0,0.0,0.0,0.0
770.359,28.06,1029.257,37.276,9.72,0.0,0.0,0.0,0.0,0.0
770.484,28.14,1029.395,37.28,9.73,0.0,0.0,0.0,0.0,0.0
770.559,28.12,1029.334,37.28,9.67,0.0,0.0,0.0,0.0,0.0
770.684,28.07,1029.265,37.266,9.73,0.0,0.0,0.0,0.0,0.0
770.786,28.12,1029.301,37.28,9.52,0.0,0.0,0.0,0.0,0.0
770.867,28.09,1029.247,37.257,9.4,0.0,0.0,0.0,0.0,0.0
770.953,28.07,1029.216,37.288,9.39,0.0,0.0,0.0,0.0,0.0
771.119,28.08,1029.211,37.175,9.28,0.0,0.0,0.0,0.0,0.0
771.202,28.07,1029.202,37.277,9.28,0.0,0.0,0.0,0.0,0.0
771.314,28.13,1029.323,37.19,9.23,0.0,0.0,0.0,0.0,0.0
771.398,28.13,1029.347,37.282,9.25,0.0,0.0,0.0,0.0,0.0
771.502,28.14,1029.346,37.249,9.29,0.0,0.0,0.0,0.0,0.0
771.623,28.15,1029.381,37.227,9.31,0.0,0.0,0.0,0.0,0.0
771.712,28.15,1029.364,37.363,9.28,0.0,0.0,0.0,0.0,0.0
771.808,28.15,1029.337,37.25,9.38,0.0,0.0,0.0,0.0,0.0
771.956,28.14,1029.294,37.236,9.32,0.0,0.0,0.0,0.0,0.0
772.095,28.16,1029.288,37.307,9.35,0.0,0.0,0.0,0.0,0.0
772.226,28.07,1029.188,37.22,9.43,0.0,0.0,0.0,0.0,0.0
772.366,28.14,1029.287,37.202,9.35,0.0,0.0,0.0,0.0,0.0
772.451,28.11,1029.156,37.257,9.35,0.0,0.0,0.0,0.0,0.0
772.597,28.08,1029.222,37.255,9.39,0.0,0.0,0.0,0.0,0.0
772.708,28.15,1029.31,37.216,9.37,0.0,0.0,0.0,0.0,0.0
772.838,28.1,1029.207,37.291,9.3,0.0,0.0,0.0,0.0,0.0
773.012,28.08,1029.157,37.29,9.3,0.0,0.0,0.0,0.0,0.0
773.098,28.09,1029.171,37.335,9.25,0.0,0.0,0.0,0.0,0.0
773.261,28.08,1029.146,37.244,9.24,0.0,0.0,0.0,0.0,0.0
773.313,28.09,1029.206,37.198,9.21,0.0,0.0,0.0,0.0,0.0
773.454,28.09,1029.219,37.199,9.28,0.0,0.0,0.0,0.0,0.0
773.571,28.07,1029.198,37.209,9.37,0.0,0.0,0.0,0.0,0.0
773.645,28.16,1029.363,37.262,9.44,0.0,0.0,0.0,0.0,0.0
773.806,28.17,1029.364,37.274,9.41,0.0,0.0,0.0,0.0,0.0
773.876,28.17,1029.334,37.274,9.45,0.0,0.0,0.0,0.0,0.0
773.969,28.13,1029.307,37.123,9.53,0.0,0.0,0.0,0.0,0.0
774.066,28.15,1029.285,37.238,9.65,0.0,0.0,0.0,0.0,0.0
774.171,28.13,1029.279,37.305,9.65,0.0,0.0,0.0,0.0,0.0
774.316,28.15,1029.319,37.295,9.57,0.0,0.0,0.0,0.0,0.0
774.405,28.14,1029.302,37.236,9.63,0.0,0.0,0.0,0.0,0.0
774.527,28.09,1029.247,37.233,9.59,0.0,0.0,0.0,0.0,0.0
774.598,28.11,1029.26,37.246,9.44,0.0,0.0,0.0,0.0,0.0
774.705,28.11,1029.261,37.234,9.44,0.0,0.0,0.0,0.0,0.0
774.798,28.11,1029.288,37.223,9.46,0.0,0.0,0.0,0.0,0.0
775.008,28.13,1029.317,37.191,9.29,0.0,0.0,0.0,0.0,0.0
775.15,28.14,1029.315,37.236,9.36,0.0,0.0,0.0,0.0,0.0
775.26,28.17,1029.316,37.309,9.2,0.0,0.0,0.0,0.0,0.0
775.345,28.1,1029.228,37.211,9.2,0.0,0.0,0.0,0.0,0.0
775.466,28.1,1029.234,37.212,9.35,0.0,0.0,0.0,0.0,0.0
775.548,28.09,1029.236,37.199,9.39,0.0,0.0,0.0,0.0,0.0
775.719,28.09,1029.202,37.278,9.28,0.0,0.0,0.0,0.0,0.0
775.798,28.09,1029.178,37.176,9.41,0.0,0.0,0.0,0.0,0.0
775.917,28.09,1029.226,37.268,9.4,0.0,0.0,0.0,0.0,0.0
776.022,28.18,1029.391,37.218,9.33,0.0,0.0,0.0,0.0,0.0
776.101,28.14,1029.318,37.203,9.39,0.0,0.0,0.0,0.0,0.0
776.226,28.14,1029.315,37.226,9.59,0.0,0.0,0.0,0.0,0.0
776.297,28.1,1029.258,37.226,9.55,0.0,0.0,0.0,0.0,0.0
776.508,28.15,1029.323,37.227,9.52,0.0,0.0,0.0,0.0,0.0
776.651,28.12,1029.329,37.225,9.59,0.0,0.0,0.0,0.0,0.0
776.766,28.12,1029.278,37.247,9.79,0.0,0.0,0.0,0.0,0.0
776.979,28.15,1029.374,37.17,9.76,0.0,0.0,0.0,0.0,0.0
777.048,28.15,1029.358,37.25,9.63,0.0,0.0,0.0,0.0,0.0
777.198,28.16,1029.385,37.228,9.61,0.0,0.0,0.0,0.0,0.0
777.268,28.16,1029.373,37.25,9.65,0.0,0.0,0.0,0.0,0.0
777.351,28.17,1029.388,37.218,9.54,0.0,0.0,0.0,0.0,0.0
777.516,28.19,1029.429,37.185,9.5,0.0,0.0,0.0,0.0,0.0
777.607,28.19,1029.366,37.185,9.57,0.0,0.0,0.0,0.0,0.0
777.708,28.09,1029.193,37.244,9.6,0.0,0.0,0.0,0.0,0.0
777.799,28.1,1029.215,37.257,9.47,0.0,0.0,0.0,0.0,0.0
777.904,28.11,1029.244,37.178,9.48,0.0,0.0,0.0,0.0,0.0
777.997,28.11,1029.189,37.188,9.48,0.0,0.0,0.0,0.0,0.0
778.104,28.1,1029.224,37.212,9.5,0.0,0.0,0.0,0.0,0.0
778.215,28.11,1029.219,37.2,9.4,0.0,0.0,0.0,0.0,0.0
778.35,28.13,1029.26,37.202,9.4,0.0,0.0,0.0,0.0,0.0
778.459,28.2,1029.293,37.186,9.37,0.0,0.0,0.0,0.0,0.0
778.547,28.14,1029.214,37.169,9.26,0.0,0.0,0.0,0.0,0.0
778.663,28.14,1029.205,37.192,9.05,0.0,0.0,0.0,0.0,0.0
778.749,28.12,1029.141,37.19,9.05,0.0,0.0,0.0,0.0,0.0
778.934,28.13,1029.156,37.236,9.14,0.0,0.0,0.0,0.0,0.0
779.046,28.18,1029.327,37.127,9.26,0.0,0.0,0.0,0.0,0.0
779.239,28.2,1029.293,37.23,9.33,0.0,0.0,0.0,0.0,0.0
779.3,28.1,1029.104,37.188,9.41,0.0,0.0,0.0,0.0,0.0
779.408,28.19,1029.328,37.276,9.45,0.0,0.0,0.0,0.0,0.0
779.497,28.2,1029.315,37.22,9.61,0.0,0.0,0.0,0.0,0.0
779.602,28.2,1029.341,37.14,9.66,0.0,0.0,0.0,0.0,0.0
779.709,28.21,1029.364,37.197,9.56,0.0,0.0,0.0,0.0,0.0
779.896,28.2,1029.343,37.117,9.55,0.0,0.0,0.0,0.0,0.0
779.968,28.19,1029.245,37.185,9.58,0.0,0.0,0.0,0.0,0.0
780.109,28.1,1029.146,37.188,9.5,0.0,0.0,0.0,0.0,0.0
780.246,28.21,1029.301,37.186,9.45,0.0,0.0,0.0,0.0,0.0
780.354,28.15,1029.185,37.182,9.5,0.0,0.0,0.0,0.0,0.0
780.465,28.13,1029.189,37.18,9.31,0.0,0.0,0.0,0.0,0.0
780.555,28.16,1029.274,37.192,9.3,0.0,0.0,0.0,0.0,0.0
780.712,28.15,1029.204,37.192,9.28,0.0,0.0,0.0,0.0,0.0
780.848,28.21,1029.262,37.266,9.29,0.0,0.0,0.0,0.0,0.0
780.949,28.13,1029.127,37.214,9.24,0.0,0.0,0.0,0.0,0.0
781.102,28.19,1029.314,37.162,9.24,0.0,0.0,0.0,0.0,0.0
781.197,28.21,1029.278,37.277,9.21,0.0,0.0,0.0,0.0,0.0
781.305,28.12,1029.111,37.201,9.2,0.0,0.0,0.0,0.0,0.0
781.408,28.11,1029.11,37.132,9.27,0.0,0.0,0.0,0.0,0.0
781.552,28.12,1029.135,37.088,9.35,0.0,0.0,0.0,0.0,0.0
781.697,28.12,1029.124,37.179,9.37,0.0,0.0,0.0,0.0,0.0
781.747,28.21,1029.318,37.151,9.42,0.0,0.0,0.0,0.0,0.0
781.86,28.21,1029.299,37.197,9.34,0.0,0.0,0.0,0.0,0.0
781.946,28.18,1029.266,37.138,9.38,0.0,0.0,0.0,0.0,0.0
782.054,28.19,1029.293,37.254,9.38,0.0,0.0,0.0,0.0,0.0
782.197,28.2,1029.297,37.14,9.4,0.0,0.0,0.0,0.0,0.0
782.349,28.18,1029.239,37.172,9.37,0.0,0.0,0.0,0.0,0.0
782.445,28.17,1029.289,37.16,9.39,0.0,0.0,0.0,0.0,0.0
782.615,28.22,1029.332,37.164,9.39,0.0,0.0,0.0,0.0,0.0
782.697,28.16,1029.234,37.158,9.39,0.0,0.0,0.0,0.0,0.0
782.805,28.18,1029.337,37.172,9.31,0.0,0.0,0.0,0.0,0.0
782.921,28.19,1029.361,37.185,9.34,0.0,0.0,0.0,0.0,0.0
783.168,28.22,1029.336,37.119,9.59,0.0,0.0,0.0,0.0,0.0
783.319,28.16,1029.232,37.17,9.72,0.0,0.0,0.0,0.0,0.0
783.465,28.23,1029.398,37.188,9.91,0.0,0.0,0.0,0.0,0.0
783.582,28.23,1029.337,37.222,9.92,0.0,0.0,0.0,0.0,0.0
783.663,28.13,1029.215,37.168,9.95,0.0,0.0,0.0,0.0,0.0
783.771,28.13,1029.223,37.101,10.0,0.0,0.0,0.0,0.0,0.0
784.199,28.21,1029.296,37.151,9.68,0.0,0.0,0.0,0.0,0.0
784.367,28.17,1029.245,37.172,9.52,0.0,0.0,0.0,0.0,0.0
784.52,28.19,1029.281,37.128,9.39,0.0,0.0,0.0,0.0,0.0
784.631,28.24,1029.312,37.211,9.31,0.0,0.0,0.0,0.0,0.0
784.86,28.16,1029.171,37.125,9.12,0.0,0.0,0.0,0.0,0.0
785.145,28.24,1029.256,37.143,9.18,0.0,0.0,0.0,0.0,0.0
785.271,28.15,1029.129,37.09,9.16,0.0,0.0,0.0,0.0,0.0
785.398,28.24,1029.323,37.063,9.39,0.0,0.0,0.0,0.0,0.0
785.527,28.24,1029.283,37.132,9.34,0.0,0.0,0.0,0.0,0.0
785.648,28.17,1029.191,37.138,9.33,0.0,0.0,0.0,0.0,0.0
785.809,28.24,1029.265,37.155,9.36,0.0,0.0,0.0,0.0,0.0
785.898,28.23,1029.212,37.153,9.42,0.0,0.0,0.0,0.0,0.0
786.057,28.15,1029.16,37.124,9.26,0.0,0.0,0.0,0.0,0.0
786.188,28.16,1029.192,37.166,9.27,0.0,0.0,0.0,0.0,0.0
786.256,28.23,1029.252,37.153,9.33,0.0,0.0,0.0,0.0,0.0
786.368,28.19,1029.198,37.082,9.23,0.0,0.0,0.0,0.0,0.0
786.457,28.18,1029.146,37.059,9.25,0.0,0.0,0.0,0.0,0.0
786.567,28.18,1029.174,37.252,9.26,0.0,0.0,0.0,0.0,0.0
786.646,28.17,1029.151,37.138,9.3,0.0,0.0,0.0,0.0,0.0
786.753,28.15,1029.124,37.102,9.35,0.0,0.0,0.0,0.0,0.0
786.898,28.17,1029.146,37.16,9.25,0.0,0.0,0.0,0.0,0.0
787.004,28.16,1029.148,37.171,9.33,0.0,0.0,0.0,0.0,0.0
787.132,28.23,1029.293,37.119,9.49,0.0,0.0,0.0,0.0,0.0
787.224,28.24,1029.343,37.144,9.49,0.0,0.0,0.0,0.0,0.0
787.327,28.24,1029.337,37.074,9.39,0.0,0.0,0.0,0.0,0.0
787.398,28.25,1029.363,37.075,9.45,0.0,0.0,0.0,0.0,0.0
787.549,28.25,1029.363,37.121,9.5,0.0,0.0,0.0,0.0,0.0
787.599,28.25,1029.342,37.109,9.49,0.0,0.0,0.0,0.0,0.0
787.722,28.25,1029.365,36.995,9.66,0.0,0.0,0.0,0.0,0.0
787.886,28.24,1029.326,37.131,9.53,0.0,0.0,0.0,0.0,0.0
787.996,28.23,1029.29,37.107,9.64,0.0,0.0,0.0,0.0,0.0
788.062,28.16,1029.225,37.113,9.62,0.0,0.0,0.0,0.0,0.0
788.147,28.17,1029.236,37.115,9.55,0.0,0.0,0.0,0.0,0.0
788.278,28.17,1029.267,37.104,9.61,0.0,0.0,0.0,0.0,0.0
788.346,28.18,1029.242,37.115,9.56,0.0,0.0,0.0,0.0,0.0
788.494,28.19,1029.28,37.116,9.45,0.0,0.0,0.0,0.0,0.0
788.596,28.2,1029.293,37.162,9.51,0.0,0.0,0.0,0.0,0.0
788.713,28.25,1029.336,37.2,9.57,0.0,0.0,0.0,0.0,0.0
788.846,28.19,1029.216,37.07,9.5,0.0,0.0,0.0,0.0,0.0
789.01,28.23,1029.33,37.097,9.58,0.0,0.0,0.0,0.0,0.0
789.102,28.26,1029.33,37.088,9.61,0.0,0.0,0.0,0.0,0.0
789.321,28.18,1029.213,37.059,9.6,0.0,0.0,0.0,0.0,0.0
789.481,28.16,1029.159,37.068,9.55,0.0,0.0,0.0,0.0,0.0
789.567,28.18,1029.237,37.115,9.61,0.0,0.0,0.0,0.0,0.0
789.778,28.26,1029.347,36.997,9.36,0.0,0.0,0.0,0.0,0.0
789.846,28.27,1029.35,37.213,9.43,0.0,0.0,0.0,0.0,0.0
789.98,28.25,1029.303,37.155,9.41,0.0,0.0,0.0,0.0,0.0
790.067,28.26,1029.307,37.098,9.23,0.0,0.0,0.0,0.0,0.0
790.155,28.24,1029.266,37.051,9.22,0.0,0.0,0.0,0.0,0.0
790.316,28.23,1029.218,37.073,9.31,0.0,0.0,0.0,0.0,0.0
790.407,28.22,1029.19,37.084,9.37,0.0,0.0,0.0,0.0,0.0
790.513,28.21,1029.205,37.095,9.24,0.0,0.0,0.0,0.0,0.0
790.598,28.22,1029.237,37.119,9.26,0.0,0.0,0.0,0.0,0.0
790.703,28.24,1029.266,37.098,9.22,0.0,0.0,0.0,0.0,0.0
790.8,28.24,1029.256,37.154,9.33,0.0,0.0,0.0,0.0,0.0
791.009,28.25,1029.268,37.087,9.32,0.0,0.0,0.0,0.0,0.0
791.152,28.26,1029.312,37.088,9.47,0.0,0.0,0.0,0.0,0.0
791.26,28.28,1029.286,37.032,9.4,0.0,0.0,0.0,0.0,0.0
791.348,28.19,1029.155,37.036,9.33,0.0,0.0,0.0,0.0,0.0
791.462,28.18,1029.155,37.115,9.31,0.0,0.0,0.0,0.0,0.0
791.547,28.18,1029.156,37.035,9.39,0.0,0.0,0.0,0.0,0.0
791.68,28.18,1029.15,37.104,9.29,0.0,0.0,0.0,0.0,0.0
791.798,28.19,1029.192,37.014,9.26,0.0,0.0,0.0,0.0,0.0
791.925,28.19,1029.175,37.094,9.3,0.0,0.0,0.0,0.0,0.0
792.011,28.27,1029.299,37.077,9.34,0.0,0.0,0.0,0.0,0.0
792.127,28.25,1029.251,37.087,9.38,0.0,0.0,0.0,0.0,0.0
792.209,28.24,1029.229,37.063,9.27,0.0,0.0,0.0,0.0,0.0
792.299,28.22,1029.201,37.005,9.31,0.0,0.0,0.0,0.0,0.0
792.452,28.23,1029.198,36.994,9.41,0.0,0.0,0.0,0.0,0.0
792.514,28.22,1029.189,37.039,9.49,0.0,0.0,0.0,0.0,0.0
792.654,28.21,1029.169,37.083,9.55,0.0,0.0,0.0,0.0,0.0
792.767,28.21,1029.183,37.05,9.47,0.0,0.0,0.0,0.0,0.0
792.854,28.25,1029.323,37.155,9.56,0.0,0.0,0.0,0.0,0.0
792.961,28.26,1029.317,37.043,9.66,0.0,0.0,0.0,0.0,0.0
793.046,28.26,1029.325,37.009,9.68,0.0,0.0,0.0,0.0,0.0
793.179,28.28,1029.356,37.066,9.75,0.0,0.0,0.0,0.0,0.0
793.265,28.27,1029.357,36.998,9.66,0.0,0.0,0.0,0.0,0.0
793.497,28.28,1029.337,37.01,9.73,0.0,0.0,0.0,0.0,0.0
793.629,28.29,1029.297,37.056,9.68,0.0,0.0,0.0,0.0,0.0
793.736,28.2,1029.206,37.003,9.65,0.0,0.0,0.0,0.0,0.0
793.799,28.2,1029.199,37.083,9.6,0.0,0.0,0.0,0.0,0.0
793.911,28.22,1029.234,37.05,9.63,0.0,0.0,0.0,0.0,0.0
794.0,28.21,1029.235,37.05,9.51,0.0,0.0,0.0,0.0,0.0
794.122,28.21,1029.193,37.05,9.43,0.0,0.0,0.0,0.0,0.0
794.21,28.21,1029.231,37.038,9.43,0.0,0.0,0.0,0.0,0.0
794.353,28.23,1029.244,37.039,9.43,0.0,0.0,0.0,0.0,0.0
794.461,28.29,1029.302,37.078,9.39,0.0,0.0,0.0,0.0,0.0
794.603,28.23,1029.194,36.937,9.26,0.0,0.0,0.0,0.0,0.0
794.748,28.26,1029.253,37.019,9.21,0.0,0.0,0.0,0.0,0.0
794.898,28.29,1029.273,36.954,9.1,0.0,0.0,0.0,0.0,0.0
794.997,28.2,1029.097,37.094,8.98,0.0,0.0,0.0,0.0,0.0
795.106,28.21,1029.101,37.026,9.08,0.0,0.0,0.0,0.0,0.0
795.209,28.29,1029.302,37.021,9.05,0.0,0.0,0.0,0.0,0.0
795.312,28.29,1029.323,37.067,9.17,0.0,0.0,0.0,0.0,0.0
795.457,28.3,1029.275,37.045,9.17,0.0,0.0,0.0,0.0,0.0
795.606,28.28,1029.238,37.009,9.41,0.0,0.0,0.0,0.0,0.0
795.717,28.19,1029.135,37.082,9.37,0.0,0.0,0.0,0.0,0.0
795.902,28.28,1029.251,37.01,9.44,0.0,0.0,0.0,0.0,0.0
795.968,28.28,1029.256,37.032,9.52,0.0,0.0,0.0,0.0,0.0
796.105,28.22,1029.183,37.028,9.74,0.0,0.0,0.0,0.0,0.0
796.266,28.31,1029.297,37.034,9.74,0.0,0.0,0.0,0.0,0.0
796.358,28.25,1029.198,37.019,9.84,0.0,0.0,0.0,0.0,0.0
796.448,28.25,1029.262,37.041,9.82,0.0,0.0,0.0,0.0,0.0
796.557,28.26,1029.257,37.065,9.69,0.0,0.0,0.0,0.0,0.0
796.722,28.27,1029.301,37.111,9.76,0.0,0.0,0.0,0.0,0.0
796.848,28.31,1029.314,36.954,9.65,0.0,0.0,0.0,0.0,0.0
796.998,28.22,1029.182,37.017,9.49,0.0,0.0,0.0,0.0,0.0
797.161,28.2,1029.127,37.025,9.43,0.0,0.0,0.0,0.0,0.0
797.303,28.31,1029.368,37.022,9.42,0.0,0.0,0.0,0.0,0.0
797.41,28.31,1029.309,37.148,9.46,0.0,0.0,0.0,0.0,0.0
797.556,28.21,1029.174,36.981,9.65,0.0,0.0,0.0,0.0,0.0
797.691,28.24,1029.24,37.098,9.47,0.0,0.0,0.0,0.0,0.0
797.748,28.31,1029.33,37.013,9.5,0.0,0.0,0.0,0.0,0.0
797.866,28.29,1029.297,37.113,9.64,0.0,0.0,0.0,0.0,0.0
797.986,28.28,1029.279,36.988,9.62,0.0,0.0,0.0,0.0,0.0
798.111,28.26,1029.247,37.009,9.48,0.0,0.0,0.0,0.0,0.0
798.198,28.28,1029.221,37.01,9.52,0.0,0.0,0.0,0.0,0.0
798.352,28.24,1029.197,37.019,9.45,0.0,0.0,0.0,0.0,0.0
798.41,28.26,1029.249,37.02,9.4,0.0,0.0,0.0,0.0,0.0
798.543,28.28,1029.276,37.009,9.33,0.0,0.0,0.0,0.0,0.0
798.614,28.27,1029.239,36.952,9.29,0.0,0.0,0.0,0.0,0.0
798.701,28.28,1029.238,37.032,9.25,0.0,0.0,0.0,0.0,0.0
798.802,28.29,1029.257,36.954,9.31,0.0,0.0,0.0,0.0,0.0
798.921,28.3,1029.284,36.965,9.16,0.0,0.0,0.0,0.0,0.0
799.095,28.31,1029.295,36.943,9.07,0.0,0.0,0.0,0.0,0.0
799.169,28.32,1029.238,37.036,9.12,0.0,0.0,0.0,0.0,0.0
799.365,28.23,1029.148,36.88,9.26,0.0,0.0,0.0,0.0,0.0
799.446,28.25,1029.192,36.984,9.16,0.0,0.0,0.0,0.0,0.0
799.58,28.23,1029.13,37.063,9.21,0.0,0.0,0.0,0.0,0.0
799.668,28.23,1029.147,36.982,9.18,0.0,0.0,0.0,0.0,0.0
799.899,28.23,1029.168,37.039,9.35,0.0,0.0,0.0,0.0,0.0
800.009,28.22,1029.301,36.968,9.49,0.0,0.0,0.0,0.0,0.0
800.128,28.27,1029.232,36.975,9.49,0.0,0.0,0.0,0.0,0.0
800.198,28.27,1029.231,36.985,9.57,0.0,0.0,0.0,0.0,0.0
800.355,28.29,1029.261,36.977,9.59,0.0,0.0,0.0,0.0,0.0
800.397,28.28,1029.203,37.032,9.7,0.0,0.0,0.0,0.0,0.0
800.521,28.25,1029.18,36.984,9.76,0.0,0.0,0.0,0.0,0.0
800.65,28.26,1029.188,36.974,9.75,0.0,0.0,0.0,0.0,0.0
800.754,28.26,1029.191,36.996,9.89,0.0,0.0,0.0,0.0,0.0
800.887,28.31,1029.33,37.034,9.85,0.0,0.0,0.0,0.0,0.0
800.949,28.31,1029.338,36.968,9.63,0.0,0.0,0.0,0.0,0.0
801.06,28.33,1029.358,36.899,9.61,0.0,0.0,0.0,0.0,0.0
801.172,28.33,1029.344,37.104,9.65,0.0,0.0,0.0,0.0,0.0
801.253,28.33,1029.366,36.98,9.66,0.0,0.0,0.0,0.0,0.0
801.398,28.31,1029.29,36.91,9.64,0.0,0.0,0.0,0.0,0.0
801.512,28.34,1029.279,37.003,9.28,0.0,0.0,0.0,0.0,0.0
801.611,28.24,1029.158,36.916,9.32,0.0,0.0,0.0,0.0,0.0
801.811,28.24,1029.137,36.972,9.19,0.0,0.0,0.0,0.0,0.0
801.901,28.24,1029.154,36.973,9.22,0.0,0.0,0.0,0.0,0.0
802.029,28.26,1029.209,36.962,9.32,0.0,0.0,0.0,0.0,0.0
802.12,28.26,1029.183,36.975,9.36,0.0,0.0,0.0,0.0,0.0
802.285,28.28,1029.237,36.976,9.25,0.0,0.0,0.0,0.0,0.0
802.386,28.34,1029.254,36.935,9.36,0.0,0.0,0.0,0.0,0.0
802.48,28.26,1029.121,37.02,9.45,0.0,0.0,0.0,0.0,0.0
802.583,28.27,1029.146,36.952,9.46,0.0,0.0,0.0,0.0,0.0
802.649,28.26,1029.085,37.053,9.36,0.0,0.0,0.0,0.0,0.0
802.753,28.27,1029.135,36.975,9.4,0.0,0.0,0.0,0.0,0.0
802.849,28.25,1029.069,36.984,9.41,0.0,0.0,0.0,0.0,0.0
802.956,28.27,1029.128,36.906,9.39,0.0,0.0,0.0,0.0,0.0
803.099,28.25,1029.076,36.927,9.27,0.0,0.0,0.0,0.0,0.0
803.209,28.25,1029.074,36.961,9.31,0.0,0.0,0.0,0.0,0.0
803.311,28.34,1029.244,36.878,9.27,0.0,0.0,0.0,0.0,0.0
803.4,28.34,1029.288,37.003,9.27,0.0,0.0,0.0,0.0,0.0
803.512,28.33,1029.242,36.865,9.17,0.0,0.0,0.0,0.0,0.0
803.599,28.32,1029.247,37.059,9.23,0.0,0.0,0.0,0.0,0.0
803.707,28.31,1029.228,36.853,9.19,0.0,0.0,0.0,0.0,0.0
803.849,28.34,1029.267,36.958,9.29,0.0,0.0,0.0,0.0,0.0
803.972,28.32,1029.242,36.956,9.44,0.0,0.0,0.0,0.0,0.0
804.063,28.27,1029.207,36.952,9.51,0.0,0.0,0.0,0.0,0.0
804.205,28.28,1029.248,36.965,9.5,0.0,0.0,0.0,0.0,0.0
804.347,28.35,1029.281,36.947,9.62,0.0,0.0,0.0,0.0,0.0
804.471,28.29,1029.174,36.919,9.5,0.0,0.0,0.0,0.0,0.0
804.599,28.3,1029.282,36.966,9.65,0.0,0.0,0.0,0.0,0.0
804.731,28.35,1029.289,36.89,9.72,0.0,0.0,0.0,0.0,0.0
804.815,28.26,1029.16,36.928,9.6,0.0,0.0,0.0,0.0,0.0
804.927,28.26,1029.158,36.928,9.57,0.0,0.0,0.0,0.0,0.0
805.009,28.26,1029.182,36.963,9.57,0.0,0.0,0.0,0.0,0.0
805.1,28.26,1029.179,36.996,9.56,0.0,0.0,0.0,0.0,0.0
805.249,28.26,1029.169,36.859,9.56,0.0,0.0,0.0,0.0,0.0
805.321,28.25,1029.156,36.995,9.45,0.0,0.0,0.0,0.0,0.0
805.455,28.26,1029.165,36.939,9.45,0.0,0.0,0.0,0.0,0.0
805.552,28.27,1029.18,37.021,9.38,0.0,0.0,0.0,0.0,0.0
805.678,28.35,1029.326,36.97,9.34,0.0,0.0,0.0,0.0,0.0
805.763,28.34,1029.293,36.924,9.46,0.0,0.0,0.0,0.0,0.0
805.848,28.32,1029.245,36.934,9.47,0.0,0.0,0.0,0.0,0.0
805.957,28.32,1029.267,36.865,9.38,0.0,0.0,0.0,0.0,0.0
806.05,28.32,1029.297,36.991,9.41,0.0,0.0,0.0,0.0,0.0
806.155,28.32,1029.245,36.934,9.53,0.0,0.0,0.0,0.0,0.0
806.302,28.29,1029.195,36.977,9.51,0.0,0.0,0.0,0.0,0.0
806.428,28.32,1029.264,36.956,9.48,0.0,0.0,0.0,0.0,0.0
806.512,28.32,1029.322,36.956,9.56,0.0,0.0,0.0,0.0,0.0
806.6,28.32,1029.304,36.979,9.55,0.0,0.0,0.0,0.0,0.0
806.74,28.32,1029.285,36.876,9.55,0.0,0.0,0.0,0.0,0.0
806.797,28.33,1029.308,37.037,9.56,0.0,0.0,0.0,0.0,0.0
806.929,28.35,1029.299,37.003,9.54,0.0,0.0,0.0,0.0,0.0
807.011,28.34,1029.319,36.924,9.67,0.0,0.0,0.0,0.0,0.0
807.152,28.36,1029.313,36.972,9.6,0.0,0.0,0.0,0.0,0.0
807.261,28.36,1029.295,36.914,9.7,0.0,0.0,0.0,0.0,0.0
807.349,28.27,1029.125,36.951,9.72,0.0,0.0,0.0,0.0,0.0
807.462,28.28,1029.17,36.918,9.66,0.0,0.0,0.0,0.0,0.0
807.547,28.26,1029.118,36.917,9.66,0.0,0.0,0.0,0.0,0.0
807.705,28.28,1029.151,36.872,9.66,0.0,0.0,0.0,0.0,0.0
807.816,28.27,1029.088,36.952,9.63,0.0,0.0,0.0,0.0,0.0
807.907,28.29,1029.183,36.977,9.56,0.0,0.0,0.0,0.0,0.0
808.019,28.37,1029.24,36.924,9.53,0.0,0.0,0.0,0.0,0.0
808.106,28.31,1029.103,36.91,9.59,0.0,0.0,0.0,0.0,0.0
808.21,28.31,1029.117,36.899,9.5,0.0,0.0,0.0,0.0,0.0
808.302,28.3,1029.082,36.942,9.36,0.0,0.0,0.0,0.0,0.0
808.457,28.32,1029.127,36.944,9.29,0.0,0.0,0.0,0.0,0.0
808.515,28.29,1029.068,36.977,9.36,0.0,0.0,0.0,0.0,0.0
808.685,28.3,1029.056,36.874,9.02,0.0,0.0,0.0,0.0,0.0
808.767,28.3,1029.051,36.999,8.94,0.0,0.0,0.0,0.0,0.0
809.0,28.35,1029.171,36.867,8.77,0.0,0.0,0.0,0.0,0.0
809.125,28.37,1029.197,36.994,8.62,0.0,0.0,0.0,0.0,0.0
809.353,28.28,1029.027,36.94,8.84,0.0,0.0,0.0,0.0,0.0
809.499,28.37,1029.24,36.938,8.78,0.0,0.0,0.0,0.0,0.0
809.607,28.38,1029.212,36.893,8.92,0.0,0.0,0.0,0.0,0.0
809.71,28.3,1029.106,36.931,9.08,0.0,0.0,0.0,0.0,0.0
809.798,28.28,1029.074,36.861,9.29,0.0,0.0,0.0,0.0,0.0
809.999,28.3,1029.185,36.92,9.38,0.0,0.0,0.0,0.0,0.0
810.156,28.31,1029.175,36.909,9.67,0.0,0.0,0.0,0.0,0.0
810.208,28.32,1029.236,36.899,9.73,0.0,0.0,0.0,0.0,0.0
810.371,28.32,1029.289,36.934,9.8,0.0,0.0,0.0,0.0,0.0
810.464,28.38,1029.339,36.938,10.0,0.0,0.0,0.0,0.0,0.0
810.546,28.33,1029.235,36.819,10.04,0.0,0.0,0.0,0.0,0.0
810.695,28.29,1029.214,36.852,9.99,0.0,0.0,0.0,0.0,0.0
810.769,28.31,1029.235,36.943,10.09,0.0,0.0,0.0,0.0,0.0
810.855,28.31,1029.271,36.968,10.13,0.0,0.0,0.0,0.0,0.0
811.0,28.28,1029.181,36.794,10.24,0.0,0.0,0.0,0.0,0.0
811.151,28.29,1029.211,36.874,10.2,0.0,0.0,0.0,0.0,0.0
811.218,28.39,1029.424,36.813,10.19,0.0,0.0,0.0,0.0,0.0
811.412,28.39,1029.391,36.858,10.01,0.0,0.0,0.0,0.0,0.0
811.5,28.39,1029.385,36.927,9.83,0.0,0.0,0.0,0.0,0.0
811.607,28.38,1029.32,36.95,9.74,0.0,0.0,0.0,0.0,0.0
811.716,28.37,1029.304,36.857,9.72,0.0,0.0,0.0,0.0,0.0
811.839,28.37,1029.311,36.869,9.66,0.0,0.0,0.0,0.0,0.0
811.916,28.35,1029.231,36.913,9.27,0.0,0.0,0.0,0.0,0.0
812.081,28.37,1029.24,36.915,8.9,0.0,0.0,0.0,0.0,0.0
812.168,28.33,1029.156,36.889,8.91,0.0,0.0,0.0,0.0,0.0
812.245,28.34,1029.19,36.89,8.84,0.0,0.0,0.0,0.0,0.0
812.359,28.35,1029.203,36.891,8.96,0.0,0.0,0.0,0.0,0.0
812.449,28.34,1029.179,36.924,8.84,0.0,0.0,0.0,0.0,0.0
812.661,28.35,1029.156,36.913,9.12,0.0,0.0,0.0,0.0,0.0
812.747,28.37,1029.231,36.893,9.03,0.0,0.0,0.0,0.0,0.0
812.927,28.37,1029.161,36.938,9.09,0.0,0.0,0.0,0.0,0.0
812.999,28.4,1029.161,36.734,9.37,0.0,0.0,0.0,0.0,0.0
813.131,28.3,1029.005,36.92,9.42,0.0,0.0,0.0,0.0,0.0
813.2,28.3,1029.013,36.875,9.39,0.0,0.0,0.0,0.0,0.0
813.36,28.29,1029.038,36.886,9.47,0.0,0.0,0.0,0.0,0.0
813.525,28.39,1029.227,36.883,9.37,0.0,0.0,0.0,0.0,0.0
813.662,28.4,1029.163,36.859,9.3,0.0,0.0,0.0,0.0,0.0
813.804,28.4,1029.186,36.757,9.24,0.0,0.0,0.0,0.0,0.0
813.967,28.37,1029.123,36.854,9.16,0.0,0.0,0.0,0.0,0.0
814.059,28.4,1029.167,36.826,9.13,0.0,0.0,0.0,0.0,0.0
814.165,28.35,1029.07,36.855,9.1,0.0,0.0,0.0,0.0,0.0
814.255,28.35,1029.096,36.867,8.99,0.0,0.0,0.0,0.0,0.0
814.435,28.35,1029.12,36.879,9.27,0.0,0.0,0.0,0.0,0.0
814.547,28.34,1029.078,36.878,9.35,0.0,0.0,0.0,0.0,0.0
814.612,28.39,1029.228,36.893,9.34,0.0,0.0,0.0,0.0,0.0
814.701,28.38,1029.23,36.938,9.39,0.0,0.0,0.0,0.0,0.0
814.807,28.37,1029.238,36.79,9.58,0.0,0.0,0.0,0.0,0.0
814.921,28.39,1029.245,36.848,9.49,0.0,0.0,0.0,0.0,0.0
815.003,28.4,1029.252,36.905,9.55,0.0,0.0,0.0,0.0,0.0
815.11,28.41,1029.311,36.918,9.59,0.0,0.0,0.0,0.0,0.0
815.384,28.41,1029.281,36.884,9.59,0.0,0.0,0.0,0.0,0.0
815.448,28.32,1029.163,36.888,9.75,0.0,0.0,0.0,0.0,0.0
815.581,28.32,1029.159,36.785,9.68,0.0,0.0,0.0,0.0,0.0
815.649,28.32,1029.155,36.797,9.61,0.0,0.0,0.0,0.0,0.0
815.775,28.33,1029.202,36.808,9.64,0.0,0.0,0.0,0.0,0.0
815.86,28.33,1029.199,36.854,9.59,0.0,0.0,0.0,0.0,0.0
815.948,28.32,1029.158,36.854,9.6,0.0,0.0,0.0,0.0,0.0
816.109,28.34,1029.218,36.844,9.68,0.0,0.0,0.0,0.0,0.0
816.2,28.42,1029.292,36.861,9.67,0.0,0.0,0.0,0.0,0.0
816.311,28.38,1029.205,36.824,9.56,0.0,0.0,0.0,0.0,0.0
816.399,28.37,1029.194,36.846,9.58,0.0,0.0,0.0,0.0,0.0
816.559,28.35,1029.174,36.901,9.47,0.0,0.0,0.0,0.0,0.0
816.697,28.39,1029.284,36.927,9.26,0.0,0.0,0.0,0.0,0.0
816.827,28.42,1029.274,36.804,9.19,0.0,0.0,0.0,0.0,0.0
816.975,28.33,1029.118,36.786,9.12,0.0,0.0,0.0,0.0,0.0
817.061,28.33,1029.159,36.89,9.25,0.0,0.0,0.0,0.0,0.0
817.168,28.42,1029.33,36.747,9.19,0.0,0.0,0.0,0.0,0.0
817.255,28.42,1029.386,36.816,9.2,0.0,0.0,0.0,0.0,0.0
817.398,28.43,1029.346,36.852,9.35,0.0,0.0,0.0,0.0,0.0
817.562,28.4,1029.274,36.814,9.48,0.0,0.0,0.0,0.0,0.0
817.65,28.34,1029.189,36.912,9.44,0.0,0.0,0.0,0.0,0.0
817.811,28.4,1029.284,36.849,9.74,0.0,0.0,0.0,0.0,0.0
817.899,28.4,1029.286,36.838,9.72,0.0,0.0,0.0,0.0,0.0
818.007,28.33,1029.187,36.832,9.6,0.0,0.0,0.0,0.0,0.0
818.102,28.35,1029.229,36.832,9.79,0.0,0.0,0.0,0.0,0.0
818.238,28.37,1029.262,36.835,9.73,0.0,0.0,0.0,0.0,0.0
818.312,28.38,1029.269,36.824,9.74,0.0,0.0,0.0,0.0,0.0
818.453,28.39,1029.238,36.802,9.71,0.0,0.0,0.0,0.0,0.0
818.579,28.43,1029.297,36.84,9.8,0.0,0.0,0.0,0.0,0.0
818.647,28.37,1029.156,36.835,9.57,0.0,0.0,0.0,0.0,0.0
818.76,28.35,1029.139,36.822,9.66,0.0,0.0,0.0,0.0,0.0
818.847,28.35,1029.106,36.924,9.74,0.0,0.0,0.0,0.0,0.0
819.003,28.34,1029.103,36.9,9.66,0.0,0.0,0.0,0.0,0.0
819.059,28.36,1029.169,36.755,9.53,0.0,0.0,0.0,0.0,0.0
819.31,28.34,1029.075,36.707,9.61,0.0,0.0,0.0,0.0,0.0
819.398,28.34,1029.087,36.832,9.46,0.0,0.0,0.0,0.0,0.0
819.512,28.44,1029.266,36.807,9.37,0.0,0.0,0.0,0.0,0.0
819.599,28.42,1029.213,36.713,9.24,0.0,0.0,0.0,0.0,0.0
819.746,28.39,1029.15,36.883,9.34,0.0,0.0,0.0,0.0,0.0
819.813,28.43,1029.182,36.862,9.32,0.0,0.0,0.0,0.0,0.0
819.898,28.42,1029.19,36.839,9.23,0.0,0.0,0.0,0.0,0.0
820.012,28.43,1029.172,36.858,8.99,0.0,0.0,0.0,0.0,0.0
820.171,28.39,1029.11,36.803,9.08,0.0,0.0,0.0,0.0,0.0
820.266,28.39,1029.097,36.813,8.9,0.0,0.0,0.0,0.0,0.0
820.346,28.37,1029.09,36.812,8.89,0.0,0.0,0.0,0.0,0.0
820.498,28.4,1029.163,36.803,8.96,0.0,0.0,0.0,0.0,0.0
820.572,28.39,1029.116,36.813,8.93,0.0,0.0,0.0,0.0,0.0
820.697,28.41,1029.199,36.861,9.06,0.0,0.0,0.0,0.0,0.0
820.851,28.43,1029.215,36.852,9.19,0.0,0.0,0.0,0.0,0.0
821.012,28.44,1029.239,36.966,9.26,0.0,0.0,0.0,0.0,0.0
821.099,28.42,1029.179,36.85,9.37,0.0,0.0,0.0,0.0,0.0
821.206,28.37,1029.113,36.801,9.48,0.0,0.0,0.0,0.0,0.0
821.3,28.35,1029.108,36.8,9.57,0.0,0.0,0.0,0.0,0.0
821.404,28.35,1029.113,36.776,9.6,0.0,0.0,0.0,0.0,0.0
821.53,28.36,1029.123,36.812,9.63,0.0,0.0,0.0,0.0,0.0
821.655,28.35,1029.108,36.821,9.77,0.0,0.0,0.0,0.0,0.0
821.782,28.35,1029.135,36.788,9.76,0.0,0.0,0.0,0.0,0.0
821.85,28.45,1029.292,36.898,9.74,0.0,0.0,0.0,0.0,0.0
821.965,28.44,1029.284,36.771,9.78,0.0,0.0,0.0,0.0,0.0
822.047,28.42,1029.258,36.783,9.85,0.0,0.0,0.0,0.0,0.0
822.196,28.39,1029.19,36.814,9.59,0.0,0.0,0.0,0.0,0.0
822.262,28.42,1029.21,36.815,9.65,0.0,0.0,0.0,0.0,0.0
822.348,28.4,1029.176,36.77,9.5,0.0,0.0,0.0,0.0,0.0
822.509,28.39,1029.185,36.79,9.58,0.0,0.0,0.0,0.0,0.0
822.604,28.4,1029.182,36.859,9.67,0.0,0.0,0.0,0.0,0.0
822.76,28.44,1029.309,36.886,9.41,0.0,0.0,0.0,0.0,0.0
822.903,28.46,1029.292,36.854,9.39,0.0,0.0,0.0,0.0,0.0
823.013,28.37,1029.15,36.869,9.45,0.0,0.0,0.0,0.0,0.0
823.156,28.46,1029.351,36.705,9.39,0.0,0.0,0.0,0.0,0.0
823.261,28.46,1029.252,36.797,9.48,0.0,0.0,0.0,0.0,0.0
823.435,28.37,1029.155,36.869,9.28,0.0,0.0,0.0,0.0,0.0
823.548,28.46,1029.297,36.705,9.46,0.0,0.0,0.0,0.0,0.0
823.657,28.44,1029.238,36.817,9.56,0.0,0.0,0.0,0.0,0.0
823.765,28.38,1029.184,36.79,9.42,0.0,0.0,0.0,0.0,0.0
823.872,28.37,1029.161,36.801,9.45,0.0,0.0,0.0,0.0,0.0
823.984,28.37,1029.109,36.789,9.39,0.0,0.0,0.0,0.0,0.0
824.048,28.37,1029.165,36.789,9.48,0.0,0.0,0.0,0.0,0.0
824.21,28.38,1029.19,36.779,9.46,0.0,0.0,0.0,0.0,0.0
824.301,28.47,1029.254,36.797,9.46,0.0,0.0,0.0,0.0,0.0
824.458,28.42,1029.178,36.884,9.47,0.0,0.0,0.0,0.0,0.0
824.603,28.41,1029.216,36.77,9.39,0.0,0.0,0.0,0.0,0.0
824.715,28.47,1029.26,36.774,9.28,0.0,0.0,0.0,0.0,0.0
824.858,28.38,1029.114,36.802,9.49,0.0,0.0,0.0,0.0,0.0
824.967,28.36,1029.068,36.721,9.53,0.0,0.0,0.0,0.0,0.0
825.048,28.45,1029.254,36.91,9.54,0.0,0.0,0.0,0.0,0.0
825.172,28.47,1029.3,36.797,9.54,0.0,0.0,0.0,0.0,0.0
825.249,28.47,1029.28,36.809,9.58,0.0,0.0,0.0,0.0,0.0
825.355,28.48,1029.256,36.719,9.72,0.0,0.0,0.0,0.0,0.0
825.46,28.45,1029.238,36.808,9.69,0.0,0.0,0.0,0.0,0.0
825.609,28.47,1029.234,36.729,9.56,0.0,0.0,0.0,0.0,0.0
825.736,28.46,1029.194,36.763,9.61,0.0,0.0,0.0,0.0,0.0
825.828,28.38,1029.07,36.756,9.51,0.0,0.0,0.0,0.0,0.0
825.931,28.38,1029.08,36.767,9.48,0.0,0.0,0.0,0.0,0.0
825.999,28.39,1029.098,36.78,9.21,0.0,0.0,0.0,0.0,0.0
826.124,28.39,1029.085,36.779,9.19,0.0,0.0,0.0,0.0,0.0
826.223,28.41,1029.13,36.781,9.23,0.0,0.0,0.0,0.0,0.0
826.303,28.4,1029.126,36.758,8.93,0.0,0.0,0.0,0.0,0.0
826.41,28.44,1029.178,36.76,8.86,0.0,0.0,0.0,0.0,0.0
826.554,28.42,1029.099,36.794,8.84,0.0,0.0,0.0,0.0,0.0
826.663,28.48,1029.148,36.844,8.81,0.0,0.0,0.0,0.0,0.0
826.827,28.4,1029.067,36.804,8.83,0.0,0.0,0.0,0.0,0.0
826.973,28.46,1029.204,36.808,8.89,0.0,0.0,0.0,0.0,0.0
827.097,28.48,1029.195,36.775,9.04,0.0,0.0,0.0,0.0,0.0
827.161,28.39,1029.075,36.699,9.05,0.0,0.0,0.0,0.0,0.0
827.247,28.38,1029.078,36.711,9.08,0.0,0.0,0.0,0.0,0.0
827.409,28.41,1029.137,36.747,9.33,0.0,0.0,0.0,0.0,0.0
827.501,28.39,1029.077,36.665,9.45,0.0,0.0,0.0,0.0,0.0
827.659,28.49,1029.288,36.787,9.44,0.0,0.0,0.0,0.0,0.0
827.805,28.49,1029.278,36.707,9.59,0.0,0.0,0.0,0.0,0.0
827.933,28.39,1029.16,36.745,9.69,0.0,0.0,0.0,0.0,0.0
828.077,28.42,1029.222,36.759,9.76,0.0,0.0,0.0,0.0,0.0
828.18,28.44,1029.265,36.75,9.99,0.0,0.0,0.0,0.0,0.0
828.248,28.42,1029.253,36.76,10.03,0.0,0.0,0.0,0.0,0.0
828.363,28.42,1029.267,36.76,10.04,0.0,0.0,0.0,0.0,0.0
828.447,28.43,1029.32,36.783,10.03,0.0,0.0,0.0,0.0,0.0
828.559,28.44,1029.293,36.715,10.06,0.0,0.0,0.0,0.0,0.0
828.66,28.44,1029.307,36.783,10.07,0.0,0.0,0.0,0.0,0.0
828.748,28.47,1029.37,36.729,9.96,0.0,0.0,0.0,0.0,0.0
828.915,28.47,1029.367,36.82,9.95,0.0,0.0,0.0,0.0,0.0
829.007,28.5,1029.341,36.731,9.91,0.0,0.0,0.0,0.0,0.0
829.11,28.39,1029.202,36.62,9.81,0.0,0.0,0.0,0.0,0.0
829.2,28.41,1029.172,36.702,9.76,0.0,0.0,0.0,0.0,0.0
829.304,28.4,1029.163,36.746,9.79,0.0,0.0,0.0,0.0,0.0
829.419,28.4,1029.174,36.678,9.69,0.0,0.0,0.0,0.0,0.0
829.504,28.4,1029.172,36.746,9.6,0.0,0.0,0.0,0.0,0.0
829.672,28.4,1029.138,36.724,9.41,0.0,0.0,0.0,0.0,0.0
829.861,28.5,1029.286,36.742,9.3,0.0,0.0,0.0,0.0,0.0
829.948,28.46,1029.22,36.695,9.11,0.0,0.0,0.0,0.0,0.0
830.086,28.47,1029.204,36.683,9.11,0.0,0.0,0.0,0.0,0.0
830.198,28.43,1029.093,36.715,9.09,0.0,0.0,0.0,0.0,0.0
830.359,28.43,1029.131,36.737,9.0,0.0,0.0,0.0,0.0,0.0
830.449,28.5,1029.222,36.698,8.98,0.0,0.0,0.0,0.0,0.0
830.609,28.45,1029.13,36.716,9.07,0.0,0.0,0.0,0.0,0.0
830.701,28.43,1029.053,36.737,9.0,0.0,0.0,0.0,0.0,0.0
830.805,28.47,1029.179,36.752,9.08,0.0,0.0,0.0,0.0,0.0
830.899,28.48,1029.193,36.719,9.04,0.0,0.0,0.0,0.0,0.0
831.029,28.49,1029.177,36.878,9.04,0.0,0.0,0.0,0.0,0.0
831.121,28.5,1029.233,36.822,9.09,0.0,0.0,0.0,0.0,0.0
831.199,28.51,1029.243,36.767,9.17,0.517,0.03,39.1,0.0,0.0
831.325,28.51,1029.24,36.823,9.23,0.0,0.0,0.0,0.0,0.0
831.448,28.49,1029.221,36.867,9.27,0.0,0.0,0.0,0.0,0.0
831.562,28.49,1029.195,36.719,9.39,0.0,0.0,0.0,0.0,0.0
831.649,28.41,1029.084,36.622,9.45,0.0,0.0,0.0,0.0,0.0
831.777,28.41,1029.111,36.656,9.48,0.0,0.0,0.0,0.0,0.0
831.861,28.41,1029.118,36.725,9.54,0.0,0.0,0.0,0.0,0.0
831.952,28.42,1029.111,36.726,9.62,0.0,0.0,0.0,0.0,0.0
832.065,28.42,1029.121,36.713,9.74,0.0,0.0,0.0,0.0,0.0
832.147,28.44,1029.172,36.715,9.68,0.0,0.0,0.0,0.0,0.0
832.34,28.45,1029.195,36.705,9.82,0.0,0.0,0.0,0.0,0.0
832.401,28.51,1029.256,36.721,9.82,0.0,0.0,0.0,0.0,0.0
832.548,28.42,1029.088,36.726,9.78,0.0,0.0,0.0,0.0,0.0
832.622,28.44,1029.144,36.681,9.84,0.0,0.0,0.0,0.0,0.0
832.704,28.44,1029.129,36.67,9.79,0.0,0.0,0.0,0.0,0.0
832.814,28.43,1029.061,36.726,9.75,0.0,0.0,0.0,0.0,0.0
832.979,28.43,1029.089,36.635,9.57,0.0,0.0,0.0,0.0,0.0
833.064,28.42,1029.077,36.668,9.57,0.0,0.0,0.0,0.0,0.0
833.149,28.5,1029.259,36.721,9.43,0.0,0.0,0.0,0.0,0.0
833.258,28.53,1029.299,36.711,9.27,0.0,0.0,0.0,0.0,0.0
833.373,28.52,1029.303,36.653,9.25,0.0,0.0,0.0,0.0,0.0
833.462,28.49,1029.228,36.765,9.16,0.0,0.0,0.0,0.0,0.0
833.56,28.52,1029.266,36.677,9.07,0.0,0.0,0.0,0.0,0.0
833.649,28.52,1029.241,36.653,9.01,0.0,0.0,0.0,0.0,0.0
833.81,28.52,1029.231,36.732,9.11,0.0,0.0,0.0,0.0,0.0
833.902,28.5,1029.177,36.687,9.15,0.0,0.0,0.0,0.0,0.0
834.012,28.43,1029.112,36.703,9.14,0.0,0.0,0.0,0.0,0.0
834.12,28.44,1029.155,36.692,9.11,0.0,0.0,0.0,0.0,0.0
834.205,28.44,1029.14,36.692,9.23,0.0,0.0,0.0,0.0,0.0
834.331,28.46,1029.179,36.683,9.21,0.0,0.0,0.0,0.0,0.0
834.472,28.48,1029.207,36.729,9.33,0.0,0.0,0.0,0.0,0.0
834.562,28.53,1029.28,36.678,9.45,0.0,0.0,0.0,0.0,0.0
834.649,28.47,1029.168,36.695,9.46,0.0,0.0,0.0,0.0,0.0
834.764,28.46,1029.138,36.717,9.41,0.0,0.0,0.0,0.0,0.0
834.85,28.46,1029.14,36.751,9.37,0.0,0.0,0.0,0.0,0.0
834.957,28.44,1029.101,36.828,9.53,0.0,0.0,0.0,0.0,0.0
835.151,28.45,1029.153,36.682,9.5,0.0,0.0,0.0,0.0,0.0
835.26,28.46,1029.187,36.705,9.57,0.0,0.0,0.0,0.0,0.0
835.351,28.44,1029.153,36.681,9.67,0.0,0.0,0.0,0.0,0.0
835.516,28.44,1029.162,36.657,9.68,0.0,0.0,0.0,0.0,0.0
835.6,28.44,1029.169,36.795,9.72,0.0,0.0,0.0,0.0,0.0
835.769,28.54,1029.321,36.654,9.8,0.0,0.0,0.0,0.0,0.0
835.822,28.52,1029.283,36.688,9.76,0.0,0.0,0.0,0.0,0.0
836.012,28.48,1029.19,36.639,9.75,0.0,0.0,0.0,0.0,0.0
836.099,28.51,1029.268,36.619,9.76,0.0,0.0,0.0,0.0,0.0
836.23,28.5,1029.252,36.687,9.73,0.0,0.0,0.0,0.0,0.0
836.369,28.5,1029.217,36.697,9.63,0.0,0.0,0.0,0.0,0.0
836.457,28.48,1029.199,36.673,9.58,0.0,0.0,0.0,0.0,0.0
836.566,28.49,1029.224,36.661,9.63,0.0,0.0,0.0,0.0,0.0
836.761,28.5,1029.24,36.651,9.61,0.0,0.0,0.0,0.0,0.0
836.849,28.51,1029.242,36.664,9.46,0.0,0.0,0.0,0.0,0.0
837.016,28.52,1029.243,36.665,9.44,0.0,0.0,0.0,0.0,0.0
837.102,28.54,1029.226,36.735,9.33,0.0,0.0,0.0,0.0,0.0
837.21,28.45,1029.096,36.659,9.37,0.0,0.0,0.0,0.0,0.0
837.301,28.46,1029.093,36.637,9.27,0.0,0.0,0.0,0.0,0.0
837.481,28.44,1029.062,36.602,9.14,0.0,0.0,0.0,0.0,0.0
837.598,28.54,1029.235,36.678,9.25,0.0,0.0,0.0,0.0,0.0
837.731,28.54,1029.186,36.644,9.21,0.0,0.0,0.0,0.0,0.0
837.85,28.46,1029.055,36.694,9.09,0.0,0.0,0.0,0.0,0.0
837.976,28.45,1029.057,36.625,9.09,0.0,0.0,0.0,0.0,0.0
838.051,28.55,1029.202,36.641,9.15,0.0,0.0,0.0,0.0,0.0
838.157,28.47,1029.045,36.66,9.24,0.0,0.0,0.0,0.0,0.0
838.316,28.49,1029.081,36.64,9.18,0.0,0.0,0.0,0.0,0.0
838.466,28.49,1029.11,36.695,9.12,0.0,0.0,0.0,0.0,0.0
838.61,28.55,1029.152,36.701,9.22,0.0,0.0,0.0,0.0,0.0
838.732,28.47,1029.053,36.684,9.21,0.0,0.0,0.0,0.0,0.0
838.802,28.53,1029.183,36.608,9.1,0.0,0.0,0.0,0.0,0.0
838.952,28.53,1029.185,36.688,9.14,0.0,0.0,0.0,0.0,0.0
839.02,28.53,1029.197,36.654,9.24,0.0,0.0,0.0,0.0,0.0
839.144,28.53,1029.221,36.632,9.28,0.0,0.0,0.0,0.0,0.0
839.215,28.55,1029.248,36.701,9.22,0.0,0.0,0.0,0.0,0.0
839.3,28.56,1029.257,36.599,9.31,0.0,0.0,0.0,0.0,0.0
839.449,28.56,1029.27,36.713,9.35,0.0,0.0,0.0,0.0,0.0
839.55,28.56,1029.257,36.633,9.49,0.0,0.0,0.0,0.0,0.0
839.658,28.56,1029.24,36.622,9.61,0.0,0.0,0.0,0.0,0.0
839.788,28.46,1029.102,36.626,9.65,0.0,0.0,0.0,0.0,0.0
839.86,28.47,1029.144,36.671,9.61,0.0,0.0,0.0,0.0,0.0
839.983,28.46,1029.143,36.648,9.69,0.0,0.0,0.0,0.0,0.0
840.048,28.47,1029.115,36.638,9.74,0.0,0.0,0.0,0.0,0.0
840.228,28.48,1029.171,36.65,9.78,0.0,0.0,0.0,0.0,0.0
840.302,28.56,1029.276,36.623,9.78,0.0,0.0,0.0,0.0,0.0
840.41,28.53,1029.213,36.608,9.71,0.0,0.0,0.0,0.0,0.0
840.501,28.5,1029.151,36.617,9.76,0.0,0.0,0.0,0.0,0.0
840.632,28.5,1029.171,36.641,9.81,0.0,0.0,0.0,0.0,0.0
840.713,28.49,1029.169,36.65,9.71,0.0,0.0,0.0,0.0,0.0
840.799,28.48,1029.124,36.661,9.63,0.0,0.0,0.0,0.0,0.0
840.913,28.49,1029.173,36.753,9.62,0.0,0.0,0.0,0.0,0.0
841.049,28.47,1029.137,36.66,9.63,0.0,0.0,0.0,0.0,0.0
841.164,28.52,1029.217,36.664,9.41,0.0,0.0,0.0,0.0,0.0
841.249,28.56,1029.276,36.633,9.38,0.0,0.0,0.0,0.0,0.0
841.359,28.57,1029.307,36.623,9.41,0.0,0.0,0.0,0.0,0.0
841.463,28.57,1029.302,36.646,9.39,0.0,0.0,0.0,0.0,0.0
841.551,28.57,1029.284,36.702,9.31,0.0,0.0,0.0,0.0,0.0
841.662,28.56,1029.271,36.68,9.28,0.0,0.0,0.0,0.0,0.0
841.795,28.56,1029.278,36.736,9.37,0.0,0.0,0.0,0.0,0.0
842.001,28.54,1029.181,36.62,9.27,0.0,0.0,0.0,0.0,0.0
842.125,28.47,1029.108,36.626,9.32,0.0,0.0,0.0,0.0,0.0
842.22,28.49,1029.145,36.627,9.37,0.0,0.0,0.0,0.0,0.0
842.355,28.51,1029.187,36.618,9.51,0.0,0.0,0.0,0.0,0.0
842.499,28.57,1029.221,36.589,9.47,0.0,0.0,0.0,0.0,0.0
842.608,28.53,1029.167,36.653,9.59,0.0,0.0,0.0,0.0,0.0
842.749,28.54,1029.233,36.632,9.65,0.0,0.0,0.0,0.0,0.0
842.892,28.58,1029.252,36.703,9.09,0.0,0.0,0.0,0.0,0.0
842.985,28.51,1029.145,36.527,7.73,0.0,0.0,0.0,0.0,0.0
843.057,28.51,1029.033,36.459,36.46,0.0,0.0,0.0,0.0,0.0
843.181,28.49,1028.894,36.628,28.17,0.0,0.0,0.0,0.0,0.0
843.297,28.5,1028.703,36.651,31.7,0.0,0.0,0.0,0.0,0.0
843.399,28.48,1028.413,36.57,22.5,0.0,0.0,0.0,0.0,0.0
843.45,28.5,1028.106,36.697,35.73,0.0,0.0,0.0,0.0,0.0
843.614,28.48,1027.724,36.673,3.88,0.0,0.0,0.0,0.0,0.0
843.7,28.48,1027.346,36.616,8.5,0.0,0.0,0.0,0.0,0.0
843.806,28.59,1027.105,36.557,26.41,0.0,0.0,0.0,0.0,0.0
843.914,28.58,1026.766,36.602,-6.19,0.0,0.0,0.0,0.0,0.0
844.0,28.56,1026.22,36.531,10.96,0.0,0.0,0.0,0.0,0.0
844.276,28.57,1024.191,36.555,16.11,0.0,0.0,0.0,0.0,0.0
844.365,28.54,1023.415,36.518,25.98,0.0,0.0,0.0,0.0,0.0
844.556,28.47,1021.907,36.501,25.08,0.0,0.0,0.0,0.0,0.0
844.701,28.5,1020.29,36.435,10.28,0.0,0.0,0.0,0.0,0.0
844.883,28.53,1019.604,36.426,11.99,0.0,0.0,0.0,0.0,0.0
844.951,28.46,1018.848,36.318,8.66,0.0,0.0,0.0,0.0,0.0
845.058,28.51,1018.425,36.345,6.98,0.0,0.0,0.0,0.0,0.0
845.168,28.53,1017.674,36.438,5.0,0.0,0.0,0.0,0.0,0.0
845.309,28.54,1016.485,36.325,2.54,0.0,0.0,0.0,0.0,0.0
845.423,28.55,1015.987,36.313,1.17,0.0,0.0,0.0,0.0,0.0
845.542,28.46,1015.206,36.182,0.38,0.0,0.0,0.0,0.0,0.0
845.615,28.46,1014.586,36.182,-0.11,0.0,0.0,0.0,0.0,0.0
845.7,28.46,1014.02,36.192,-0.46,0.0,0.0,0.0,0.0,0.0
845.921,28.48,1013.154,36.172,-0.84,0.0,0.0,0.0,0.0,0.0
846.024,28.47,1012.513,36.204,-0.96,0.0,0.0,0.0,0.0,0.0
846.188,28.48,1011.943,36.104,-1.09,0.0,0.0,0.0,0.0,0.0
846.259,28.55,1011.2,36.075,-1.02,0.0,0.0,0.0,0.0,0.0
846.38,28.52,1010.687,36.027,-1.06,0.0,0.0,0.0,0.0,0.0
846.453,28.51,1010.148,36.037,-1.02,0.0,0.0,0.0,0.0,0.0
846.561,28.52,1009.802,36.106,-1.12,0.0,0.0,0.0,0.0,0.0
847.081,28.54,1007.654,35.949,-0.93,0.0,0.0,0.0,0.0,0.0
847.201,28.56,1007.271,35.915,-0.85,0.0,0.0,0.0,0.0,0.0
847.331,28.47,1006.834,35.988,-0.79,0.0,0.0,0.0,0.0,0.0
847.495,28.55,1006.226,35.995,-0.84,0.0,0.0,0.0,0.0,0.0
847.563,28.55,1005.819,35.983,-0.8,0.0,0.0,0.0,0.0,0.0
847.75,28.47,1005.352,35.931,-0.78,0.0,0.0,0.0,0.0,0.0
847.865,28.55,1004.941,35.938,-0.7,0.0,0.0,0.0,0.0,0.0
847.974,28.54,1004.571,35.914,-0.65,0.0,0.0,0.0,0.0,0.0
848.118,28.48,1004.209,35.841,-0.58,0.0,0.0,0.0,0.0,0.0
848.207,28.47,1003.939,35.802,-0.59,0.0,0.0,0.0,0.0,0.0
848.313,28.53,1003.456,35.901,-0.57,0.0,0.0,0.0,0.0,0.0
848.562,28.52,1002.974,35.891,-0.53,0.0,0.0,0.0,0.0,0.0
848.65,28.51,1002.74,35.843,-0.48,0.0,0.0,0.0,0.0,0.0
848.753,28.51,1002.559,35.877,-0.47,0.0,0.0,0.0,0.0,0.0
848.956,28.52,1002.179,35.81,-0.42,0.0,0.0,0.0,0.0,0.0
849.062,28.54,1002.039,35.857,-0.41,0.0,0.0,0.0,0.0,0.0
849.15,28.54,1001.879,35.834,-0.39,0.0,0.0,0.0,0.0,0.0
849.283,28.54,1001.701,35.868,-0.4,0.0,0.0,0.0,0.0,0.0
849.4,28.55,1001.475,35.87,-0.36,0.0,0.0,0.0,0.0,0.0
849.517,28.55,1001.25,35.756,-0.38,0.0,0.0,0.0,0.0,0.0
849.618,28.46,1001.002,35.771,-0.36,0.0,0.0,0.0,0.0,0.0
849.729,28.47,1000.895,35.816,-0.35,0.0,0.0,0.0,0.0,0.0
849.813,28.46,1000.718,35.771,-0.37,0.0,0.0,0.0,0.0,0.0
850.01,28.47,1000.595,35.84,-0.38,0.0,0.0,0.0,0.0,0.0
850.103,28.48,1000.522,35.829,-0.37,0.0,0.0,0.0,0.0,0.0
850.316,28.49,1000.448,35.83,-0.42,0.0,0.0,0.0,0.0,0.0
850.504,28.5,1000.378,35.843,-0.41,0.0,0.0,0.0,0.0,0.0
850.758,28.5,1000.289,35.854,-0.5,0.0,0.0,0.0,0.0,0.0
850.868,28.52,1000.332,35.856,-0.5,0.0,0.0,0.0,0.0,0.0
850.959,28.55,1000.345,35.847,-0.54,0.0,0.0,0.0,0.0,0.0
851.061,28.48,1000.277,35.875,-0.56,0.0,0.0,0.0,0.0,0.0
851.161,28.48,1000.297,35.933,-0.58,0.0,0.0,0.0,0.0,0.0
851.267,28.48,1000.347,35.864,-0.61,0.0,0.0,0.0,0.0,0.0
852.78,28.55,1002.205,35.858,-0.47,0.0,0.0,0.0,0.0,0.0
853.196,28.52,1002.966,35.867,-0.61,0.0,0.0,0.0,0.0,0.0
853.799,28.46,1004.662,35.953,-0.71,0.0,0.0,0.0,0.0,0.0
854.014,28.47,1005.289,35.919,-0.75,0.0,0.0,0.0,0.0,0.0
854.211,28.48,1005.953,35.921,-0.8,0.0,0.0,0.0,0.0,0.0
854.454,28.47,1006.654,35.919,-0.88,0.0,0.0,0.0,0.0,0.0
854.519,28.47,1007.01,35.92,-1.01,0.0,0.0,0.0,0.0,0.0
854.655,28.49,1007.797,35.922,-0.98,0.0,0.0,0.0,0.0,0.0
854.776,28.55,1008.232,35.881,-1.07,0.0,0.0,0.0,0.0,0.0
854.854,28.5,1008.606,35.798,-1.08,0.0,0.0,0.0,0.0,0.0
854.964,28.47,1008.917,35.852,-1.12,0.0,0.0,0.0,0.0,0.0
855.25,28.53,1010.253,35.97,-1.25,0.0,0.0,0.0,0.0,0.0
855.38,28.55,1010.722,35.904,-1.2,0.0,0.0,0.0,0.0,0.0
855.483,28.46,1011.113,35.953,-1.34,0.0,0.0,0.0,0.0,0.0
855.732,28.47,1012.076,36.0,-1.34,0.0,0.0,0.0,0.0,0.0
855.801,28.45,1012.452,35.93,-1.43,0.0,0.0,0.0,0.0,0.0
855.928,28.54,1013.137,35.926,-1.43,0.0,0.0,0.0,0.0,0.0
856.002,28.54,1013.622,35.868,-1.49,0.0,0.0,0.0,0.0,0.0
856.126,28.54,1014.157,35.822,-1.52,0.0,0.0,0.0,0.0,0.0
856.212,28.54,1014.69,35.846,-1.71,0.0,0.0,0.0,0.0,0.0
856.374,28.52,1015.704,35.946,-1.61,0.0,0.0,0.0,0.0,0.0
856.468,28.51,1016.23,35.877,-1.67,0.0,0.0,0.0,0.0,0.0
856.608,28.48,1017.368,35.864,-1.87,0.0,0.0,0.0,0.0,0.0
856.75,28.54,1017.983,35.868,-1.99,0.0,0.0,0.0,0.0,0.0
856.907,28.48,1018.478,35.898,-1.98,0.0,0.0,0.0,0.0,0.0
856.965,28.49,1019.186,35.898,-1.84,0.0,0.0,0.0,0.0,0.0
857.16,28.51,1020.42,35.866,-2.12,0.0,0.0,0.0,0.0,0.0
857.248,28.51,1020.84,35.786,-2.3,0.0,0.0,0.0,0.0,0.0
857.414,28.52,1022.16,35.878,-2.41,0.0,0.0,0.0,0.0,0.0
857.502,28.53,1022.822,35.925,-2.15,0.0,0.0,0.0,0.0,0.0
857.637,28.46,1023.4,35.691,-2.26,0.0,0.0,0.0,0.0,0.0
857.744,28.44,1023.968,35.86,-2.33,0.0,0.0,0.0,0.0,0.0
857.808,28.44,1024.614,35.713,-2.58,0.0,0.0,0.0,0.0,0.0
